sensor_id,blade_id,StartLap,EndLap,LapCount,PulseCount,WidePointCount,SelectedPointCount,xc_mm,xc_seed_mm,center_gap_mm,SelectedWidthMm,RMSE,BoundRatio,LocalXcMAD,PulseXcMAD,HalfTemplateRMSE,HalfXcShiftMm,HalfAmplitudeRelShift,LeftGradientRatio,RightGradientRatio,WidthDeficit,PointDeficit,IsStableCandidate,ChosenScore,Reason
1,1,1,20,20,20,248629,248629,-0.0286892517609653,-0.0152434631776538,0.0134457885833115,14.4980849149812,0.0317848931615722,0.0513047395347341,0.0133219698756727,0.00760968974730706,0.00533085950465026,0.00216364985306201,0,0.500411636062225,0.499588363937775,0,0,0,56.053296608913,static_fit_scored_candidate
1,1,2,21,20,20,248561,248561,-0.0284379526352525,-0.0152434631776538,0.0131944894575987,14.4943351404158,0.0315481466063356,0.0507716322556766,0.000251299125712787,0.00678613028521017,0.00628622050641872,0.00342277513994616,0.000639408563750961,0.500373780594503,0.499626219405497,0,0,1,0.520890511392435,static_fit_scored_candidate
1,1,3,22,20,20,248675,248675,-0.0278174305582128,-0.0127918145067782,0.0150256160514345,14.5007389705766,0.0312091876103936,0.0514886840708392,8.33833866979404e-05,0.00755411013184843,0.00629499810507131,0.00293982504264311,0,0.500519373915306,0.499480626084694,0,0,1,0.482261879585372,static_fit_scored_candidate
1,1,4,23,20,20,248622,248622,-0.0277340471715148,-0.0127918145067782,0.0149422326647366,14.4978345408996,0.030917748457004,0.052545208829397,8.33833866979404e-05,0.00755411013184843,0.00630960030076429,0.0014770429386693,0.000639408563750961,0.500476430441226,0.499523569558774,0,0,1,0.611221165871874,static_fit_scored_candidate
1,1,5,24,20,20,248587,248587,-0.0296719397956866,-0.0152434631776538,0.0144284766180327,14.4958123532898,0.0312737064226031,0.0525850000804544,0.000431572352213819,0.0118192299524429,0.00541308841222631,0.0122346253688005,0.000639408563750961,0.500407684429443,0.499592315570557,0,0,1,0.616475110827216,static_fit_scored_candidate
1,1,6,25,20,20,248518,248518,-0.0301035121479004,-0.0154804777971906,0.0146230343507098,14.4915949019771,0.0315868545608235,0.0523257685498149,1.98654985986493e-06,0.00931080995681655,0.0052979579947813,0.00979175726306832,0.000639408563750961,0.500388343679355,0.499611656320645,0,0,1,0.748044359201125,static_fit_scored_candidate
1,1,7,26,20,20,248715,248715,-0.0296699532458267,-0.015214285280888,0.0144556679649387,14.5032615502155,0.031097275932345,0.0476849096961997,0.000433558902073684,0.00675249449116289,0.00410153750042889,0.0121043627125794,0,0.500348929024951,0.499651070975049,0,0,1,0.0211420770299716,static_fit_scored_candidate
1,1,8,27,20,20,248844,248844,-0.0287699226981027,-0.0142419364929511,0.0145279862051517,14.511079174104,0.0312652961772272,0.0484962466444841,0.00029794734272744,0.00519827527722865,0.00460468396377067,0.0108709610953171,0.000639408563750961,0.500396779192183,0.499603220807817,0,0,1,0.12028503560458,static_fit_scored_candidate
1,1,9,28,20,20,248792,248792,-0.0290678700408302,-0.0142419364929511,0.0148259335478791,14.507550647882,0.0312136862912192,0.0482652175311103,0.00029794734272744,0.00519827527722865,0.00580520767747507,0.0125319699004083,0,0.500402735545173,0.499597264454827,0,0,1,0.0926014852041186,static_fit_scored_candidate
1,1,10,29,20,20,248725,248725,-0.0274138004708512,-0.010713214315501,0.0167005861553501,14.5039218513392,0.0313678136895099,0.0480203274259432,0.000822663966895499,0.00622080375709006,0.00610048220212099,0.0123279329762992,0.000639408563750961,0.500427976562183,0.499572023437817,0,0,1,0.677441826024253,static_fit_scored_candidate
1,1,11,30,20,20,248694,248694,-0.0265911365039557,-0.0105728903932063,0.0160182461107494,14.5022426975223,0.0316342769391491,0.0479300028951008,0.000822663966895499,0.00622080375709006,0.00365042030852624,0.00495688188101506,0,0.500401762132054,0.499598237867946,0,0,1,0.813024357197188,static_fit_scored_candidate
1,1,12,31,20,20,248671,248671,-0.0251348830613255,-0.00708842129471729,0.0180464617666082,14.5006061239291,0.0311316419194383,0.047822030626689,0.00131522173223953,0.00686296658490409,0.00525785439562495,0.00345369071986786,0.000639408563750961,0.500447815673861,0.499552184326139,0,0,1,2.15534654015299,static_fit_scored_candidate
1,1,13,32,20,20,248629,248629,-0.023819661329086,-0.00409148545473721,0.0197281758743488,14.4984184397368,0.0314734417614793,0.047363171273207,0.000507522382170448,0.00667439353674544,0.00610349850994532,0.00263166208503037,0.000639408563750961,0.500457624799631,0.499542375200369,0,0,1,0.867187863718191,static_fit_scored_candidate
1,1,14,33,20,20,248541,248541,-0.0233121389469155,-0.0027305054074934,0.0205816335394221,14.4930689419429,0.0315574127450864,0.0470097849877688,0.000507522382170448,0.00684693012980163,0.0053687040937211,0.000209840862753687,0,0.500375774667799,0.499624225332201,0,0,1,1.15646045889173,static_fit_scored_candidate
1,1,15,34,20,20,248541,248541,-0.0227736777738237,-0.0027305054074934,0.0200431723663303,14.4933687868679,0.0316505612101002,0.0470419724475344,0.000538461173091778,0.00708847391984795,0.0115093113866568,0.0157539202475396,0,0.500487919069359,0.499512080930641,0,0,1,1.11196322512354,static_fit_scored_candidate
1,1,16,35,20,20,248600,248600,-0.0208744750136428,-0.00141111860062436,0.0194633564130185,14.4967891407385,0.0314724311768261,0.0472727272727273,0.000488225145689684,0.00681642034046784,0.0129239986998085,0.0206318634139796,0.000639817668647534,0.500292892018571,0.499707107981429,0,0,1,0.802335127587442,static_fit_scored_candidate
1,1,17,36,20,20,248669,248669,-0.0203862498679532,-0.00141111860062436,0.0189751312673288,14.5007132889061,0.0316885858611286,0.0475324926006949,0.000164704929532963,0.00977391256917463,0.0147096851644877,0.0219798563087349,0.000639817668647534,0.500372821471,0.499627178529,0,0,1,0.885774604029091,static_fit_scored_candidate
1,1,18,37,20,20,248642,248642,-0.0202215449384202,-0.000163649935487968,0.0200578950029322,14.4994250245727,0.0319965433670919,0.0477308923601615,0.000164704929532963,0.0104206930665179,0.0148931009064159,0.0249055451013379,0.000639408563750961,0.500287591330613,0.499712408669387,0,0,1,1.46606633144237,static_fit_scored_candidate
1,1,19,38,20,20,248488,248488,-0.0194895955232873,0.00150918711626066,0.020998782639548,14.4904785226372,0.031879162255836,0.0468272109719584,0.000731949415132892,0.0121138727603049,0.0176074395147552,0.0297430672267737,0.000639817668647534,0.500170250611996,0.499829749388004,0,0,1,1.90111830934831,static_fit_scored_candidate
1,1,20,39,20,20,248499,248499,-0.0183652700670305,0.00230871325888454,0.020673983325915,14.4909519088744,0.0318262135941105,0.0471790744466801,0.00112432545625681,0.0124208194305951,0.0175509012386881,0.0277954733384035,0.00127922610156408,0.500397367029444,0.499602632970556,0,0,1,2.70401980476817,static_fit_scored_candidate
1,1,21,40,20,20,248476,248476,-0.0169494154887069,0.00393273999250691,0.0208821554812138,14.4894553427235,0.0310481335044161,0.0470870426117613,0.00141585457832356,0.0122052378363395,0.014602941683953,0.0218792209439322,0,0.50027450851032,0.49972549148968,0,0,1,3.06056741296629,static_fit_scored_candidate
1,1,22,41,20,20,248501,248501,-0.0146431610786523,0.00456338925167506,0.0192065503303273,14.4910135807816,0.0309133334191055,0.0468885812703216,0.00173503702814601,0.0118123698646004,0.0139294861137914,0.0198042858609325,0.00191945300594214,0.500333574670421,0.499666425329579,0,0,1,3.40701202642949,static_fit_scored_candidate
1,1,23,42,20,20,248510,248510,-0.0129081240505063,0.00576056546915896,0.0186686895196652,14.4914249721301,0.0310395862976423,0.0469031676538759,0.000330644036780091,0.00990692565454362,0.0132405516862997,0.0190724584686873,0.00127922610156408,0.50026531539705,0.49973468460295,0,0,1,0.554631975452113,static_fit_scored_candidate
1,1,24,43,20,20,248460,248460,-0.0125774800137262,0.00669134520198129,0.0192688252157075,14.4889468613579,0.0311350949067488,0.0470256781775739,0.000330644036780091,0.0098217530060365,0.0119101235944586,0.0170850301894292,0.000639817668647534,0.500316742516932,0.499683257483068,0,0,1,0.702702701498718,static_fit_scored_candidate
1,1,25,44,20,20,248480,248480,-0.0109074167871035,0.00669134520198129,0.0175987619890848,14.4896772151953,0.0294845480824579,0.0467804249839021,0.000669561266891225,0.00908812132080904,0.00902566673638847,0.0109922685962531,0.000639817668647534,0.50030191191341,0.49969808808659,0,0,1,0.481685293728644,static_fit_scored_candidate
1,1,26,45,20,20,248529,248529,-0.0102378555202122,0.00719204559965029,0.0174299011198625,14.4928407412373,0.0285978085696149,0.0469959602787569,0.000669561266891225,0.0109599299229045,0.00597242184318406,0.00494920535560369,0.000639817668647534,0.500377242042947,0.499622757957053,0,0,1,0.440579785600084,static_fit_scored_candidate
1,1,27,46,20,20,248262,248262,-0.00783843545096318,0.00751455936963464,0.0153529948205978,14.476970301304,0.0291239607838548,0.0487545516063545,0.00062542901586142,0.00925889078418249,0.00642665542386488,0.00761222571184862,0,0.500212153400459,0.499787846599541,0,0,1,0.244307692832668,static_fit_scored_candidate
1,1,28,47,20,20,248203,248203,-0.00721300643510176,0.00810601079930851,0.0153190172344103,14.4736794854552,0.0291722188822583,0.0498783258932169,0.00062542901586142,0.00839960773221898,0.00531183610105863,0.00445896258220683,0,0.500488567607447,0.499511432392553,0,0,1,0.381500012085029,static_fit_scored_candidate
1,1,29,48,20,20,248257,248257,-0.00543333619474979,0.00974013497776472,0.0151734711725145,14.4768870449689,0.0286456174086092,0.0500926448078627,0.000189563092638935,0.00830378013565773,0.00449955879847424,0.00620932445541554,0.000639817668647534,0.500317252925569,0.499682747074431,0,0,1,0.323396918329384,static_fit_scored_candidate
1,1,30,49,20,20,248238,248238,-0.00562289928738873,0.00974013497776472,0.0153630342651534,14.4758921559505,0.0291119414788367,0.0503544956493716,4.49085031254022e-05,0.00688138468978762,0.00432221742560685,0.00585821355121878,0.000639817668647534,0.500357634682327,0.499642365317673,0,0,1,0.355685276034134,static_fit_scored_candidate
1,1,31,50,20,20,248193,248193,-0.00566780779051413,0.00974013497776472,0.0154079427682788,14.4730048844602,0.0293851661001479,0.0501539106190269,4.49085031254022e-05,0.00769498259734062,0.00527183807562757,0.00820727844988684,0.000639408563750961,0.500385767834761,0.499614232165239,0,0,1,0.331709263186529,static_fit_scored_candidate
1,1,32,51,20,20,248125,248125,-0.0050881281158381,0.00974013497776472,0.0148282630936028,14.4695079338059,0.0295228223991296,0.0495873097755997,0.000579679674676024,0.0100893039612329,0.00471917708070162,0.00897691065765729,0.00191945300594214,0.500240678799472,0.499759321200528,0,0,1,0.263174101828254,static_fit_scored_candidate
1,1,33,52,20,20,248185,248185,-0.00405012870971377,0.0124504256957522,0.0165005544054659,14.472564344668,0.0292679466311126,0.0498009573387916,0.000262724862357015,0.0100893039612329,0.00448727049478797,0.00818181493822292,0.00127922610156408,0.500346516567167,0.499653483432833,0,0,1,0.301495053705763,static_fit_scored_candidate
1,1,34,53,20,20,248245,248245,-0.00482540325348109,0.0124504256957522,0.0172758289492333,14.4764435777803,0.0297521238622192,0.050062840385421,8.93540217229653e-05,0.0110002989320075,0.00472112675113417,0.00669828827238649,0.00127922610156408,0.500292912620578,0.499707087379422,0,0,1,0.524496789672884,static_fit_scored_candidate
1,1,35,54,20,20,248146,248146,-0.00396077468799081,0.0124504256957522,0.016411200383743,14.4704343791191,0.0303017756187945,0.0496800296597192,0.000158720140451907,0.0118124399865307,0.00541648752616381,0.0077969014921439,0.00127922610156408,0.500399831896934,0.499600168103066,0,0,1,0.275751547626945,static_fit_scored_candidate
1,1,36,55,20,20,247897,247897,-0.00411949482844272,0.0124504256957522,0.0165699205241949,14.4560103534231,0.0304054491240475,0.0536668011294877,0.000158720140451907,0.0114244958064212,0.00711313348469309,0.0112733458492979,0.000639408563750961,0.500533607718993,0.499466392281007,0,0,1,0.790200004988906,static_fit_scored_candidate
1,1,37,56,20,20,247989,247989,-0.0036388035745024,0.0140105717417525,0.0176493753162549,14.4612682692263,0.0302979589551795,0.0485660827768638,0.000428653569898797,0.0123361655158204,0.0048328620622864,0.00521215466613955,0.000639817668647534,0.500282610399669,0.499717389600331,0,0,1,0.435558586198338,static_fit_scored_candidate
1,1,38,57,20,20,248226,248226,-0.0032101500046036,0.0124504256957522,0.0156605757003558,14.4752878991228,0.0302355607487448,0.043669529625989,0.000428653569898797,0.0107573020359564,0.00464646419469365,0.00375476511589072,0,0.500597488973202,0.499402511026798,0,0,1,0.0157735643374072,static_fit_scored_candidate
1,1,39,58,20,20,248297,248297,-0.00233067037784821,0.0140105717417525,0.0163412421196007,14.4794222599954,0.0310212985787924,0.0439468385018123,4.30160262853163e-05,0.0122165235818943,0.00388016541746707,0.000729668696280709,0,0.500613491845887,0.499386508154113,0,0,1,0.0161998536105961,static_fit_scored_candidate
1,1,40,59,20,20,248288,248288,-0.00237368640413353,0.0140105717417525,0.016384258145886,14.47889830989,0.0311035838277854,0.043900631524681,4.30160262853163e-05,0.0103000439412532,0.00395300563948806,1.60957952061516e-06,0.000639817668647534,0.500622019855897,0.499377980144103,0,0,1,0.0166249469057571,static_fit_scored_candidate
1,1,41,60,20,20,248307,248307,-0.00226636528675678,0.0126592233320782,0.014925588618835,14.4799424872349,0.0312979813535885,0.0439776406720686,0.000107321117376745,0.0106660930148926,0.00375235834647653,0.00293027577639274,0.00127922610156408,0.500611000390338,0.499388999609661,0,0,1,0.017046912604827,static_fit_scored_candidate
1,1,42,61,20,20,248320,248320,-0.00278202353608866,0.0126592233320782,0.0154412468681669,14.4807592678026,0.0312469573992323,0.0440238402061856,0.000515658249331883,0.0115240244612972,0.0037768039362569,0.00420414205354767,0.00127922610156408,0.500644738694144,0.499355261305856,0,0,1,0.0174760395469952,static_fit_scored_candidate
1,1,43,62,20,20,248396,248396,-0.00412021871173108,0.0110990772860779,0.015219295997809,14.485575281055,0.0316861426522324,0.0443324369152482,0.000591699754382261,0.0122165235818943,0.00462860456090946,0.00718155356063995,0.00127922610156408,0.5006020049559,0.4993979950441,0,0,1,0.278327484606165,static_fit_scored_candidate
1,1,44,63,20,20,248396,248396,-0.00337372329047093,0.0126592233320782,0.0160329466225491,14.4850223791657,0.0315590161716813,0.0443324369152482,0.000121372276832786,0.0126850228829202,0.00446877468240412,0.00336436901325336,0.00127922610156408,0.500535668400878,0.499464331599123,0,0,1,0.154835680111571,static_fit_scored_candidate
1,1,45,64,20,20,248369,248369,-0.00325235101363814,0.0126592233320782,0.0159115743457163,14.4838469934792,0.031604585118091,0.0442561963506353,0.000121372276832786,0.0121576401005368,0.00525960438881558,0.00417186778975057,0.00127922610156408,0.500508182289123,0.499491817710877,0,0,1,0.198074077956678,static_fit_scored_candidate
1,1,46,65,20,20,248415,248415,-0.00304550120631791,0.0132493978363832,0.0162948990427011,14.4864428360804,0.0315874281993692,0.0444093778178539,0.00020684980732023,0.0113606126659362,0.00619627580880168,0.00780969027027776,0.00127922610156408,0.500440327119497,0.499559672880503,0,0,1,0.182365373587406,static_fit_scored_candidate
1,1,47,66,20,20,248523,248523,-0.00446503649594531,0.0110990772860779,0.0155641137820232,14.4925202018325,0.0309439765789128,0.0448407397273503,0.000857953806554501,0.0107774193380639,0.00593067236315142,0.00698870052254193,0.000639817668647534,0.500475876811542,0.499524123188459,0,0,1,0.656510314538772,static_fit_scored_candidate
1,1,48,67,20,20,248471,248471,-0.00532299030249981,0.0110421035302256,0.0163650938327254,14.4895732721596,0.0320280244779084,0.0446247464503043,0.000857953806554501,0.012222240015362,0.00869220918716112,0.010104681524853,0,0.500542664188462,0.499457335811538,0,0,1,1.23418014192043,static_fit_scored_candidate
1,1,49,68,20,20,248343,248343,-0.00713650818367549,0.00910942878719681,0.0162459369708723,14.482055425293,0.032167927215254,0.04413233257095,0.00113098312795475,0.0125327683906212,0.0114532032596629,0.0153100661888689,0,0.500554290557496,0.499445709442504,0,0,1,2.01465348376001,static_fit_scored_candidate
1,1,50,69,20,20,248337,248337,-0.00826749131163024,0.00910942878719681,0.017376920098827,14.4819628367357,0.032226455372785,0.0441330434082307,0.00097286954106468,0.0134065712495843,0.014376200785213,0.0192676133720986,0.000639817668647534,0.500577763180762,0.499422236819238,0,0,1,1.92195532486241,static_fit_scored_candidate
1,1,51,70,20,20,248534,248534,-0.00924036085269492,0.00783728197817809,0.017077642830873,14.4933842754258,0.0320343136448417,0.044886857437152,0.000186293530040214,0.0134065712495843,0.0140045995393449,0.0175564247103422,0.000639817668647534,0.500445600857377,0.499554399142623,0,0,1,0.758258515746614,static_fit_scored_candidate
1,1,52,71,20,20,248609,248609,-0.0090540673226547,0.00960221669719194,0.0186562840198466,14.4972872324509,0.0319613028389594,0.0451466542242531,0.000186293530040214,0.0129390267836944,0.0129524500247199,0.0154270659650259,0.000639817668647534,0.500426224096262,0.499573775903738,0,0,1,1.07843411457655,static_fit_scored_candidate
1,1,53,72,20,20,248582,248582,-0.0109718758692372,0.00783728197817809,0.0188091578474153,14.4963749080106,0.0321401660299454,0.0450712837511666,0.000668646762406197,0.0118026191235608,0.0111139185126089,0.0165161561594197,0.000639817668647534,0.500540490882871,0.499459509117129,0,0,1,1.47179342350037,static_fit_scored_candidate
1,1,54,73,20,20,248524,248524,-0.0097227140850609,0.00960221669719194,0.0193249307822528,14.4924501479298,0.0321231747658047,0.0448407397273503,0.000589826505463006,0.0120093934530494,0.011577871997176,0.0165327304558776,0.000639817668647534,0.500431313735902,0.499568686264098,0,0,1,1.39587918176065,static_fit_scored_candidate
1,1,55,74,20,20,248515,248515,-0.0103125405905239,0.00812835141824732,0.0184408920087712,14.4923143700189,0.0313386882471815,0.044826087656328,0.000168866625345009,0.0125813421386937,0.00964857109575055,0.0146374752912485,0.00127922610156408,0.500501183274893,0.499498816725107,0,0,1,0.512188803633648,static_fit_scored_candidate
1,1,56,75,20,20,248669,248669,-0.0104814072158689,0.00812835141824732,0.0186097586341162,14.5012266256648,0.0311452362081529,0.0454252991892935,0.000168866625345009,0.0108090163298967,0.00820307500085789,0.0109005150760427,0.00127922610156408,0.500422289070011,0.499577710929989,0,0,1,0.554142615195151,static_fit_scored_candidate
1,1,57,76,20,20,248567,248567,-0.0113198587204582,0.00763556350825219,0.0189554222287104,14.4950841851152,0.0308089212157253,0.0450259084033343,4.88257226514549e-05,0.00901887892944627,0.0081207659329681,0.0104191700885014,0.00127922610156408,0.500514159676764,0.499485840323236,0,0,1,0.639617390741656,static_fit_scored_candidate
1,1,58,77,20,20,248358,248358,-0.0113686844431097,0.00812835141824732,0.019497035861357,14.4828569301866,0.0303733377497864,0.0489128684168143,4.88257226514549e-05,0.0104067516485234,0.00424704269230725,0.00221696446341592,0,0.500281306853538,0.499718693146462,0,0,1,0.941189551718278,static_fit_scored_candidate
1,1,59,78,20,20,248405,248405,-0.0115304823213593,0.00812835141824732,0.0196588337396066,14.485843569527,0.030091283922162,0.0490966474509678,0.000161797878249598,0.0104067516485234,0.00661575652705828,0.00838215958694868,0,0.500237896843107,0.499762103156893,0,0,1,1.00376960147844,static_fit_scored_candidate
1,1,60,79,20,20,248437,248437,-0.0110234165806449,0.00960221669719194,0.0206256332778368,14.4875807473549,0.0303559997751458,0.0492191273546933,0.000438243350408936,0.0105084004045472,0.0112995054523917,0.0119354655842955,0.000639408563750961,0.500279500981625,0.499720499018375,0,0,1,1.25694291004838,static_fit_scored_candidate
1,1,61,80,20,20,248365,248365,-0.0105851732302359,0.00960221669719194,0.0201873899274279,14.4834743534087,0.0307621910086979,0.0489273980544998,0.000438243350408936,0.00998274103770224,0.0130923736171648,0.0127569931051707,0,0.500225520250303,0.499774479749697,0,0,1,1.11405286324651,static_fit_scored_candidate
1,1,62,81,20,20,248427,248427,-0.00985251296141906,0.0114637304694501,0.0213162434308691,14.4869923137942,0.0313765880188908,0.0491570998438179,0.000732660268816857,0.0105084004045472,0.0133912136817859,0.0115519745728098,0,0.500207260875851,0.499792739124149,0,0,1,1.75943344116828,static_fit_scored_candidate
1,1,63,82,20,20,248400,248400,-0.00824182984955746,0.0149431715846264,0.0231850014341839,14.4851528229951,0.0312844761448509,0.0496618357487923,0.000260127424550616,0.0104970986992057,0.0167007982726622,0.0250725370899075,0.000639817668647534,0.500254530308214,0.499745469691786,0,0,1,1.94169990493141,static_fit_scored_candidate
1,1,64,83,20,20,248499,248499,-0.00850195727410807,0.0149431715846264,0.0234451288587345,14.4913362123437,0.0313895099362752,0.0497706237424547,0.000203926719318868,0.0104784318773824,0.0150100465038324,0.0207187461825837,0.000639817668647534,0.500355852629722,0.499644147370278,0,0,1,2.01936925366461,static_fit_scored_candidate
1,1,65,84,20,20,248591,248591,-0.00803790313023859,0.0157600319867197,0.0237979351169583,14.4964430858125,0.0317482305351628,0.050411919933063,0.000297984642147538,0.010417654976321,0.0145144458540164,0.0227621598375695,0.000639408563750961,0.500335749555034,0.499664250444966,0,0,1,2.49893254994308,static_fit_scored_candidate
1,1,66,85,20,20,248649,248649,-0.00773991848809105,0.0163442449216865,0.0240841634097776,14.4998914064494,0.0319498451762829,0.0506410565770635,0.000297984642147538,0.0104576002826438,0.0137332067057903,0.0200382056107183,0.00191945300594214,0.500317319747981,0.499682680252019,0,0,1,2.78709415428819,static_fit_scored_candidate
1,1,67,86,20,20,248650,248650,-0.00689954211380907,0.0163442449216865,0.0232437870354956,14.5002579372227,0.0323288477911675,0.050657143316764,0.000840376374281986,0.0114477358433371,0.0144795316561044,0.0238875698564627,0.00127922610156408,0.500422144353509,0.499577855646491,0,0,1,3.53407029306184,static_fit_scored_candidate
1,1,68,87,20,20,248709,248709,-0.00459975094623823,0.0168185668508215,0.0214183177970597,14.5033253634657,0.0314197674145781,0.0508700826658947,0.00229979116757083,0.00658441949811691,0.0126752296183654,0.0205650310272708,0.000639817668647534,0.500308058248056,0.499691941751944,0,0,1,5.7239536242524,static_fit_scored_candidate
1,1,69,88,20,20,248811,248811,-0.000912368063328858,0.017757342671134,0.0186697107344629,14.5093451845359,0.031344361372228,0.0509460958474672,0.00117737545216003,0.00734793011995589,0.0093304837140411,0.0150122560097965,0.000639817668647534,0.500371335141666,0.499628664858334,0,0,1,2.38544504924362,static_fit_scored_candidate
1,1,70,89,20,20,248854,248854,0.000265007388831171,0.017757342671134,0.0174923352823028,14.511939746384,0.0307751859313193,0.0511138971935577,0.00117737545216003,0.00734793011995589,0.00649785918590591,0.013562074234909,0.000639408563750961,0.500364014824172,0.499635985175828,0,0,1,2.11663828114295,static_fit_scored_candidate
1,1,71,90,20,20,248727,248727,0.00179218148242502,0.0192084244875356,0.0174162430051106,14.5042759119671,0.0308936223142965,0.0538901933035284,0.000664959424135127,0.00735536821608644,0.00606416948545028,0.013654389920361,0,0.500478094101356,0.499521905898644,0,0,1,1.21888363916344,static_fit_scored_candidate
1,1,72,91,20,20,248678,248678,0.0011272220582899,0.0192084244875356,0.0180812024292457,14.5016523904176,0.0316384188721181,0.0537397458581309,6.62038100404099e-05,0.00824420764102796,0.00474252022600692,0.0099994971584031,0.000639408563750961,0.500521794211779,0.499478205788221,0,0,1,1.39725685345191,static_fit_scored_candidate
1,1,73,92,20,20,248705,248705,0.00172597767238461,0.0192084244875356,0.017482446815151,14.5031309071502,0.0308035743400207,0.0541679399134728,0.000598755614094717,0.00658441949811691,0.00544360402869048,0.00051030036733013,0.00127922610156408,0.500410360344488,0.499589639655512,0,0,1,1.11253042991022,static_fit_scored_candidate
1,1,74,93,20,20,248790,248790,0.00263238433839829,0.0192084244875356,0.0165760401491373,14.5083474550961,0.0319342266609168,0.0541657288015692,0.000906406666013678,0.0080044780691412,0.00526310262956744,0.00645784379665,0.00127922610156408,0.500466412665008,0.499533587334992,0,0,1,2.10964004307765,static_fit_scored_candidate
1,1,75,94,20,20,248865,248865,0.00355297221944216,0.0206600605802479,0.0171070883608057,14.5128634538989,0.032367770989584,0.0536670041949949,0.000920587881043871,0.00887085755714218,0.00536184312722,0.00492614551524088,0.000639408563750961,0.500413031069254,0.499586968930746,0,0,1,2.62109006478709,static_fit_scored_candidate
1,1,76,95,20,20,248807,248807,0.00452164698826105,0.0206600605802479,0.0161384135919869,14.5091472654127,0.0331139940686164,0.0534387961801871,0.000968674768818882,0.0121853663385256,0.0067302220891669,0.00833474791844971,0.00191945300594214,0.50042360305354,0.49957639694646,0,0,1,3.24807431259113,static_fit_scored_candidate
1,1,77,96,20,20,248755,248755,0.0065484505443155,0.0221075638176361,0.0155591132733206,14.5061114815983,0.0331525676064074,0.0532409268520156,0.00145115590513099,0.0150539521473903,0.00799168442546364,0.00609652353370532,0.000639817668647534,0.500380974034359,0.499619025965641,0,0,1,4.40680836102357,static_fit_scored_candidate
1,1,78,97,20,20,248973,248973,0.00799960644944649,0.0246700432653391,0.0166704368158926,14.5189292241474,0.033017603633541,0.0455304928989139,0.000798881656228842,0.0136915999401479,0.00773181758175275,0.00559310898385645,0.000639817668647534,0.500449702035499,0.499550297964501,0,0,1,2.09009178417999,static_fit_scored_candidate
1,1,79,98,20,20,249014,249014,0.00879848810567533,0.0246700432653391,0.0158715551596638,14.5211336368276,0.0342053588393099,0.0459890127542005,0.000798881656228842,0.0149199146890919,0.00953439415591597,0.00883382545624893,0.000639817668647534,0.500535318039497,0.499464681960503,0,0,1,3.15292938145483,static_fit_scored_candidate
1,1,80,99,20,20,248997,248997,0.00968316630117027,0.0277509450569743,0.018067778755804,14.5201466817289,0.0340674848064651,0.0459116465863454,0.00088467819549494,0.0152893882991375,0.0118489244666385,0.0124803152454246,0,0.500471412958351,0.499528587041649,0,0,1,3.62503865217168,static_fit_scored_candidate
1,1,81,100,20,20,249098,249098,0.0109619323320955,0.0295623202754297,0.0186003879433341,14.5261998339741,0.0336447621715018,0.0462946607788037,0.000106804691127473,0.015261702324946,0.012968781273186,0.0125014295191453,0,0.500480231107314,0.499519768892686,0,0,1,2.65885013843174,static_fit_scored_candidate
1,1,82,101,20,20,249089,249089,0.011068737023223,0.0307526461856409,0.0196839091624179,14.5258067048792,0.0334593058278949,0.0459749811314695,0.000106804691127473,0.0144776676580299,0.0173860064033477,0.0200572628412666,0.00127922610156408,0.50045549034933,0.49954450965067,0,0,1,2.75156096290632,static_fit_scored_candidate
1,1,83,102,20,20,249056,249056,0.0121456928539802,0.0328347645660623,0.0206890717120821,14.52371548805,0.0335880131335504,0.0461422330720802,0.00107695583075723,0.0152571309791212,0.0203861660629623,0.0230718738457297,0.00127922610156408,0.500493354782572,0.499506645217428,0,0,1,4.27739722169652,static_fit_scored_candidate
1,1,84,103,20,20,249024,249024,0.0142026526790805,0.034795356361401,0.0205927036823205,14.52175892335,0.0338553320197099,0.0460196607555898,0.00205695982510027,0.015527897983077,0.0174725990506029,0.0188053143755819,0.000639408563750961,0.500416877772326,0.499583122227674,0,0,1,6.83331102971766,static_fit_scored_candidate
1,1,85,104,20,20,248982,248982,0.0163939234169847,0.0360154378094677,0.0196215143924831,14.5193980247049,0.033820482022997,0.0455611605565016,0.00169556258633811,0.0153824560179497,0.017160107651322,0.019338232087056,0.00127922610156408,0.500411158537727,0.499588841462273,0,0,1,5.70355804403068,static_fit_scored_candidate
1,1,86,105,20,20,249010,249010,0.0180894860033228,0.0366719033654066,0.0185824173620838,14.5211196066422,0.0336760291232481,0.0456524183573482,0.00169556258633811,0.0123228178752955,0.0143383829500642,0.0140304096148364,0,0.50034983685766,0.49965016314234,0,0,1,5.31260894222513,static_fit_scored_candidate
1,1,87,106,20,20,249030,249030,0.019862599951229,0.038033745329568,0.018171145378339,14.5223927004818,0.0327903410501707,0.0460342445950721,0.00177311394790621,0.0110322248508774,0.0121594091519505,0.0135959154551611,0,0.500367001431898,0.499632998568102,0,0,1,4.56384307503959,static_fit_scored_candidate
1,1,88,107,20,20,249018,249018,0.0217551555695068,0.0395205017939009,0.0177653462243941,14.5215508455261,0.0330745256773021,0.0459882740342141,0.00152529110749289,0.0106775499362921,0.01367478298017,0.0143455170646567,0,0.500457014498914,0.499542985501086,0,0,1,4.14277741302582,static_fit_scored_candidate
1,1,89,108,20,20,248999,248999,0.0232804466769997,0.0397326825663186,0.0164522358893189,14.5207116425319,0.0337330780693344,0.0459437751004016,0.00152529110749289,0.0122601590202225,0.0113927807761319,0.0115474144069578,0,0.500422003889673,0.499577996110327,0,0,1,4.43897034617642,static_fit_scored_candidate
1,1,90,109,20,20,248957,248957,0.0258835601768458,0.0402130984645997,0.0143295382877539,14.5181019019752,0.0334128293875911,0.0454691516709512,0.00260311349984609,0.0140750112240084,0.011716931538758,0.0123483754951712,0,0.500464795779247,0.499535204220753,0,0,1,6.69886999506775,static_fit_scored_candidate
1,1,91,110,20,20,248911,248911,0.0297295730919371,0.0424405643369479,0.0127109912450108,14.5155870787037,0.0336503725257574,0.0456225493347046,0.00315198631849435,0.0143791271428547,0.0139756562308244,0.015457597033573,0,0.500398713744018,0.499601286255982,0,0,1,8.22635180078195,static_fit_scored_candidate
1,1,92,111,20,20,248911,248911,0.0328815594104315,0.0444494428153505,0.011567883404919,14.5154505259282,0.031736320869765,0.0455904094619785,0.00278812134070094,0.0147397975059302,0.0144941423702476,0.0166289588173061,0.000639817668647534,0.500328252548952,0.499671747451048,0,0,1,5.56384722158925,static_fit_scored_candidate
1,1,93,112,20,20,248943,248943,0.0356696807511324,0.0478980427311987,0.0122283619800662,14.516986888947,0.0306729735348983,0.045697024230349,0.00100987424826454,0.0146133052693074,0.0142514731046728,0.0182271430506831,0.000639817668647534,0.50045816262786,0.49954183737214,0,0,1,1.03688955342763,static_fit_scored_candidate
1,1,94,113,20,20,248979,248979,0.036679554999397,0.0483787918428066,0.0116992368434096,14.5192241594125,0.0311181051389571,0.0455297614266206,0.00100987424826454,0.0130052830104178,0.0144973166639652,0.0199627272948876,0,0.500364022884424,0.499635977115576,0,0,1,1.03729821988224,static_fit_scored_candidate
1,1,95,114,20,20,248893,248893,0.0385284764397152,0.052811082208432,0.0142826057687167,14.514195288548,0.0312575291214987,0.0455129853432759,0.00166574245046338,0.0124310778627627,0.0139697286212326,0.0188324260731025,0.000639817668647534,0.500389932444782,0.499610067555218,0,0,1,2.59575628469157,static_fit_scored_candidate
1,1,96,115,20,20,248919,248919,0.0401942188901786,0.0542165609697522,0.0140223420795736,14.5156390511572,0.032283613034217,0.0452836252611281,0.00166574245046338,0.0111633802284139,0.0181245973595602,0.0261026911611844,0.000639408563750961,0.500427382217308,0.499572617782692,0,0,1,3.41358636218115,static_fit_scored_candidate
1,1,97,116,20,20,249093,249093,0.0424578681902993,0.0554323489139368,0.0129744807236375,14.5259332118293,0.0328440319731345,0.0414619263255933,0.00116270985681347,0.0138809091334735,0.0213583672811104,0.0296057892889682,0,0.500406048051011,0.499593951948989,0,0,1,2.74564122821473,static_fit_scored_candidate
1,1,98,117,20,20,248932,248932,0.0436205780471127,0.0560894900834433,0.0124689120363306,14.5165267166111,0.0320776568126692,0.0490736426011923,0.000359357039072944,0.00942220082800879,0.0183962383068612,0.0289969717849998,0,0.50054408901465,0.499455910985351,0,0,1,0.852565925950083,static_fit_scored_candidate
1,1,99,118,20,20,248881,248881,0.0439799350861857,0.0560894900834433,0.0121095549972577,14.5136243370424,0.0320513960862538,0.0488741743141383,0.000359357039072944,0.00948949453466795,0.0175089033291566,0.0281951135374595,0,0.500519980248674,0.499480019751326,0,0,1,0.804041412858438,static_fit_scored_candidate
1,1,100,119,20,20,248892,248892,0.04602797141621,0.0584242902523636,0.0123963188361536,14.5147141618626,0.0318256938368181,0.0486315349629558,0.00204803633002433,0.00950346151484295,0.0173934152884022,0.0269280214702744,0,0.500584766577841,0.499415233422159,0,0,1,4.02688397344872,static_fit_scored_candidate
1,1,101,120,20,20,248854,248854,0.0483898082829489,0.0640597341009018,0.0156699258179529,14.5117994421315,0.0314137184796233,0.0487671585173755,0.00113822241557825,0.00762880317633281,0.0144107267340877,0.022349476099433,0,0.500702897469722,0.499297102530278,0,0,1,1.49542863276327,static_fit_scored_candidate
1,1,102,121,20,20,248873,248873,0.0495280306985272,0.0661929024757371,0.01666487177721,14.5131721207519,0.0306457593355556,0.0491329015252576,0.00113822241557825,0.00674083429683744,0.0105872272501026,0.0156312605330885,0,0.500620787591367,0.499379212408633,0,0,1,1.59264780336538,static_fit_scored_candidate
1,1,103,122,20,20,248900,248900,0.0518820406491979,0.0678939682936181,0.0160119276444201,14.514798849402,0.0302981928327875,0.0492406588991563,0.00178447081369688,0.00595006924177164,0.00992038851419441,0.0139956123915528,0.000639817668647534,0.500670792904243,0.499329207095758,0,0,1,3.08905765344917,static_fit_scored_candidate
1,1,104,123,20,20,248932,248932,0.0536665114628948,0.0700039906279519,0.0163374791650571,14.5166561916987,0.0306920035929375,0.0493628782157376,0.00178447081369688,0.00595006924177164,0.0107605242705756,0.0118022576783408,0.000639817668647534,0.500575629815217,0.499424370184783,0,0,1,3.1043360090773,static_fit_scored_candidate
1,1,105,124,20,20,248888,248888,0.0560437218965192,0.0723087143673063,0.0162649924707871,14.5141030045169,0.03109647867921,0.0489216032914403,0.00196440534182191,0.00792995045484093,0.0119671654809389,0.012976512201605,0.000639817668647534,0.50061871127651,0.49938128872349,0,0,1,3.47851743621984,static_fit_scored_candidate
1,1,106,125,20,20,248785,248785,0.0580081272383411,0.073347775346258,0.015339648107917,14.5081544316367,0.0310055406334207,0.0487804878048781,0.00196440534182191,0.00897114787359342,0.00992873393761048,0.00902967791647748,0.000639817668647534,0.500562552266722,0.499437447733278,0,0,1,3.46176331801552,static_fit_scored_candidate
1,1,107,126,20,20,248774,248774,0.060146173318297,0.073958827758494,0.0138126544401969,14.5073733561733,0.0302287060267301,0.0492330449882625,0.00150339017555889,0.00956017147554314,0.00653317005987486,0.00418710577322194,0.000639817668647534,0.500654059711549,0.499345940288451,0,0,1,2.42210993976536,static_fit_scored_candidate
1,1,108,127,20,20,248736,248736,0.0616495634938559,0.0750396907193538,0.0133901272254978,14.5051180055802,0.0304106113355833,0.0490801492345298,0.000382795239643026,0.0107893270596229,0.00856958985068712,0.0131020565660199,0,0.500592619922505,0.499407380077495,0,0,1,0.233729950034005,static_fit_scored_candidate
1,1,109,128,20,20,248774,248774,0.062032358733499,0.0750396907193538,0.0130073319858548,14.5072744591496,0.0305971723163841,0.0489436280027012,0.000382795239643026,0.00883846294107199,0.00957869114535548,0.0136665224121986,0,0.500617462177938,0.499382537822062,0,0,1,0.217547753528773,static_fit_scored_candidate
1,1,110,129,20,20,248800,248800,0.0627968603006693,0.0750396907193538,0.0122428304186845,14.5090926600517,0.030497829128654,0.0493408360128617,3.19472520014241e-05,0.00915208237566627,0.00759612952335878,0.0114007480090636,0.000639408563750961,0.500545180267702,0.499454819732298,0,0,1,0.266286359001388,static_fit_scored_candidate
1,1,111,130,20,20,248820,248820,0.0628288075526707,0.0761671020966016,0.0133382945439309,14.5101279390513,0.0304831518944269,0.0494172494172494,3.19472520014241e-05,0.00915208237566627,0.00813322197114195,0.0129015106168374,0,0.500537052532344,0.499462947467656,0,0,1,0.276005649078772,static_fit_scored_candidate
1,1,112,131,20,20,248878,248878,0.0627624530701577,0.0744286383071178,0.0116661852369601,14.5135873882144,0.0310045509738218,0.0493571198971392,6.63544825130064e-05,0.00930260537402268,0.00929391863163957,0.0154542204422039,0.000639408563750961,0.500628156274418,0.499371843725582,0,0,1,0.26912827686721,static_fit_scored_candidate
1,1,113,132,20,20,249196,249196,0.0648692990428802,0.0772133653834478,0.0123440663405676,14.5321712266598,0.0334999677463269,0.0347999165315655,0.000819991311111198,0.0103590888908235,0.0106357927676134,0.0162387322346653,0.00127922610156408,0.500132757169288,0.499867242830713,0,0,1,2.55459429401211,static_fit_scored_candidate
1,1,114,133,20,20,249218,249218,0.0656892903539914,0.0806042850893065,0.0149149947353151,14.5331784490501,0.0333871672574783,0.0346200144450686,0.000208397333311544,0.0092209814172911,0.00859639501421291,0.0158915489269099,0.00127922610156408,0.5001504432689,0.4998495567311,0,0,1,1.9022655058486,static_fit_scored_candidate
1,1,115,134,20,20,249262,249262,0.0658976876873029,0.0806042850893065,0.0147065974020036,14.5358042188326,0.0331703252774982,0.0350632261377495,1.14843881048737e-05,0.00778024134256025,0.00597242184318412,0.0129301469877173,0.00127922610156408,0.500098659492787,0.499901340507213,0,0,1,1.69892440100748,static_fit_scored_candidate
1,1,116,135,20,20,249271,249271,0.0659091720754078,0.0806042850893065,0.0146951130138987,14.5363927926693,0.0334938659099418,0.0348374466446292,1.14843881048737e-05,0.00811672967656818,0.00514282768173237,0.00973183734656639,0.00127922610156408,0.500118737340726,0.499881262659274,0,0,1,2.0033677623977,static_fit_scored_candidate
1,1,117,136,20,20,249123,249123,0.0646062942665144,0.0806042850893065,0.0159979908227921,14.5277278134075,0.0339088158241889,0.034537017710056,0.000982681240678213,0.00849031698826439,0.0046504236876957,0.00860818908265006,0.00127922610156408,0.500146023774796,0.499853976225204,0,0,1,3.32694099634119,static_fit_scored_candidate
1,1,118,137,20,20,249022,249022,0.066891853316086,0.0841170366814267,0.0172251833653406,14.5216763177499,0.0343272827253456,0.034133256232331,0.00205236376392567,0.00849031698826439,0.00462860456090944,0.000695767846780354,0,0.500160474062529,0.499839525937471,0,0,1,6.45178912213937,static_fit_scored_candidate
1,1,119,138,20,20,249415,249415,0.0689442170800117,0.0856410310165041,0.0166968139364924,14.5444600079395,0.0343104916115606,0.026766526606152,0.0133219698756727,0.00812336297806386,0.00501967168633839,0.000883100296815098,0.000639408563750961,0.500478134856379,0.499521865143621,0,0,0,58.0777140119897,static_fit_scored_candidate
1,2,1,20,20,20,246488,246488,-0.00588083627080419,0.0150641735470794,0.0209450098178836,14.3729560951403,0.0322060098889927,0.0495926779396969,0.0272125809655873,0.0110080777645367,0.0163690865999281,0.0219978025961905,0.000663154040619821,0.500275173611784,0.499724826388216,0,0,0,86.3580311902097,static_fit_scored_candidate
1,2,2,21,20,20,246479,246479,-0.00676726392110548,0.0150641735470794,0.0218314374681849,14.372873038165,0.0322209605025548,0.04957805907173,0.000886427650301287,0.0109769390814272,0.0153741077881515,0.0183682985906789,0.00132674800038831,0.500304366075039,0.499695633924961,0,0,1,2.59403470093695,static_fit_scored_candidate
1,2,3,22,20,20,246498,246498,-0.00342084763505043,0.0170068674193055,0.0204277150543559,14.3738528422294,0.0326082066927444,0.0496389452332657,0.000714858490227194,0.0105427524453369,0.0144769891571109,0.0155494073132872,0.000663154040619821,0.500351613633539,0.499648386366461,0,0,1,2.24724844808139,static_fit_scored_candidate
1,2,4,23,20,20,246434,246434,-0.00270598914482324,0.0170068674193055,0.0197128565641287,14.3702352771742,0.0325986277106428,0.0493921342660975,0.000714858490227194,0.0118422059700184,0.0137137597859798,0.0209431723916974,0.000663154040619821,0.500307968239492,0.499692031760508,0,0,1,1.97478642461198,static_fit_scored_candidate
1,2,5,24,20,20,246434,246434,-0.000717220077939211,0.0183711103027106,0.0190883303806498,14.3699728291016,0.0322741637512353,0.0493921342660975,0.00184358748173086,0.0114853700016884,0.00985523843368003,0.0149244436869547,0.000663154040619821,0.500343031918822,0.499656968081179,0,0,1,3.75210217083182,static_fit_scored_candidate
1,2,6,25,20,20,246418,246418,0.00112636740379165,0.0196048831752464,0.0184785157714548,14.3693740804827,0.0318616659538883,0.0493466439412385,0.00135215410635958,0.01093226843029,0.0058901894847625,0.00792437137231064,0.000663154040619821,0.500330712760055,0.499669287239945,0,0,1,2.16928982283556,static_fit_scored_candidate
1,2,7,26,20,20,246486,246486,0.00247852151015123,0.0201091627860594,0.0176306412759082,14.3733759696761,0.0313732725938935,0.0496089059102269,0.00135215410635958,0.0131198683883685,0.0060565769327227,0.00950786914330115,0.000663154040619821,0.500391978786061,0.499608021213939,0,0,1,1.63936920490677,static_fit_scored_candidate
1,2,8,27,20,20,246349,246349,0.00425635463574443,0.0219944392487033,0.0177380846129589,14.3656174633049,0.0316816622085317,0.0525751769825291,0.00177783312559321,0.0151744953707769,0.00644524407554994,0.00836472870587814,0.000663154040619821,0.500774116200357,0.499225883799643,0,0,1,2.97632597799411,static_fit_scored_candidate
1,2,9,28,20,20,246331,246331,0.00685150900528756,0.0249791899596082,0.0181276809543206,14.3641228761113,0.0323955031250294,0.0524495396456814,0.00259515436954312,0.0151744953707769,0.00796746539683952,0.00749444675422327,0.000663154040619821,0.500661138985852,0.499338861014148,0,0,1,5.3743241348356,static_fit_scored_candidate
1,2,10,29,20,20,246279,246279,0.00960779017498047,0.025912474433349,0.0163046842583686,14.3612515679854,0.0323356917053776,0.0522494721455254,0.00246456796633076,0.0149259310577598,0.00835535698828525,0.00807897379811514,0,0.500622654442271,0.499377345557729,0,0,1,4.33344152692117,static_fit_scored_candidate
1,2,11,30,20,20,246365,246365,0.0120723581413112,0.0269190796001603,0.0148467214588491,14.3664399016362,0.0322634795370167,0.0529127159371347,0.0013633706964088,0.0148165219035164,0.0098655047959288,0.010060504702887,0,0.500497590845648,0.499502409154353,0,0,1,1.88260110632899,static_fit_scored_candidate
1,2,12,31,20,20,246376,246376,0.01343572883772,0.0277098644089464,0.0142741355712264,14.3669260519343,0.032268405338672,0.052634996915284,0.0013633706964088,0.0148420677992687,0.0137412456567457,0.0165245986841751,0.000663154040619821,0.500661246711508,0.499338753288492,0,0,1,1.84356874784385,static_fit_scored_candidate
1,2,13,32,20,20,246253,246253,0.0149741291875741,0.0277098644089464,0.0127357352213724,14.3600562006564,0.0320913658228374,0.0527905919043597,0.00153840034985405,0.0154501114752753,0.0130543613763233,0.0134777531267674,0.000663154040619821,0.500602082485614,0.499397917514386,0,0,1,2.15253502388227,static_fit_scored_candidate
1,2,14,33,20,20,246242,246242,0.0173302198260982,0.0333449569059141,0.0160147370798159,14.3588705436093,0.0331262325228505,0.0538815158948035,0.000418909348814899,0.0126169759701171,0.0150968564405136,0.0179238357978244,0,0.500579884548484,0.499420115451516,0,0,1,1.42910494207231,static_fit_scored_candidate
1,2,15,34,20,20,246354,246354,0.0177491291749131,0.0335606951214919,0.0158115659465788,14.3657851199049,0.0337600711178887,0.0531426066343016,0.000418909348814899,0.012781477028516,0.0183692048781388,0.0230396525651912,0.000663154040619821,0.500343892657707,0.499656107342293,0,0,1,1.70385788071655,static_fit_scored_candidate
1,2,16,35,20,20,246422,246422,0.0195107931834297,0.0335606951214919,0.0140499019380622,14.3698761916802,0.0339609986462122,0.0534201214167451,0.00176166400851659,0.0160945092034276,0.0224092648378303,0.0285441903723882,0.000663154040619821,0.500554683846205,0.499445316153795,0,0,1,3.89415808925626,static_fit_scored_candidate
1,2,17,36,20,20,246472,246472,0.0215866653026111,0.0405818726968804,0.0189952073942693,14.3723188743601,0.0330823288040879,0.0532636567236846,0.00115146904778073,0.016065970161408,0.0222183125540797,0.0269987187898212,0.000663154040619821,0.500407634892449,0.499592365107551,0,0,1,3.00489471986567,static_fit_scored_candidate
1,2,18,37,20,20,246436,246436,0.0227381343503918,0.0405818726968804,0.0178437383464886,14.3705293821659,0.0328565781485473,0.0531253550617605,0.00115146904778073,0.0148368377422013,0.0217274524212909,0.028997286211666,0.000663154040619821,0.500497763106411,0.499502236893589,0,0,1,2.41607199936383,static_fit_scored_candidate
1,2,19,38,20,20,246510,246510,0.0262168588162969,0.0425000363004727,0.0162831774841758,14.3749976671532,0.0326984938013159,0.0531089764392808,0.00208527860890398,0.013302178174236,0.019314779304084,0.028280843419579,0,0.50037345258369,0.49962654741631,0,0,1,3.83091040089889,static_fit_scored_candidate
1,2,20,39,20,20,246435,246435,0.0283021374252008,0.0444403803339225,0.0161382429087217,14.3704428647882,0.032506780651538,0.0531253550617605,0.00208527860890398,0.013716741721213,0.0175015433334371,0.0258286060252577,0.000663154040619821,0.500284976063386,0.499715023936614,0,0,1,3.688381414148,static_fit_scored_candidate
1,2,21,40,20,20,246553,246553,0.0312636927316611,0.047560253803348,0.0162965610716869,14.3775600390483,0.0321835722321219,0.0532941806323918,0.00296155530646031,0.0132921466118763,0.0151376431993091,0.0224030088254078,0.000663154040619821,0.500389334552573,0.499610665447428,0,0,1,5.51768115467695,static_fit_scored_candidate
1,2,22,41,20,20,246558,246558,0.0346420370409776,0.0506049966945286,0.015962959653551,14.3776011914983,0.0309890304791981,0.0536015574302401,0.00130530592259685,0.0113114553386995,0.0150174019664614,0.02002466236404,0.000663154040619821,0.500354393778117,0.499645606221883,0,0,1,1.40302849976641,static_fit_scored_candidate
1,2,23,42,20,20,246447,246447,0.0359473429635745,0.0506049966945286,0.0146576537309542,14.3711552085391,0.0313832696113523,0.0528793092254756,0.00130530592259685,0.0119838952143521,0.0167805082678145,0.0229056581526589,0.000663154040619821,0.500312618958266,0.499687381041734,0,0,1,1.29293612206775,static_fit_scored_candidate
1,2,24,43,20,20,246483,246483,0.0380933113705703,0.0547457789234463,0.016652467552876,14.3733385292215,0.0309930624003193,0.0533422047678551,0.0020605581736354,0.010614111204042,0.0134583929588299,0.0171625516340679,0.000662714558781905,0.500264392538598,0.499735607461402,0,0,1,3.22599522273195,static_fit_scored_candidate
1,2,25,44,20,20,246523,246523,0.0401538695442058,0.0581288244222875,0.0179749548780817,14.3758010574396,0.0315386841278727,0.0534958056822054,0.0020605581736354,0.00834924231508815,0.0124148097058564,0.0142469356309135,0.00132586845372795,0.500142152559885,0.499857847440115,0,0,1,3.76012105775923,static_fit_scored_candidate
1,2,26,45,20,20,246812,246812,0.0432782136929724,0.0604692899273963,0.017191076234424,14.3925905568866,0.0305156817616023,0.0399170218627944,0.00171797951123772,0.00961334066522162,0.0108482554886468,0.0116921609042714,0.000663154040619821,0.500524937338112,0.499475062661888,0,0,1,2.30456118077706,static_fit_scored_candidate
1,2,27,46,20,20,246897,246897,0.0449961932042101,0.0633596062574789,0.0183634130532688,14.3974817750013,0.0300252700763381,0.0402430133657351,0.00171797951123772,0.00834924231508815,0.0126534296315516,0.0138731988993881,0.00132586845372795,0.500395709565594,0.499604290434406,0,0,1,2.74287154773094,static_fit_scored_candidate
1,2,28,47,20,20,246923,246923,0.0475493286412245,0.0649615543768857,0.0174122257356611,14.399057554231,0.0303292765174904,0.0403524971246213,0.000708034440149469,0.00762624736346159,0.0140485577730076,0.0169396349984537,0.000663154040619821,0.500472264653421,0.499527735346579,0,0,1,0.461516240310649,static_fit_scored_candidate
1,2,29,48,20,20,246944,246944,0.048257363081374,0.0649615543768857,0.0167041912955117,14.400409733866,0.030392451285971,0.0404302189970196,0.000475290346669557,0.00811720800055149,0.0143210431752997,0.01725102725294,0,0.500374730083102,0.499625269916898,0,0,1,0.197449636420025,static_fit_scored_candidate
1,2,30,49,20,20,246950,246950,0.0487326534280436,0.0659646066171977,0.0172319531891541,14.4006208591725,0.0306817007721335,0.0404613042210632,0.000475290346669557,0.00890838449955672,0.0134645456798801,0.0161369857637816,0,0.500423261838803,0.499576738161197,0,0,1,0.395017985414202,static_fit_scored_candidate
1,2,31,50,20,20,246821,246821,0.049284904052029,0.0659646066171977,0.0166797025651686,14.3929325606862,0.0308063066239877,0.0399474929504424,0.000552250623985465,0.00918891836294588,0.0131092325664611,0.0206127586848219,0,0.500510736027959,0.499489263972041,0,0,1,0.189171488840648,static_fit_scored_candidate
1,2,32,51,20,20,246869,246869,0.0508295294735375,0.0669851936346609,0.0161556641611235,14.3961622867649,0.0305305221771771,0.0401503613208464,0.000771976288916003,0.00801558513885097,0.0104340031447966,0.01799653601422,0.000663154040619821,0.500342242397099,0.499657757602901,0,0,1,0.0131903520038749,static_fit_scored_candidate
1,2,33,52,20,20,246965,246965,0.0516015057624535,0.0730645839769375,0.0214630782144841,14.4014923647055,0.0307598994507732,0.0405072721972077,3.17465409839027e-05,0.0076094455964994,0.00876495743058646,0.0186518987719138,0.000663154040619821,0.50035829690135,0.49964170309865,0,0,1,1.97674658136505,static_fit_scored_candidate
1,2,34,53,20,20,246943,246943,0.0516332523034374,0.0669851936346609,0.0153519413312236,14.4005541089562,0.030983996934249,0.0404302189970196,3.17465409839027e-05,0.00717569839788622,0.00898990924272388,0.0187135920152309,0.00132586845372795,0.500399758532105,0.499600241467895,0,0,1,0.0140470122125944,static_fit_scored_candidate
1,2,35,54,20,20,246890,246890,0.0520546621498109,0.0728795003246144,0.0208248381748035,14.3970715808395,0.0310966800181468,0.0402281159373329,0.000421409846373559,0.00711216943196585,0.00755482609812821,0.0174940558212739,0.00132586845372795,0.500370478040798,0.499629521959202,0,0,1,1.73919182174532,static_fit_scored_candidate
1,2,36,55,20,20,246821,246821,0.0531359935055202,0.0728795003246144,0.0197435068190943,14.3933715947521,0.0309176446386446,0.0399799047094286,0.00108133135570922,0.00755663609949568,0.00658088879969338,0.0157096216287715,0.000663154040619821,0.50043148992282,0.49956851007718,0,0,1,1.83286777687914,static_fit_scored_candidate
1,2,37,56,20,20,246978,246978,0.0558427367786469,0.0784446437277582,0.0226019069491113,14.4023817945775,0.0310496731142613,0.0402947607093692,0.000787534674174431,0.00801559597749413,0.00498287007792903,0.0130659041857671,0.00132586845372795,0.50037400849588,0.49962599150412,0,0,1,2.40383492623784,static_fit_scored_candidate
1,2,38,57,20,20,246979,246979,0.0566302714528213,0.0784446437277582,0.0218143722749369,14.4025201335226,0.0307696834177934,0.0403109563527411,0.000592867305745322,0.00801559597749413,0.00407452378718796,0.00516678615677901,0.000663154040619821,0.500416812127467,0.499583187872533,0,0,1,2.11009475955461,static_fit_scored_candidate
1,2,39,58,20,20,246956,246956,0.0572231387585666,0.0763395854776311,0.0191164467190645,14.4010130962834,0.0309294783064382,0.0398937462543935,0.000215850565765043,0.00652122075712555,0.00443777702721372,0.00147498108100227,0.000663154040619821,0.500494894521794,0.499505105478206,0,0,1,1.10276485484762,static_fit_scored_candidate
1,2,40,59,20,20,246930,246930,0.0570072881928016,0.0763395854776311,0.0193322972848296,14.3997684386442,0.0311274678596786,0.0398004308878558,0.000215850565765043,0.00652122075712555,0.00431369233362766,0.0016653674507725,0,0.500350952984757,0.499649047015243,0,0,1,1.18379301441216,static_fit_scored_candidate
1,2,41,60,20,20,246844,246844,0.0563049155507741,0.0763395854776311,0.020034669926857,14.3946912786931,0.0313392835869153,0.0394581192980182,0.000702372642027466,0.0082030468785795,0.00548234903030165,0.00361593381766746,0.000663154040619821,0.500383114074051,0.499616885925949,0,0,1,1.44658174374765,static_fit_scored_candidate
1,2,42,61,20,20,246865,246865,0.0554526590210693,0.0739352133579209,0.0184825543368516,14.3958829338071,0.0312691688939188,0.0395515012071228,0.0002689208140184,0.0082030468785795,0.00536184312722014,0.0033480213811664,0.000663154040619821,0.500344891119064,0.499655108880936,0,0,1,0.86723187111344,static_fit_scored_candidate
1,2,43,62,20,20,246895,246895,0.0551837382070509,0.0739352133579209,0.01875147515087,14.3978644547571,0.0315802742213517,0.0396766249756983,6.57806538187714e-05,0.00716823785716807,0.00579092279756159,0.0119684869991855,0.000663154040619821,0.500309227912226,0.499690772087774,0,0,1,1.00974826616299,static_fit_scored_candidate
1,2,44,63,20,20,246902,246902,0.0552495188608697,0.0739352133579209,0.0186856944970512,14.3982198971511,0.0315496829182357,0.0397077406603376,6.57806538187714e-05,0.00738392336237294,0.00626862843692747,0.0112097112774027,0.000663154040619821,0.500402070763921,0.499597929236079,0,0,1,0.966917019452147,static_fit_scored_candidate
1,2,45,64,20,20,246852,246852,0.0532205285946367,0.0700722261776623,0.0168516975830256,14.3952646745589,0.0314616748127975,0.0395216567011813,0.000452953819176365,0.00791915117261822,0.00691102191124681,0.0144388125540895,0.000663154040619821,0.500406264571422,0.499593735428578,0,0,1,0.259332912931857,static_fit_scored_candidate
1,2,46,65,20,20,246510,246510,0.0527675747754604,0.0700722261776623,0.0173046514022019,14.3754758186865,0.0313956193185605,0.05145388459791,0.000452953819176365,0.00661974342699482,0.00768046661496036,0.012520305400881,0.000663154040619821,0.500210575324794,0.499789424675206,0,0,1,0.494382199936059,static_fit_scored_candidate
1,2,47,66,20,20,246469,246469,0.053887861629425,0.0700722261776623,0.0161843645482373,14.3727811941167,0.0319862794544898,0.0512999448213184,0.000491312951342179,0.00739766140889908,0.00689101891151825,0.0112909520164549,0.000663154040619821,0.500231193917961,0.499768806082039,0,0,1,0.35125076184882,static_fit_scored_candidate
1,2,48,67,20,20,246443,246443,0.0522762618241182,0.0674256267436222,0.015149364919504,14.3711647758502,0.0314714885245442,0.0511921572446479,0.000184846965519278,0.00912317190226442,0.00558380562400124,0.0129739862748059,0.000663154040619821,0.500291556508353,0.499708443491647,0,0,1,0.0453789948102651,static_fit_scored_candidate
1,2,49,68,20,20,246433,246433,0.0524611087896375,0.0665621412586564,0.0141010324690189,14.3705910977456,0.0313201549716468,0.0509016539791264,0.000184846965519278,0.00817669166708093,0.00500682189316129,0.00930537118134253,0.000663154040619821,0.500408046183576,0.499591953816424,0,0,1,0.0204042704402196,static_fit_scored_candidate
1,2,50,69,20,20,246404,246404,0.05102224146925,0.0661026194737145,0.0150803780044645,14.3688147351099,0.0320395023448599,0.0510705995032548,0.00127733301227945,0.00909902126088679,0.00565911100654302,0.0135381570763437,0.000662714558781905,0.500302226188631,0.499697773811369,0,0,1,1.28717175749485,static_fit_scored_candidate
1,2,51,70,20,20,246429,246429,0.0497449084569706,0.0661026194737145,0.016357711016744,14.3708510778745,0.0334968249663621,0.0511946500454486,0.00127733301227945,0.00941560205560187,0.00741093489824867,0.0147899794781947,0,0.500309441178956,0.499690558821044,0,0,1,2.25345015822692,static_fit_scored_candidate
1,2,52,71,20,20,246440,246440,0.0482093335510606,0.063803352095061,0.0155940185440004,14.3708809906032,0.0334506612455196,0.051209219282584,1.21519383396648e-05,0.0108643502034393,0.00890350536401029,0.0170286558947858,0,0.500356190092941,0.499643809907059,0,0,1,1.23459217798957,static_fit_scored_candidate
1,2,53,72,20,20,246397,246397,0.0482214854894003,0.063803352095061,0.0155818666056608,14.3690274932434,0.0331519456992289,0.0507954545454545,1.21519383396648e-05,0.0103177163692793,0.007082014997226,0.00845771493361542,0,0.500323289634798,0.499676710365202,0,0,1,1.02439690950667,static_fit_scored_candidate
1,2,54,73,20,20,246407,246407,0.0471383476840621,0.0615044217146136,0.0143660740305515,14.3692276370086,0.0329806520844566,0.0510860037011785,0.0010831378053382,0.00945581219374249,0.00819521818507065,0.0100219240546771,0,0.500335524012051,0.499664475987949,0,0,1,1.43050820343211,static_fit_scored_candidate
1,2,55,74,20,20,246384,246384,0.0445094707219763,0.0596140925108232,0.0151046217888469,14.3680264249682,0.032726159441511,0.0510260406519904,0.00103650501855477,0.013635029380903,0.00688300143479361,0.0068794713746792,0,0.500347267411614,0.499652732588386,0,0,1,1.16150870670116,static_fit_scored_candidate
1,2,56,75,20,20,246347,246347,0.0434729657034215,0.0573632169910921,0.0138902512876706,14.3658933199077,0.0324880691098041,0.0505788559273873,0.00103650501855477,0.0105283693067388,0.00624362148908101,0.00968250175884195,0,0.500402737479855,0.499597262520145,0,0,1,1.01641166925384,static_fit_scored_candidate
1,2,57,76,20,20,246240,246240,0.0405946598895387,0.0566382728426926,0.0160436129531539,14.3596318663053,0.0321943395124856,0.051591942820013,0.0014017187227472,0.0118000547821181,0.0126366908394465,0.020266907570441,0.000663154040619821,0.500325569121878,0.499674430878122,0,0,1,1.74381081468142,static_fit_scored_candidate
1,2,58,77,20,20,246106,246106,0.0391929411667915,0.0556868963684589,0.0164939552016674,14.3516070289785,0.0323154211901793,0.0510670112308417,0.000647769368161639,0.0143968116311225,0.01558279545532,0.0205137890264368,0,0.500339396138634,0.499660603861366,0,0,1,0.628467137612293,static_fit_scored_candidate
1,2,59,78,20,20,246087,246087,0.0385451717986299,0.0556868963684589,0.017141724569829,14.3507130374637,0.0320558093795166,0.0510061441435584,0.00041893156916338,0.0146824629597577,0.0173085533304768,0.0223432544874337,0.000663154040619821,0.500213074534223,0.499786925465777,0,0,1,0.705881171361799,static_fit_scored_candidate
1,2,60,79,20,20,246120,246120,0.0381262402294665,0.0556868963684589,0.0175606561389924,14.3524817823426,0.0322421241346538,0.0511132780757354,0.00041893156916338,0.0146582914835836,0.0135612524754848,0.0169673937169611,0.00198946212185898,0.500185283407827,0.499814716592173,0,0,1,0.990015986960467,static_fit_scored_candidate
1,2,61,80,20,20,246154,246154,0.0368987386464428,0.0556868963684589,0.0187881577220161,14.3545241197472,0.0326484778138132,0.051252051544549,0.000667792820058404,0.0169465450016102,0.0109411722445562,0.0146603066732349,0.000663154040619821,0.500365667177599,0.499634332822401,0,0,1,1.71859361812619,static_fit_scored_candidate
1,2,62,81,20,20,246219,246219,0.0362309458263844,0.0536306830063371,0.0173997371799527,14.3581535450309,0.0328752196611691,0.0514824141012103,0.000667792820058404,0.0148533171612764,0.0092601909898692,0.0111058664728505,0.000663154040619821,0.500312918151757,0.499687081848244,0,0,1,1.37422727443923,static_fit_scored_candidate
1,2,63,82,20,20,246205,246205,0.034327032164968,0.0505080760278319,0.0161810438628639,14.3574379154771,0.033382398602529,0.051419937613725,0.00190391366141636,0.0184342506910867,0.0132967309117416,0.0202495221631214,0.000663154040619821,0.500317509166985,0.499682490833015,0,0,1,3.57369414260525,static_fit_scored_candidate
1,2,64,83,20,20,246241,246241,0.0317357376112462,0.0469461170884743,0.0152103794772281,14.3596576394291,0.0344685413925969,0.0506002176702783,0.00199394106796077,0.0207778862306942,0.0145157138788173,0.021236547850083,0.000663154040619821,0.500251936393232,0.499748063606768,0,0,1,4.37984887101344,static_fit_scored_candidate
1,2,65,84,20,20,246224,246224,0.0297417965432855,0.0432626784816419,0.0135208819383565,14.3583072971327,0.0352175233368838,0.0508155175774904,0.00199394106796077,0.0230931751404276,0.0164643836182641,0.0253086877632594,0.000663154040619821,0.500293186888237,0.499706813111763,0,0,1,4.83808474387566,static_fit_scored_candidate
1,2,66,85,20,20,246257,246257,0.026770013882767,0.0409424715838067,0.0141724577010397,14.3604696472092,0.0363038814231248,0.0509705189636969,0.00297178266051847,0.0208513952143161,0.0191607446254376,0.027359523939689,0,0.500288087139191,0.499711912860809,0,0,1,7.69787574754698,static_fit_scored_candidate
1,2,67,86,20,20,246164,246164,0.0230687597276553,0.0376956654923797,0.0146269057647244,14.3552055088865,0.0338375318207599,0.0514453778781625,0.00288293012744605,0.0192025526520581,0.0140596894945398,0.0205231973978394,0.000663154040619821,0.500212364902578,0.499787635097422,0,0,1,6.05544252728072,static_fit_scored_candidate
1,2,68,87,20,20,246108,246108,0.0201858296002092,0.034378533296044,0.0141927036958348,14.3516820529608,0.033553357904479,0.0512132884749785,0.00116305583201893,0.0172128028500503,0.0129254227534407,0.017609531553855,0.000663154040619821,0.50028911712099,0.49971088287901,0,0,1,1.98539098755159,static_fit_scored_candidate
1,2,69,88,20,20,246147,246147,0.0190227737681903,0.034378533296044,0.0153557595278537,14.3543382873601,0.0328397999326263,0.0535450216942652,0.000503079508710865,0.0167624960741699,0.0120422915930153,0.0189775247049801,0,0.500095821932738,0.499904178067262,0,0,1,1.22576820338612,static_fit_scored_candidate
1,2,70,89,20,20,246194,246194,0.0195258532769012,0.0357333684473107,0.0162075151704096,14.3569937203122,0.0330473295193969,0.0534370988968139,0.000446277470456575,0.0144924821641573,0.0154189364541091,0.0214672470238019,0.000663594105732369,0.500107351123997,0.499892648876003,0,0,1,1.33653055557771,static_fit_scored_candidate
1,2,71,90,20,20,246237,246237,0.0199721307473577,0.0357333684473107,0.015761237699953,14.3588534739388,0.0329901253936903,0.0534275503573749,0.000446277470456575,0.011902084951072,0.0160236220472361,0.0212314836753906,0,0.500121825556608,0.499878174443392,0,0,1,1.3005303184272,static_fit_scored_candidate
1,2,72,91,20,20,246131,246131,0.018444262057692,0.0334502065454343,0.0150059444877423,14.3532407970135,0.033667439908398,0.0530609591601255,0.00152786868966578,0.0149081186533425,0.0188620771037195,0.0266924095573011,0,0.500108457587483,0.499891542412517,0,0,1,3.15853464947626,static_fit_scored_candidate
1,2,73,92,20,20,246099,246099,0.0162603847378342,0.0320072808624545,0.0157468961246203,14.3511846063191,0.0323763969531319,0.05323039414872,0.000510039451143123,0.0132175522135291,0.0148609343442264,0.0180238661433274,0,0.50005655763759,0.49994344236241,0,0,1,0.896067360346873,static_fit_scored_candidate
1,2,74,93,20,20,246131,246131,0.0157503452866911,0.0320072808624545,0.0162569355757634,14.3530386927686,0.0324641275298504,0.05304470771781,0.000510039451143123,0.0110136037845904,0.0104955612195586,0.0121153929751269,0,0.500028843086236,0.499971156913764,0,0,1,0.940159599933149,static_fit_scored_candidate
1,2,75,94,20,20,246072,246072,0.0140440784302219,0.0294633659314159,0.015419287501194,14.3497364716526,0.0325157852182027,0.0528138105920218,0.00170626685646919,0.0123885164617771,0.00925820318454645,0.00872799543441904,0,0.500052554997872,0.499947445002128,0,0,1,2.8185677875745,static_fit_scored_candidate
1,2,76,95,20,20,246136,246136,0.0112355050840869,0.0239565271217219,0.012721022037635,14.3534471830895,0.0325942948601111,0.0530763480352326,0.000859890161117937,0.01353313095828,0.00636911930229582,0.004251154627396,0.000663154040619821,0.500121651463066,0.499878348536934,0,0,1,1.00696602716129,static_fit_scored_candidate
1,2,77,96,20,20,246122,246122,0.0103756149229689,0.0239565271217219,0.013580912198753,14.3526584096324,0.032485599181675,0.0533552193203426,0.000859890161117937,0.0148276362447014,0.00513745658086059,0.00249266800909985,0.000663154040619821,0.500053931337688,0.499946068662312,0,0,1,0.983609500464469,static_fit_scored_candidate
1,2,78,97,20,20,246298,246298,0.00882754256068436,0.0203162107506244,0.01148866818994,14.3629833288737,0.0328778253715329,0.0540316686967113,0.00154807236228458,0.0149422091518758,0.00582735900011252,0.00296530429423917,0,0.500206392126381,0.499793607873619,0,0,1,2.87233601315605,static_fit_scored_candidate
1,2,79,98,20,20,246334,246334,0.00583138740321472,0.0194885103661394,0.0136571229629247,14.3649336714675,0.0329669003202471,0.052968303455443,0.00178461703427749,0.0153378652754618,0.00734607861656817,0.00473531800223773,0.000663154040619821,0.500227077185284,0.499772922814716,0,0,1,3.29557095131472,static_fit_scored_candidate
1,2,80,99,20,20,246311,246311,0.00404677036893723,0.0194885103661394,0.0154417399972022,14.3637446634285,0.0315121380018253,0.0525512358309786,0.00132463805155124,0.0107940627655268,0.00701805299491398,0.00606645670548542,0.000663154040619821,0.500199946554459,0.499800053445541,0,0,1,1.31027536887693,static_fit_scored_candidate
1,2,81,100,20,20,246232,246232,0.00272213231738599,0.0194885103661394,0.0167663780487534,14.3589684876438,0.0317074937359555,0.0522271678741999,0.00132463805155124,0.010304766481113,0.00900831653834447,0.00831101707313885,0,0.500134406163987,0.499865593836013,0,0,1,1.58926656124802,static_fit_scored_candidate
1,2,82,101,20,20,246241,246241,0.000680175618602197,0.0184252587849095,0.0177450831663073,14.3594660183434,0.03106923372232,0.0515098845048001,0.000895317057988857,0.00944307011885948,0.00808442106386633,0.00616451691924718,0,0.500204416159115,0.499795583840885,0,0,1,0.762256661617488,static_fit_scored_candidate
1,2,83,102,20,20,246273,246273,-0.000215141439386661,0.0174114500289121,0.0176265914682987,14.3615075987923,0.031296402369314,0.0513245302018873,0.000834513763455334,0.00946425462518102,0.00994540377593887,0.013927089875979,0,0.500257843312812,0.499742156687188,0,0,1,0.610530996169584,static_fit_scored_candidate
1,2,84,103,20,20,246225,246225,-0.00104965520284199,0.0174114500289121,0.0184611052317541,14.3584065428204,0.0312438630641743,0.0511395941972481,0.000652184460549402,0.00900497999440037,0.0143608292750324,0.0220847129066034,0,0.500256991157581,0.499743008842419,0,0,1,0.894377002456748,static_fit_scored_candidate
1,2,85,104,20,20,246259,246259,-0.0017018396633914,0.0157357011257501,0.0174375407891415,14.3607410593145,0.0312491904220532,0.0515715097864046,0.000652184460549402,0.0109082735401914,0.0150803888010748,0.0192853688655532,0.000663154040619821,0.500268716984708,0.499731283015292,0,0,1,0.578553132262336,static_fit_scored_candidate
1,2,86,105,20,20,246337,246337,-0.00242308695571433,0.0157357011257501,0.0181587880814644,14.3652098189066,0.031466421720466,0.0515709994316798,0.000721247292322935,0.0112801974792576,0.0162177164588453,0.0208456948159527,0.000663594105732369,0.500188099886417,0.499811900113583,0,0,1,0.848296047007297,static_fit_scored_candidate
1,2,87,106,20,20,246361,246361,-0.00410348441170531,0.0100429120359489,0.0141463964476542,14.3666148915036,0.0323976320354543,0.0516633923787566,0.00168039745599098,0.0120187104974817,0.0195294235084951,0.0271896676700152,0,0.500383999572416,0.499616000427584,0,0,1,2.51738407271289,static_fit_scored_candidate
1,2,88,107,20,20,246572,246572,-0.00655238739201153,0.0100429120359489,0.0165952994279604,14.3788294850484,0.0324532593794658,0.0474344207777039,0.00244890298030622,0.0111328874678928,0.0186964408378263,0.0263294797502683,0,0.500365022340497,0.499634977659503,0,0,1,4.32450383415021,static_fit_scored_candidate
1,2,89,108,20,20,246516,246516,-0.00915671762094116,0.00642544664288789,0.015582164263829,14.3758509905649,0.0315192025257593,0.0472342565999773,0.0021564196145158,0.00836520674097452,0.0157735631868751,0.0239037847192259,0.000663154040619821,0.500340731129755,0.499659268870245,0,0,1,2.95249051007981,static_fit_scored_candidate
1,2,90,109,20,20,246509,246509,-0.011313137235457,0.00176868175096044,0.0130818189864174,14.3751315370574,0.0308343896864218,0.047218796650873,0.0021564196145158,0.00865503864256648,0.0165902250344315,0.0255052141176508,0,0.500449936419771,0.499550063580229,0,0,1,2.94861361268929,static_fit_scored_candidate
1,2,91,110,20,20,246442,246442,-0.0139060256592595,-0.00154669989108323,0.0123593257681763,14.3717146662699,0.0304267576005646,0.0480109071432049,0.00110642451963949,0.00816756124895516,0.0155798423225675,0.0243442303095389,0.000663154040619821,0.500342017111826,0.499657982888174,0,0,1,0.591682984702127,static_fit_scored_candidate
1,2,92,111,20,20,246521,246521,-0.015012450178899,-0.00234038472062556,0.0126720654582735,14.3759830982597,0.0301235972022255,0.0486118998555922,0.00110642451963949,0.00896248828491582,0.0148807373803713,0.0226670782179631,0.000663154040619821,0.50034682301973,0.49965317698027,0,0,1,0.592107482460951,static_fit_scored_candidate
1,2,93,112,20,20,246654,246654,-0.0162972798089856,-0.00234038472062556,0.01395689508836,14.383431086667,0.029625032125372,0.0487967047223664,0.00128482963008652,0.00714045935273039,0.0118861463105736,0.0158678250421782,0.000663154040619821,0.50044358652815,0.49955641347185,0,0,1,0.993082834893163,static_fit_scored_candidate
1,2,94,113,20,20,246628,246628,-0.017899064432755,-0.00328728057029472,0.0146117838624603,14.3824772148075,0.0278499999599654,0.0492725886760627,0.000214784992850513,0.00593506389825059,0.00900933806315781,0.0107460452495417,0.000663154040619821,0.500436732228475,0.499563267771525,0,0,1,0.039476656817573,static_fit_scored_candidate
1,2,95,114,20,20,246687,246687,-0.0181138494256055,-0.00328728057029472,0.0148265688553108,14.3853702561169,0.0277894514402745,0.0497794785315865,0.000214784992850513,0.00599878435817583,0.00863484826534777,0.0138571033734066,0.000663154040619821,0.500465858782633,0.499534141217367,0,0,1,0.0399050458797975,static_fit_scored_candidate
1,2,96,115,20,20,246651,246651,-0.0190817775165901,-0.00368675692202775,0.0153950205945624,14.3833615803055,0.028211420277868,0.0496407894523458,0.000198515440085322,0.0062472837478023,0.00859211180766191,0.0145272916530992,0.00132674800038831,0.500441511905125,0.499558488094875,0,0,1,0.0403248791929556,static_fit_scored_candidate
1,2,97,116,20,20,246608,246608,-0.0192802929566754,-0.00368675692202775,0.0155935360346477,14.3806927051066,0.0278967000934274,0.0494712255887887,0.000198515440085322,0.0062472837478023,0.00467411020945664,0.00427666814679052,0.000663594105732369,0.500426034438083,0.499573965561917,0,0,1,0.0407461316117882,static_fit_scored_candidate
1,2,98,117,20,20,246601,246601,-0.0197757226268481,-0.00409964710377906,0.0156760755230691,14.3807555559551,0.0277930295335066,0.0494395873546252,0.00049542967017268,0.00567159227518223,0.00474833808167137,0.00212117056498669,0.000663594105732369,0.500399875575869,0.499600124424131,0,0,1,0.0411656750073933,static_fit_scored_candidate
1,2,99,118,20,20,246522,246522,-0.0204631988854575,-0.004254723517574,0.0162084753678835,14.3760221114986,0.0281064945454498,0.0497476919082929,0.000687476258609408,0.00584857846588784,0.00385637509253878,0.0012136421051981,0.000663594105732369,0.500332456140652,0.499667543859348,0,0,1,0.041937282830591,static_fit_scored_candidate
1,2,100,119,20,20,246519,246519,-0.0221838557651596,-0.00479840857859258,0.017385447186567,14.3759497629094,0.0278040578159148,0.0497484991075775,0.0011432377343819,0.00602029127424146,0.0037816740916474,0.00132940901469392,0.00132674800038831,0.500362419695624,0.499637580304377,0,0,1,1.11814622437865,static_fit_scored_candidate
1,2,101,120,20,20,246641,246641,-0.0233270934995415,-0.00543888523341032,0.0178882082661312,14.3827663589341,0.0278658966368883,0.0501938015925788,0.000927219631663433,0.00577016383663832,0.00391557989137482,0.00383884111606928,0.000663154040619821,0.500478498520794,0.499521501479206,0,0,1,0.82140591089913,static_fit_scored_candidate
1,2,102,121,20,20,246609,246609,-0.0242543131312049,-0.00711136051358465,0.0171429526176203,14.3812721691778,0.0279149374419078,0.0497785995815289,0.000459315469240208,0.00614745195698639,0.00352994487349289,0.00245138082959867,0.000663154040619821,0.500446115507285,0.499553884492715,0,0,1,0.392285403411114,static_fit_scored_candidate
1,2,103,122,20,20,246587,246587,-0.0247136286004451,-0.010025672943558,0.0146879556568871,14.3798778718565,0.0280434504643286,0.0500105439031907,0.00010847617381388,0.00837064038399625,0.00328414555336049,0.000998959284779299,0.000663154040619821,0.500547415637409,0.499452584362591,0,0,1,0.0433079254850363,static_fit_scored_candidate
1,2,104,123,20,20,246599,246599,-0.024822104774259,-0.0115897087610416,0.0132323960132174,14.3804128033979,0.0280436388557476,0.0497323600973236,0.00010847617381388,0.00727290107356207,0.00312622944561193,0.000542959090745566,0.000663154040619821,0.50051748037079,0.49948251962921,0,0,1,0.0437268646559365,static_fit_scored_candidate
1,2,105,124,20,20,246539,246539,-0.024539518860718,-0.0115897087610416,0.0129498100996764,14.3769622048953,0.0277984488232439,0.0498093615640464,0.000282585913541026,0.00837064038399625,0.00345084719630352,9.93243910042772e-05,0,0.500619459699653,0.499380540300347,0,0,1,0.0441669101621139,static_fit_scored_candidate
1,2,106,125,20,20,246406,246406,-0.0238842783050999,-0.00979729690324248,0.0140869814018574,14.3692183407247,0.0279076028263557,0.049316580630499,0.000655240555618112,0.00879617790067551,0.00355850686436137,0.00306807785403722,0,0.500600003536821,0.499399996463179,0,0,1,0.0445875259896202,static_fit_scored_candidate
1,2,107,126,20,20,246414,246414,-0.0223406169528973,-0.00711136051358465,0.0152292564393127,14.3698224516979,0.0279489671856593,0.0490227907278748,0.000292048124929035,0.00680940628758761,0.00519091750636523,0.002332857724647,0.00132674800038831,0.500491950578792,0.499508049421208,0,0,1,0.0449939663298949,static_fit_scored_candidate
1,2,108,127,20,20,246182,246182,-0.0226326650778264,-0.00586798920677703,0.0167646758710493,14.3565049857979,0.0281478372265031,0.051668670587853,0.000198845301408828,0.00562690541058722,0.00556895285626752,0.00224507951858023,0.00132674800038831,0.50066160859611,0.49933839140389,0,0,1,0.351890367720765,static_fit_scored_candidate
1,2,109,128,20,20,246195,246195,-0.0228315103792352,-0.00586798920677703,0.0169635211724582,14.3571237333066,0.0284253500912151,0.0517148938244326,0.000198845301408828,0.00680940628758761,0.0051159157875363,0.00143493603998358,0.00198946212185898,0.500592583832921,0.499407416167079,0,0,1,0.433650978395575,static_fit_scored_candidate
1,2,110,129,20,20,246203,246203,-0.0237816971040856,-0.00711136051358465,0.0166703365905009,14.3574394883759,0.0289148363935596,0.051761953501974,0.000476309104494064,0.00683400752102567,0.00486701698945928,0.000284002666844417,0.00132674800038831,0.500412585473508,0.499587414526492,0,0,1,0.331732070130096,static_fit_scored_candidate
1,2,111,130,20,20,246319,246319,-0.0242580062085796,-0.00711136051358465,0.017146645694995,14.3643831204152,0.0294247588400573,0.0504222150048717,0.000476309104494064,0.0069820800993514,0.00494020932194636,0.00225764417927954,0.00132586845372795,0.500571710634484,0.499428289365516,0,0,1,0.397498546825399,static_fit_scored_candidate
1,2,112,131,20,20,246155,246155,-0.0256691980623891,-0.00979729690324248,0.0158719011591467,14.3551398760367,0.0302641849251199,0.0498058141991258,0.000979130073412299,0.00881528260004118,0.00551248125190887,0.00269751588188108,0.000663154040619821,0.500635585084802,0.499364414915198,0,0,1,0.314840335680865,static_fit_scored_candidate
1,2,113,132,20,20,245991,245991,-0.0266483281358014,-0.0115897087610416,0.0150586193747599,14.3453872012864,0.0300976905256055,0.0520342124947153,0.000790953324212505,0.00972625981605877,0.00418153168021238,0.000699513468276905,0.000663154040619821,0.500450217401438,0.499549782598562,0,0,1,0.201787557494294,static_fit_scored_candidate
1,2,114,133,20,20,245974,245974,-0.0274392814600139,-0.0122543974611924,0.0151848839988216,14.3438956511161,0.0303024430537819,0.051972550167496,0.000790953324212505,0.00824654287754801,0.00499025211172153,0.0021877409071903,0.00132586845372795,0.500415347695869,0.499584652304131,0,0,1,0.19277090603177,static_fit_scored_candidate
1,2,115,134,20,20,245938,245938,-0.0293670039279675,-0.0139534697597866,0.0154135341681809,14.3422191342662,0.0302884585203244,0.0518175164674311,0.00115144540590853,0.00873901020784616,0.00669182605081455,0.00476411083289423,0.000663154040619821,0.500483907001961,0.499516092998039,0,0,1,0.82405304370486,static_fit_scored_candidate
1,2,116,135,20,20,245947,245947,-0.030518449333876,-0.0139534697597866,0.0165649795740894,14.3424963661094,0.0309525516166708,0.051848358189536,0.00115144540590853,0.0102786284046756,0.00941785613447762,0.0112517502870285,0.000662714558781905,0.500473917886881,0.499526082113119,0,0,1,0.962719193198771,static_fit_scored_candidate
1,2,117,136,20,20,246091,246091,-0.0328243407964117,-0.016952481136534,0.0158718596598776,14.3511018471703,0.0308820086045519,0.0448287632267607,0.00141040255750629,0.0106341076985603,0.0113263500012165,0.0140208279099592,0.000662714558781905,0.50038547466769,0.49961452533231,0,0,1,1.28516598293732,static_fit_scored_candidate
1,2,118,137,20,20,246014,246014,-0.0342347433539179,-0.0189143031198726,0.0153204402340453,14.3461221143162,0.0313673895553263,0.0445336888657648,0.00141040255750629,0.012631641513831,0.0125166871194365,0.020013398620155,0.000662714558781905,0.500311557696129,0.499688442303871,0,0,1,1.28557788503543,static_fit_scored_candidate
1,2,119,138,20,20,245981,245981,-0.0358662878791651,-0.0189143031198726,0.0169519847592925,14.3441772551569,0.0321834540890713,0.0443931312605698,0.0272125809655873,0.0147208406787467,0.0152116307588222,0.0271487162780008,0.000662714558781905,0.500229690509285,0.499770309490715,0,0,0,84.9027075300704,static_fit_scored_candidate
1,3,1,20,20,20,245131,245131,0.0392314531683281,0.0515225675669897,0.0122911143986617,14.2938078912003,0.0319664946031255,0.0475825269650637,0.0111438090634334,0.0134152869243112,0.0116626114775945,0.0153461511004093,0,0.500831338995891,0.499168661004109,0,0,1,58.9915040545112,static_fit_scored_candidate
1,3,2,21,20,20,245046,245046,0.0368520910244361,0.0480181263782611,0.011166035353825,14.2893370868296,0.0309080271894049,0.0473050177924325,2.42939463016914e-05,0.0109334672962074,0.00953342889201495,0.0129607266150536,0,0.500862891317797,0.499137108682203,0,0,1,1.09881311827879,static_fit_scored_candidate
1,3,3,22,20,20,244942,244942,0.0368277970781344,0.0480181263782611,0.0111903293001267,14.2831586999821,0.0308221603711941,0.0468841857730747,2.42939463016914e-05,0.0113476046564817,0.00866994725745233,0.00977454169761435,0.000689681203475126,0.500869659225583,0.499130340774417,0,0,1,1.04573542447023,static_fit_scored_candidate
1,3,4,23,20,20,244963,244963,0.0362041179039021,0.0455861378606077,0.00938201995670564,14.2845477190126,0.0309057906527443,0.0469946604399014,3.04400580494815e-05,0.0143268003582157,0.00700886791647776,0.00783312864073418,0.000689681203475126,0.500865557791782,0.499134442208218,0,0,1,1.09827459432956,static_fit_scored_candidate
1,3,5,24,20,20,244792,244792,0.0367973570200849,0.046071858130522,0.00927450111043703,14.2741834506314,0.0307948310623591,0.0478773816137782,0.000593239116182871,0.0131608873595767,0.00785111181453271,0.00930873158138468,0.0013798382311967,0.500713586834216,0.499286413165784,0,0,1,2.74924691820384,static_fit_scored_candidate
1,3,6,25,20,20,244825,244825,0.035170121692076,0.04554293893808,0.010372817246004,14.2763148000599,0.0317066792000574,0.0480337216331465,0.0016272353280089,0.013931754535686,0.012084249595248,0.0150136560652973,0.000689681203475126,0.500757995420255,0.499242004579745,0,0,1,8.7584502638499,static_fit_scored_candidate
1,3,7,26,20,20,244841,244841,0.0335297653837627,0.0446732493749092,0.0111434839911465,14.2775231127378,0.0317908941447947,0.0480795935371093,0.00164035630831333,0.0167673555502656,0.00801583027905162,0.00840353299668695,0.000689681203475126,0.500750053449914,0.499249946550086,0,0,1,8.88039169752749,static_fit_scored_candidate
1,3,8,27,20,20,244833,244833,0.0311110810569056,0.0432373589777956,0.01212627792089,14.277012290276,0.0310709898700687,0.0483262265353134,0.000325478905908148,0.015073587444161,0.00794201386691159,0.00679136710560269,0.000689681203475126,0.500761284638894,0.499238715361105,0,0,1,1.51374746952203,static_fit_scored_candidate
1,3,9,28,20,20,244818,244818,0.0314365599628138,0.0446732493749092,0.0132366894120954,14.2757675311305,0.0308839094823688,0.0485254472673801,0.000325478905908148,0.0150777870234441,0.00737233925882152,0.00484523441805058,0,0.500765704341453,0.499234295658547,0,0,1,1.39760026309431,static_fit_scored_candidate
1,3,10,29,20,20,244819,244819,0.0292979501855641,0.0432038029743397,0.0139058527887755,14.2760263988309,0.0304671748599681,0.0482640307164447,0.00131969009487693,0.0122831040057492,0.00815130586666652,0.00587170947631042,0,0.500681124712224,0.499318875287776,0,0,1,6.36956763731998,static_fit_scored_candidate
1,3,11,30,20,20,244841,244841,0.0279782600906872,0.0418444877101169,0.0138662276194297,14.2773880285121,0.0303440657107496,0.0486187123229485,0.00114669532267424,0.0118383551205021,0.00738356522815777,0.00992544544661286,0.000689681203475126,0.50074156878403,0.49925843121597,0,0,1,5.38304653039166,static_fit_scored_candidate
1,3,12,31,20,20,244883,244883,0.0268315647680129,0.0418444877101169,0.0150129229421039,14.2797932984511,0.0303218661862321,0.0487741134578004,0.000697447089194107,0.00942849582481832,0.00574625385552767,0.00593106910431711,0.000689681203475126,0.500792867073633,0.499207132926367,0,0,1,3.07526581466644,static_fit_scored_candidate
1,3,13,32,20,20,244711,244711,0.0261341176788188,0.0418444877101169,0.015710370031298,14.2699036105042,0.0302505635425839,0.0497727941416849,0.000112681501295713,0.00859762193742074,0.00745303578609154,0.00796609488293158,0.00138079086520925,0.500647157762507,0.499352842237493,0,0,1,0.888097024354395,static_fit_scored_candidate
1,3,14,33,20,20,244810,244810,0.0260214361775231,0.0432038029743397,0.0171823667968165,14.2756098208469,0.0302373515539157,0.0491969347907782,0.000112681501295713,0.0109254720598923,0.00724135457608597,0.00649879199241477,0,0.500703389299816,0.499296610700185,0,0,1,1.14386531638425,static_fit_scored_candidate
1,3,15,34,20,20,244854,244854,0.0250735136903775,0.0420759783645507,0.0170024646741732,14.2783852186658,0.0300964104866764,0.0490574051687522,0.000947922487145612,0.00994448347095518,0.00914820874642955,0.0103178575413233,0,0.500810176901551,0.499189823098449,0,0,1,4.61021944681383,static_fit_scored_candidate
1,3,16,35,20,20,244837,244837,0.0230567724845295,0.0403848994084496,0.0173281269239201,14.277558577663,0.0294590492238466,0.0489952622120569,0.00017539067288205,0.00805177332830626,0.0054317572158914,0.00546246024276833,0.000690157191918337,0.500844532406741,0.499155467593259,0,0,1,0.685858360415737,static_fit_scored_candidate
1,3,17,36,20,20,244697,244697,0.0232321631574115,0.0403848994084496,0.0171527362510381,14.2688335645524,0.0292010276894945,0.0522435635472007,0.00017539067288205,0.00850984841719591,0.00705075916982026,0.00836704427906781,0,0.500521654914833,0.499478345085168,0,0,1,0.669335906493563,static_fit_scored_candidate
1,3,18,37,20,20,244606,244606,0.0219681434175576,0.0384578401609257,0.0164896967433681,14.2638428894364,0.0295867305319565,0.0518871009942439,0.00115728537831194,0.00695053660147414,0.00660740505325511,0.00551913377882562,0.000690157191918337,0.500451774606981,0.499548225393019,0,0,1,5.44320822327162,static_fit_scored_candidate
1,3,19,38,20,20,244667,244667,0.0208108580392456,0.0382638073894699,0.0174529493502243,14.267329937356,0.0298095537050195,0.0521196069776187,0.000665233351529002,0.00695053660147414,0.00762997622609627,0.00975335894452147,0.000689681203475126,0.500421710766887,0.499578289233113,0,0,1,3.18922163180454,static_fit_scored_candidate
1,3,20,39,20,20,244650,244650,0.0201456246877166,0.0382638073894699,0.0181181827017533,14.2664357847127,0.0296376955605797,0.0520576165328712,0.000217846606435909,0.00587176139225214,0.00636478312616465,0.00876044737376683,0.000689681203475126,0.500484885672843,0.499515114327157,0,0,1,1.09694667917701,static_fit_scored_candidate
1,3,21,40,20,20,244597,244597,0.0205930114328097,0.0361860077120736,0.0155929962792639,14.2635817020187,0.029152565307251,0.0519051512673753,0.00019106157116356,0.0070218704292324,0.00573021627511673,0.0036774279504042,0,0.50053654867731,0.49946345132269,0,0,1,0.327665731435917,static_fit_scored_candidate
1,3,22,41,20,20,244735,244735,0.0203366862588802,0.0382638073894699,0.0179271211305898,14.2712390165963,0.0287299567446313,0.052399320083682,0.000256325173929532,0.0071143458497705,0.00571413368298806,0.00791589956958773,0.000689681203475126,0.500631852678211,0.499368147321789,0,0,1,0.791185993235145,static_fit_scored_candidate
1,3,23,42,20,20,244790,244790,0.0191947781998282,0.0366468975593958,0.0174521193595676,14.2747355954081,0.028267501187068,0.0526160985653126,0.000704981880340818,0.00653240179023943,0.0057382406681743,0.00664138805567369,0.00207047157575401,0.500549693721279,0.499450306278721,0,0,1,3.03593819823792,static_fit_scored_candidate
1,3,24,43,20,20,244856,244856,0.0184897963194874,0.035041458447354,0.0165516621278666,14.2785571866135,0.0276970378055278,0.0528637239847094,0.000571780947138608,0.00746299226000089,0.00577819547932347,0.0100190895623165,0.000689681203475126,0.500501228197834,0.499498771802167,0,0,1,2.19907797101281,static_fit_scored_candidate
1,3,25,44,20,20,244872,244872,0.0179180153723488,0.035041458447354,0.0171234430750052,14.2796338353026,0.0273712739954235,0.0529746153092228,0.000571780947138608,0.00753604905404215,0.00545205027741417,0.0080438251933096,0.0013798382311967,0.500579941048401,0.499420058951599,0,0,1,2.31300783177696,static_fit_scored_candidate
1,3,26,45,20,20,244846,244846,0.0200469149174702,0.0366468975593958,0.0165999826419256,14.2780693959063,0.0271869231645564,0.0528654512187153,0.000153920430655201,0.00584655474191527,0.00442323711488296,0.00417879733181851,0,0.500518900921607,0.499481099078393,0,0,1,0.601955295221915,static_fit_scored_candidate
1,3,27,46,20,20,244885,244885,0.019892994486815,0.0366468975593958,0.0167539030725808,14.2801692963575,0.0272885765216743,0.0530201561530169,3.32824604165269e-05,0.00642109717006421,0.0039366756555547,0.00225717865397415,0,0.500513567715803,0.499486432284197,0,0,1,0.645442773247207,static_fit_scored_candidate
1,3,28,47,20,20,244833,244833,0.0198597120263984,0.0366468975593958,0.0167871855329973,14.2769681002342,0.0274252580237025,0.0528026924145142,3.32824604165269e-05,0.00796818237479587,0.00370546744912429,0.000418141204880776,0.000690157191918337,0.500576899624384,0.499423100375616,0,0,1,0.630050111028548,static_fit_scored_candidate
1,3,29,48,20,20,244886,244886,0.0184121417242662,0.035041458447354,0.0166293167230877,14.2804198030293,0.0277872108597695,0.0530038221554343,9.33983049600864e-05,0.0071143458497705,0.00378653798316449,0.00237274035845911,0,0.500576663157443,0.499423336842557,0,0,1,0.622363434735075,static_fit_scored_candidate
1,3,30,49,20,20,244885,244885,0.0185055400292263,0.0366468975593958,0.0181413575301695,14.28035569157,0.028176502193462,0.0530038221554343,9.33983049600864e-05,0.00461735577966624,0.00417271916951023,0.0020232324643221,0,0.500645965069129,0.499354034930871,0,0,1,0.89353658108766,static_fit_scored_candidate
1,3,31,50,20,20,244741,244741,0.0187402498448751,0.0366468975593958,0.0179066477145207,14.2717290844538,0.0283041727601171,0.0524466381198313,0.000234709815648767,0.00592274477142698,0.00431369233362762,0.000302697011932467,0,0.500564555335659,0.49943544466434,0,0,1,0.796096740326859,static_fit_scored_candidate
1,3,32,51,20,20,244806,244806,0.0173257777760137,0.035041458447354,0.0177156806713402,14.2754965302051,0.0285043847042203,0.0527106957288977,0.000259150827441795,0.0069600321094481,0.00404960291862679,0.000425226187928084,0,0.500530688545905,0.499469311454095,0,0,1,0.788783614290894,static_fit_scored_candidate
1,3,33,52,20,20,244867,244867,0.0170666269485719,0.0366468975593958,0.0195802706108239,14.2791872445619,0.028609315270922,0.0529264746720682,0.000259150827441795,0.00456982400080252,0.003805931390342,0.00479408800451029,0,0.500646495631618,0.499353504368382,0,0,1,1.14470965056147,static_fit_scored_candidate
1,3,34,53,20,20,244800,244800,0.0162369842719848,0.0335041301882282,0.0172671459162434,14.275371718082,0.0286691927454448,0.0541339869281046,0.000799393731535775,0.00456982400080252,0.00418153168021228,0.00591943975813646,0,0.500651413869341,0.499348586130659,0,0,1,3.65639098734292,static_fit_scored_candidate
1,3,35,54,20,20,244704,244704,0.015437590540449,0.0314024261361459,0.0159648355956969,14.2699175412329,0.0287436792169441,0.0537629135608735,0.000257733265673282,0.00684818945625186,0.004013078132614,0.00601061408368492,0,0.500606039353952,0.499393960646048,0,0,1,0.582014739634429,static_fit_scored_candidate
1,3,36,55,20,20,244567,244567,0.0156953238061223,0.0315715477126057,0.0158762239064834,14.2620324964038,0.0288257875323529,0.0532530829871447,0.000232375149913536,0.00702715106912248,0.00640944881889439,0.000140863376767428,0.0013798382311967,0.500512957688304,0.499487042311697,0,0,1,0.515476995203971,static_fit_scored_candidate
1,3,37,56,20,20,244648,244648,0.0159276989560359,0.0314087065395903,0.0154810075835544,14.2666034879335,0.0290145537900187,0.0535626696314705,0.000224908154806799,0.00790312530368985,0.00590423420078377,0.00203249174812159,0,0.500612351200393,0.499387648799607,0,0,1,0.476175766757184,static_fit_scored_candidate
1,3,38,57,20,20,244606,244606,0.0154704156513155,0.0314087065395903,0.0159382908882748,14.2642876296305,0.0294390819585214,0.0534242543171115,0.000457283304720335,0.00892503617936264,0.00768645528379612,0.00625158668088279,0.000689681203475126,0.500634737454856,0.499365262545144,0,0,1,1.73187426552505,static_fit_scored_candidate
1,3,39,58,20,20,244666,244666,0.0146249903651913,0.0314087065395903,0.016783716174399,14.2675463216489,0.0301331882576698,0.051351218794448,0.000845425286124191,0.00912095233073563,0.00777336445571928,0.00682620810767447,0,0.500606915260787,0.499393084739213,0,0,1,4.15075997981966,static_fit_scored_candidate
1,3,40,59,20,20,244743,244743,0.0136738975719799,0.0313052205939559,0.017631323021976,14.2721266220905,0.0302667833768572,0.0516621449351159,0.000951092793211391,0.00926365228646262,0.00878802590731325,0.00658771367247646,0.000689681203475126,0.500553455051381,0.499446544948619,0,0,1,4.97333603129604,static_fit_scored_candidate
1,3,41,60,20,20,244776,244776,0.0125989929071152,0.0313052205939559,0.0187062276868408,14.2740392251816,0.0307340082977555,0.0517861228224989,0.000213267679841476,0.00963040263289195,0.00882981418818222,0.00799624513219506,0,0.500631497873724,0.499368502126276,0,0,1,1.86717682168792,static_fit_scored_candidate
1,3,42,61,20,20,244787,244787,0.0123857252272737,0.0307603216703522,0.0183745964430785,14.2747514151878,0.0307922472214362,0.0515384741082079,0.000213267679841476,0.00948436371556044,0.00768046661496027,0.00573662216529001,0.000689681203475126,0.50069377196619,0.49930622803381,0,0,1,1.81971117439266,static_fit_scored_candidate
1,3,43,62,20,20,244700,244700,0.0113528109157882,0.0299824695636398,0.0186296586478516,14.2697838241021,0.0309668752912237,0.0511973845525133,0.00103291431148547,0.0100639039596161,0.00813774671250509,0.011558731009556,0.000689681203475126,0.500631695835439,0.499368304164561,0,0,1,5.97358438545181,static_fit_scored_candidate
1,3,44,63,20,20,244591,244591,0.00985770933214262,0.025651628734327,0.0157939194021844,14.2631953109814,0.0313562550428944,0.0507620854320665,0.00149510158364559,0.0103775042748901,0.009695194313229,0.0123640776434746,0.000689681203475126,0.500546516468944,0.499453483531056,0,0,1,8.09715672684203,static_fit_scored_candidate
1,3,45,64,20,20,244625,244625,0.00739231810558938,0.0213013017483571,0.0139089836427677,14.2652900177715,0.0315373486671936,0.0509017773926125,0.00234640976708253,0.00951592017908918,0.00996296945746145,0.0127882061736925,0,0.500456293920598,0.499543706079402,0,0,1,12.4944706050192,static_fit_scored_candidate
1,3,46,65,20,20,244657,244657,0.00504590833850685,0.0198175689058242,0.0147716605673173,14.2673045773805,0.0312271361230073,0.0510422627319546,0.00125863754384863,0.00847129285327757,0.010153280283309,0.0152577332486584,0,0.500557331187524,0.499442668812476,0,0,1,6.61838964546563,static_fit_scored_candidate
1,3,47,66,20,20,244692,244692,0.00378727079465823,0.0183436878500128,0.0145564170553546,14.26937751185,0.0309718849586358,0.0514606117077796,0.00123480960383324,0.0106021944065211,0.0125709769731221,0.0178859711687247,0.000689681203475126,0.500620063720113,0.499379936279887,0,0,1,6.35009093792331,static_fit_scored_candidate
1,3,48,67,20,20,244793,244793,0.00255246119082499,0.0171602995911114,0.0146078384002864,14.27502273052,0.030869080230895,0.0515531299531038,0.000394559824637226,0.0104331002327861,0.0108575829465293,0.0144145269766693,0,0.500498160248386,0.499501839751614,0,0,1,1.87457273136239,static_fit_scored_candidate
1,3,49,68,20,20,244750,244750,0.00215790136618776,0.0171602995911114,0.0150023982249236,14.272474864418,0.0308671232833428,0.0513826240439302,0.000394559824637226,0.0102556360246503,0.00992224365932792,0.0123635961380647,0.000689681203475126,0.500455904900364,0.499544095099636,0,0,1,1.92422779546829,static_fit_scored_candidate
1,3,50,69,20,20,244871,244871,0.000494357815343969,0.0171602995911114,0.0166659417757674,14.2795499336535,0.0302263073261357,0.0519128360939593,0.00150819668047534,0.010265155333037,0.00910282794585059,0.0225358255568697,0.000689681203475126,0.500449205535654,0.499550794464346,0,0,1,7.73594496990902,static_fit_scored_candidate
1,3,51,70,20,20,244932,244932,-0.00101383886513137,0.015979930974511,0.0169937698396423,14.2832016383768,0.0300130983655069,0.0524063821795437,0.000832932066435803,0.0110169024535577,0.00974442803845104,0.0228864496906223,0.000689681203475126,0.500553452646138,0.499446547353862,0,0,1,4.15864863628189,static_fit_scored_candidate
1,3,52,71,20,20,245189,245189,-0.00184677093156718,0.0156425901853923,0.0174893611169594,14.2979942295732,0.029719632537737,0.0378152631407224,0.000432131745448803,0.0110169024535577,0.0112005249982637,0.0250164479636892,0,0.500543737814324,0.499456262185676,0,0,1,1.76445541154245,static_fit_scored_candidate
1,3,53,72,20,20,245188,245188,-0.00227890267701598,0.0156425901853923,0.0179214928624082,14.2983137762495,0.0290372011439652,0.037832194071488,0.000432131745448803,0.0105981051624563,0.010542803294252,0.022880082144841,0.000689681203475126,0.500584250920127,0.499415749079872,0,0,1,1.48453929698312,static_fit_scored_candidate
1,3,54,73,20,20,245066,245066,-0.00310769828569518,0.0128454057550228,0.015953104040718,14.2907537711097,0.0285962664934041,0.0376385329786019,0.000462160404198649,0.0104106542996147,0.00875760471768416,0.0193405098138495,0.000689681203475126,0.500569661865666,0.499430338134334,0,0,1,1.29052090089165,static_fit_scored_candidate
1,3,55,74,20,20,245170,245170,-0.00356985868989383,0.0128454057550228,0.0164152644449166,14.2971278406363,0.028349488583813,0.038079389163526,0.000462160404198649,0.0107698204307194,0.00676840031651953,0.0168236766618485,0,0.50056050864956,0.49943949135044,0,0,1,1.37369776899879,static_fit_scored_candidate
1,3,56,75,20,20,245308,245308,-0.0046062713740117,0.00893304996819285,0.0135393213422046,14.3050072997378,0.027918866816092,0.0383028682309586,0.00103641268411787,0.00886297538694263,0.00385876072536366,0.0105942403676229,0,0.500542458062588,0.499457541937412,0,0,1,4.07514535598708,static_fit_scored_candidate
1,3,57,76,20,20,245334,245334,-0.00584619738112043,0.00893304996819285,0.0147792473493133,14.3066119663081,0.027336504149796,0.0384289301203248,0.000219640279604409,0.0088242273015082,0.00324467799297285,0.00691864689415544,0,0.500587640062886,0.499412359937114,0,0,1,0.0516081954668405,static_fit_scored_candidate
1,3,58,77,20,20,245432,245432,-0.00606583766072484,0.00893304996819285,0.0149988876289177,14.3123454716418,0.0272512068003357,0.0390821082825385,8.15842858790132e-05,0.00709574457904237,0.00371538839713172,0.00953885752542012,0,0.50051714163088,0.49948285836912,0,0,1,0.0913514103607753,static_fit_scored_candidate
1,3,59,78,20,20,245336,245336,-0.00576461309524142,0.00893304996819285,0.0146976630634343,14.3068819417678,0.0271522205232524,0.0387387093618548,0.000275075403412754,0.00677938819692328,0.00319897602022837,0.0104448232259602,0.000689205871140977,0.500439985327199,0.499560014672801,0,0,1,0.0834633831878683,static_fit_scored_candidate
1,3,60,79,20,20,245277,245277,-0.00634091306413759,0.00893304996819285,0.0152739630323304,14.3032957437415,0.027083124565971,0.0382093933463796,0.000576299968896177,0.0088242273015082,0.0046819790874338,0.00136620309961955,0,0.500531998492283,0.499468001507717,0,0,1,1.77204431096054,static_fit_scored_candidate
1,3,61,80,20,20,245165,245165,-0.00720240725128636,0.00744015452746081,0.0146425617787472,14.2968253467084,0.0266543302335192,0.0377863342687463,0.000861494187148761,0.00804411318391382,0.00499946432578703,0.000306258688617334,0,0.500351190326414,0.499648809673587,0,0,1,3.1599928970535,static_fit_scored_candidate
1,3,62,81,20,20,245241,245241,-0.00806996158776956,0.00744015452746081,0.0155101161152304,14.3011855635474,0.0265644837533749,0.0383454844970723,0.000741002450827939,0.0062173565779415,0.00432860022616846,0.0039630359028805,0.000689681203475126,0.500489848572251,0.499510151427749,0,0,1,2.6817898083651,static_fit_scored_candidate
1,3,63,82,20,20,245281,245281,-0.00881096403859749,0.00593516199747717,0.0147461260360747,14.3034349846996,0.0260864112038742,0.0385023075292314,0.000294604420590453,0.00581518326097868,0.00513745658086047,0.00118634248256508,0.000689681203475126,0.500436360668104,0.499563639331896,0,0,1,0.196605296175659,static_fit_scored_candidate
1,3,64,83,20,20,245313,245313,-0.00910556845918795,0.00593516199747717,0.0150407304566651,14.3055872055502,0.0261984348072149,0.0386440346328817,4.46725073409704e-05,0.00433663575966935,0.00410153750042901,0.000605837578176327,0.000689681203475126,0.500434966631334,0.499565033368666,0,0,1,0.10139442842159,static_fit_scored_candidate
1,3,65,84,20,20,245300,245300,-0.00876629153125652,0.00593516199747717,0.0147014535287337,14.304726307303,0.0262777670710989,0.0382878108438647,0.000106183542296133,0.0048385667410508,0.00547394953244669,0.00324681845521706,0.0013798382311967,0.500491505631448,0.499508494368552,0,0,1,0.0410824382363643,static_fit_scored_candidate
1,3,66,85,20,20,245219,245219,-0.00866010798896039,0.00593516199747717,0.0145952699864376,14.2999300796331,0.0265200535303835,0.0379577522224941,5.14237418777e-05,0.00388525565936904,0.00682526725171901,0.00662948084829434,0.000689681203475126,0.50036387771896,0.49963612228104,0,0,1,0.0278359982128113,static_fit_scored_candidate
1,3,67,86,20,20,245210,245210,-0.00871153173083809,0.00864681835885242,0.0173583500896905,14.2994905478987,0.026698187447847,0.0382363016491852,5.14237418777e-05,0.00479046959756268,0.00681447204171714,0.00460805314693221,0.000689681203475126,0.500442002729912,0.499557997270087,0,0,1,0.517653227024334,static_fit_scored_candidate
1,3,68,87,20,20,245142,245142,-0.00837062637820689,0.00864681835885242,0.0170174447370593,14.2956150674246,0.0272401037898047,0.0379695199556179,0.000263589103102767,0.00438251797629166,0.00528055907096143,0.00179019500839224,0.000689681203475126,0.500401759146625,0.499598240853376,0,0,1,0.45703417808958,static_fit_scored_candidate
1,3,69,88,20,20,245309,245309,-0.00897512083394086,0.00864681835885242,0.0176219391927933,14.3052303467345,0.0274988539100589,0.0383348552048004,0.000604494455733972,0.00402157742422073,0.00508162279211175,0.00139778823842662,0.00137888691075872,0.500428574177212,0.499571425822788,0,0,1,2.34463565784671,static_fit_scored_candidate
1,3,70,89,20,20,245279,245279,-0.0096099690588325,0.00593516199747717,0.0155451310563097,14.3037893638108,0.0277473978470976,0.0382257012393999,0.000137252170178384,0.00469453599171477,0.00673432296621396,0.00397143296706283,0,0.500535715908963,0.499464284091037,0,0,1,0.194288846246466,static_fit_scored_candidate
1,3,71,90,20,20,245305,245305,-0.00974722122901088,0.00255756745536823,0.0123047886843791,14.3046221564166,0.0281888445792031,0.0383028682309586,0.000137252170178384,0.0048385667410508,0.00636911930229576,0.00347757930492425,0,0.500343118071458,0.499656881928542,0,0,1,0.0299694288059632,static_fit_scored_candidate
1,3,72,91,20,20,245031,245031,-0.0107891945492682,0.00255756745536823,0.0133467620046365,14.2894981337686,0.0285930390052283,0.0504260667994384,0.000255450710552378,0.00450263614213868,0.006832005595992,0.00697102304240464,0,0.500219229182824,0.499780770817176,0,0,1,0.0303769570111322,static_fit_scored_candidate
1,3,73,92,20,20,245094,245094,-0.0110446452598206,0.00255756745536823,0.0136022127151889,14.2925315271316,0.0286978278378232,0.0506413813362927,0.000255450710552378,0.00492271312691111,0.00573663668752305,0.00434725888375061,0.000689681203475126,0.500245229042765,0.499754770957235,0,0,1,0.0455596153867205,static_fit_scored_candidate
1,3,74,93,20,20,245203,245203,-0.0121059906647005,-0.000207468569338651,0.0118985220953618,14.2991413197935,0.0287115683027467,0.0510595259457431,0.000107106169270343,0.00458641749400629,0.00482523924671794,0.00385294490347814,0.000689681203475126,0.50026116885248,0.49973883114752,0,0,1,0.0878868126154659,static_fit_scored_candidate
1,3,75,94,20,20,245135,245135,-0.0122130968339708,-0.000207468569338651,0.0120056282646321,14.2949226864878,0.0285825690440495,0.0507799751974414,0.000107106169270343,0.00362937841375878,0.00551748729009976,7.079652851384e-05,0.00206904361042638,0.500289993808611,0.499710006191389,0,0,1,0.060308320507318,static_fit_scored_candidate
1,3,76,95,20,20,245091,245091,-0.0133616641184814,-0.00114822664283655,0.0122134374756449,14.2926974082518,0.0286552580304693,0.0506095670197314,0.00050713929716268,0.00362937841375878,0.00500865959624872,0.0018843583271113,0.000689681203475126,0.500375440091415,0.499624559908585,0,0,1,1.31035549082241,static_fit_scored_candidate
1,3,77,96,20,20,245082,245082,-0.0127202361311335,-0.00114822664283655,0.0115720094882969,14.2922677238124,0.0291385456243142,0.0505785771408986,0.000641427987347931,0.00435773038123569,0.00465833257723219,0.00134331327496693,0.000689681203475126,0.500325551727563,0.499674448272437,0,0,1,2.01425546363919,static_fit_scored_candidate
1,3,78,97,20,20,245124,245124,-0.011899996327168,-0.000207468569338651,0.0116925277578293,14.2946984250159,0.029165616836172,0.050733506307012,0.000255215492426996,0.00484225796947079,0.00509789559844141,0.000483391585449512,0.000689681203475126,0.500402548504615,0.499597451495385,0,0,1,0.0694531128295998,static_fit_scored_candidate
1,3,79,98,20,20,245082,245082,-0.0124650206387065,-0.000207468569338651,0.0122575520693678,14.2917840055628,0.0292333848402339,0.0505622562060355,0.00056502431153849,0.00522810862223289,0.00414172772282561,0.00139907626295894,0.000689681203475126,0.500521962591836,0.499478037408164,0,0,1,1.66622270437525,static_fit_scored_candidate
1,3,80,99,20,20,245133,245133,-0.0110969913945596,-0.000207468569338651,0.010889522825221,14.2949327187222,0.0299340000492083,0.0507473402519418,0.000936885325537241,0.00546072953792455,0.00550747066346068,0.0070169357916784,0,0.500397837715519,0.49960216228448,0,0,1,4.07836723906439,static_fit_scored_candidate
1,3,81,100,20,20,245281,245281,-0.0101601060690224,0.00398660959119287,0.0141467156602153,14.3034173160536,0.030017477401779,0.0513364100389752,0.000134959990279203,0.00546072953792455,0.00651341955455581,0.00887250151924379,0,0.50047902392584,0.49952097607416,0,0,1,0.661976456065922,static_fit_scored_candidate
1,3,82,101,20,20,245253,245253,-0.0102950660593016,0.0033981232986444,0.013693189357946,14.3021414057926,0.0300212220676348,0.0512444140000652,0.000134959990279203,0.00670372120748745,0.00909271256552211,0.0116544178385136,0,0.500528369844613,0.499471630155386,0,0,1,0.655527284178134,static_fit_scored_candidate
1,3,83,102,20,20,245250,245250,-0.00938934456787522,0.00698599905593477,0.01637534362381,14.3016139040475,0.0301490193625921,0.0512289400290314,0.000269216719334237,0.00670372120748745,0.00826454723132163,0.0111578968121845,0,0.500509964904739,0.499490035095261,0,0,1,1.06220845267348,static_fit_scored_candidate
1,3,84,103,20,20,245261,245261,-0.00965856128720946,0.00698599905593477,0.0166445603431442,14.3025023512832,0.0299835806839567,0.0512916693848261,0.000269216719334237,0.00823587762861891,0.00889316327042313,0.00853616251755951,0,0.500508351146308,0.499491648853692,0,0,1,1.01403515589976,static_fit_scored_candidate
1,3,85,104,20,20,245370,245370,-0.00897714805737254,0.00698599905593477,0.0159631471133073,14.3090207206592,0.0299150791272884,0.0517255432567693,0.000681413229836917,0.00824427638586612,0.00858889800100079,0.00650284792146495,0.000530646462445714,0.500423069045026,0.499576930954974,0,0,1,3.06207921989465,static_fit_scored_candidate
1,3,86,105,20,20,245435,245435,-0.00770870272389703,0.00905467182179148,0.0167633745456885,14.3124370053204,0.0299243852322656,0.0519728157238547,6.56159621767426e-05,0.00842494326527345,0.00995002933024486,0.0107504412192266,0,0.500538801868212,0.499461198131788,0,0,1,1.05272647130359,static_fit_scored_candidate
1,3,87,106,20,20,245366,245366,-0.00777431868607378,0.00698599905593477,0.0147603177420085,14.3084996830962,0.0298223942552047,0.051693782400313,1.39134693469926e-05,0.00770089688975281,0.00822660042642544,0.00421837390957188,0,0.500653531709512,0.499346468290488,0,0,1,0.603007650470289,static_fit_scored_candidate
1,3,88,107,20,20,245318,245318,-0.00776040521672678,0.00469603104869252,0.0124564362654193,14.3058374309246,0.0293420238772754,0.0515408446111202,1.39134693469926e-05,0.0093568232391472,0.0084397400705445,0.00438823342021167,0,0.500544674556448,0.499455325443552,0,0,1,0.264567512822451,static_fit_scored_candidate
1,3,89,108,20,20,245220,245220,-0.00734642641698507,0.00469603104869252,0.0120424574656776,14.3001363366196,0.0290757912858321,0.0513661202185792,0.000413978799741713,0.00765360026348311,0.00949182968373989,0.00826222999042566,0.000689681203475126,0.5005507075322,0.4994492924678,0,0,1,0.901562436835536,static_fit_scored_candidate
1,3,90,109,20,20,245220,245220,-0.00540006977852842,0.00698599905593477,0.0123860688344632,14.2999702865339,0.0288577233298846,0.0536987195171683,0.000216644612926073,0.00598791059164664,0.00612306829271284,0.00189024640934693,0.000689681203475126,0.500554940726217,0.499445059273783,0,0,1,0.359213610903918,static_fit_scored_candidate
1,3,91,110,20,20,245229,245229,-0.00518342516560235,0.00698599905593477,0.0121694242215371,14.300946166006,0.0285772601001069,0.0534840477588569,0.000216644612926073,0.00562650937595335,0.00578774359183325,0.00254118185763115,0.000689681203475126,0.50050457586164,0.49949542413836,0,0,1,0.338123200112726,static_fit_scored_candidate
1,3,92,111,20,20,245198,245198,-0.00412486988794212,0.00698599905593477,0.0111108689438769,14.2987252126265,0.0279890021562522,0.0533442088091354,0.000383865192881958,0.00554128327793744,0.00464844436277624,0.00356338942519018,0.0013798382311967,0.50063897591064,0.49936102408936,0,0,1,0.94261080901272,static_fit_scored_candidate
1,3,93,112,20,20,245096,245096,-0.00450873508082408,0.00698599905593477,0.0114947341367589,14.292739373983,0.0280534587743776,0.0532526030616575,4.92390138435769e-05,0.00611919038608147,0.00487646201481792,0.00154496729762082,0.000689681203475126,0.500581158517224,0.499418841482776,0,0,1,0.315799834702401,static_fit_scored_candidate
1,3,94,113,20,20,245058,245058,-0.00407563087409855,0.00698599905593477,0.0110616299300333,14.2908299551946,0.0282703092167089,0.0531298457520607,0.000433104206725535,0.00526272206834159,0.00402452773685833,0.000596029634919336,0.000689681203475126,0.500597570375728,0.499402429624271,0,0,1,1.18106064038815,static_fit_scored_candidate
1,3,95,114,20,20,245090,245090,-0.00290705998466067,0.00698599905593477,0.00989305904059544,14.2922847016647,0.0290382697838423,0.0532371517634194,7.71774401866613e-05,0.00470215582720186,0.00502150468683267,0.00288465299198935,0.000848240603477726,0.500713163960947,0.499286836039053,0,0,1,0.315127465663696,static_fit_scored_candidate
1,3,96,115,20,20,245033,245033,-0.00298423742484734,0.00698599905593477,0.00997023648078211,14.2891247051931,0.029136370752607,0.0530207806199905,7.71774401866613e-05,0.00500508397606508,0.00683200559599199,0.00470586171007632,0.000689681203475126,0.500650593452471,0.499349406547529,0,0,1,0.293864826805305,static_fit_scored_candidate
1,3,97,116,20,20,245138,245138,-0.00432272605629521,0.00557876152907398,0.0099014875853692,14.295277901807,0.0289686488001574,0.0479073182671127,0.000517328441813892,0.00554128327793744,0.00547899077636925,0.00152938523748999,0,0.500548801483527,0.499451198516473,0,0,1,1.36140631505835,static_fit_scored_candidate
1,3,98,117,20,20,245067,245067,-0.00350156586666123,0.00557876152907398,0.00908032739573521,14.2911261309464,0.0289281196862462,0.0479377152463806,0.000821160189633987,0.00484598543215869,0.00469179662618121,0.00220565256654666,0,0.500554118621272,0.499445881378729,0,0,1,2.96050360381388,static_fit_scored_candidate
1,3,99,118,20,20,245078,245078,-0.00178651162593723,0.0063573709196579,0.00814388254559513,14.2917840998,0.0285263365319712,0.0476905500244818,0.000425027617713664,0.00484221593494862,0.00507981148469657,0.000771923399162287,0.000689681203475126,0.500582020329231,0.499417979670769,0,0,1,0.876607819905565,static_fit_scored_candidate
1,3,100,119,20,20,245117,245117,-0.00307653824894756,0.0063573709196579,0.00943390916860546,14.2943221526752,0.0281262548743496,0.0481723237597911,0.000210487711747283,0.00484598543215869,0.00475027578347895,0.00132554526977065,0.000689681203475126,0.50060121392379,0.49939878607621,0,0,1,0.0424038865354986,static_fit_scored_candidate
1,3,101,120,20,20,245016,245016,-0.00199699933768452,0.0063573709196579,0.00835437025734241,14.2881870103194,0.0285792354215914,0.0477519835439318,0.000121469585383123,0.00484598543215869,0.00436459311956195,0.00746430229028729,0.000689681203475126,0.500564277717285,0.499435722282715,0,0,1,0.0428253271698083,static_fit_scored_candidate
1,3,102,121,20,20,244968,244968,-0.00187552975230139,0.00840206664504414,0.0102775963973455,14.2855757403891,0.0285510670318358,0.047271480356618,2.08370727377235e-05,0.00468877439909034,0.00454635628276116,0.00866860505409203,0.0013798382311967,0.500493720109465,0.499506279890535,0,0,1,0.0432413883799076,static_fit_scored_candidate
1,3,103,122,20,20,244947,244947,-0.00197616226494679,0.00840206664504414,0.0103782289099909,14.2844056147877,0.0285557758080798,0.0472100200858958,0.0001006325126454,0.00538221823588881,0.00485944775161363,0.00530392401783781,0.000689681203475126,0.500543697062429,0.499456302937571,0,0,1,0.0436767351197322,static_fit_scored_candidate
1,3,104,123,20,20,245049,245049,-0.00108873775508628,0.00840206664504414,0.00949080440013042,14.2901152739409,0.0285768346283585,0.0476143838858691,0.000887424509860515,0.00748145827889858,0.00640513994525184,0.00688058041704157,0.000689681203475126,0.500466271259441,0.499533728740559,0,0,1,3.31171609676273,static_fit_scored_candidate
1,3,105,124,20,20,244947,244947,0.000374601009308409,0.00840206664504414,0.00802746563573573,14.2842868072802,0.028787252875069,0.0475202900207391,0.000245397383323659,0.00706340386384444,0.00569639038806591,0.00507350026564603,0.000689681203475126,0.500576790164004,0.499423209835996,0,0,1,0.0445367308706851,static_fit_scored_candidate
1,3,106,125,20,20,244898,244898,0.00012920362598475,0.00840206664504414,0.00827286301905939,14.2814235316007,0.0287703825314723,0.0473336055532871,0.000245397383323659,0.00991440286465844,0.00796399952323384,0.0109536885585951,0.000689681203475126,0.500516656536196,0.499483343463804,0,0,1,0.0449544599175862,static_fit_scored_candidate
1,3,107,126,20,20,245000,245000,0.00190349135704414,0.0119987410959099,0.0100952497388658,14.2873463203532,0.0293328843574364,0.0474285714285714,0.00164010708274952,0.0122268489890554,0.010274017471255,0.0123788193456243,0.000689205871140977,0.500534566292105,0.499465433707895,0,0,1,7.39012308824659,static_fit_scored_candidate
1,3,108,127,20,20,245035,245035,0.00354359843979367,0.0140690799379861,0.0105254814981924,14.2893130166139,0.0296956302871709,0.0478623549192772,0.000967326538677344,0.0113636478367537,0.0100439256648377,0.012927876532173,0.000689205871140977,0.500443327989638,0.499556672010362,0,0,1,4.07660941392878,static_fit_scored_candidate
1,3,109,128,20,20,245051,245051,0.00451092497847101,0.0151689429454745,0.0106580179670035,14.2900750445896,0.0300328966256055,0.0475980608197444,0.000318115963127563,0.0106599928622347,0.010005369185995,0.0134595712778123,0.00137793690118027,0.500523083912606,0.499476916087394,0,0,1,0.871263935399894,static_fit_scored_candidate
1,3,110,129,20,20,244911,244911,0.00386171440292123,0.0151689429454745,0.0113072285425533,14.2821120389933,0.0301377157688022,0.0473639511334683,0.000210658922528649,0.0122387671090755,0.011404890882066,0.0141764076550922,0.000689205871140977,0.500489489218542,0.499510510781458,0,0,1,0.66490363271503,static_fit_scored_candidate
1,3,111,130,20,20,244822,244822,0.00430026605594236,0.0151689429454745,0.0108686768895321,14.2767687557285,0.0302002602272343,0.0470051955690619,0.000233348163668473,0.0115158068820741,0.00832446015826481,0.00846404425646899,0.00137793690118027,0.500510144232309,0.499489855767691,0,0,1,0.704307570198082,static_fit_scored_candidate
1,3,112,131,20,20,244891,244891,0.00362836623925276,0.0151689429454745,0.0115405767062217,14.2810285644307,0.0304869346244215,0.0472698168988779,0.000671899816689605,0.0130237059796613,0.00638355195008474,0.007319627931358,0.000689205871140977,0.50045137466607,0.49954862533393,0,0,1,3.01696056104843,static_fit_scored_candidate
1,3,113,132,20,20,244939,244939,0.00274489512410847,0.0140690799379861,0.0113241848138776,14.2839058381131,0.0307211586733019,0.0474728504939985,0.000588449406664535,0.0130237059796613,0.00551581911552192,0.00636844175238172,0.000689205871140977,0.500458786237894,0.499541213762106,0,0,1,2.72425059838148,static_fit_scored_candidate
1,3,114,133,20,20,244987,244987,0.00421681564591729,0.0146711340614483,0.010454318415531,14.2863180625957,0.0305381312012822,0.0472839486015642,5.14537734070701e-05,0.0165979464230505,0.00477539435810554,0.00562848399678058,0.000689205871140977,0.500513504432563,0.499486495567437,0,0,1,0.916127449976027,static_fit_scored_candidate
1,3,115,134,20,20,244939,244939,0.00416536187251022,0.0146711340614483,0.010505772188938,14.2837325887326,0.0302954961777949,0.0471135788356332,5.14537734070701e-05,0.0142699613266641,0.00583051660478744,0.0057476519990839,0.000689205871140977,0.500602568980989,0.499397431019011,0,0,1,0.765376067499397,static_fit_scored_candidate
1,3,116,135,20,20,244955,244955,0.0042875987691457,0.0146711340614483,0.0103835352923026,14.2845371477611,0.029953883182167,0.0471594898675681,0.000122236896635477,0.0145240723903747,0.00438562742511042,0.000689107704127438,0.000689205871140977,0.500571386585112,0.499428613414888,0,0,1,0.55292937473236,static_fit_scored_candidate
1,3,117,136,20,20,244811,244811,0.00569154695261297,0.0152124951086117,0.00952094815599873,14.276286213301,0.0297188019686248,0.0502262960965966,0.000182377209768125,0.0115158068820741,0.00621555348742643,0.00623130380836194,0.000689205871140977,0.500505109131148,0.499494890868852,0,0,1,0.406860137555228,static_fit_scored_candidate
1,3,118,137,20,20,244715,244715,0.00446997597891383,0.0146711340614483,0.0102011580825344,14.270358715284,0.0303521441183612,0.0498537079716896,0.0111438090634334,0.0115204423181602,0.00826788711718481,0.0121831488077521,0.000689205871140977,0.500441478726436,0.499558521273564,0,0,1,58.0354926499511,static_fit_scored_candidate
1,4,1,20,20,20,245166,245166,-0.0298791921511744,-0.0108848756782844,0.01899431647289,14.2958846295532,0.0293919778794503,0.0487176140442472,0.0116269923467537,0.00605794251007398,0.00478117221183172,0.00375688910701995,0,0.500136785301772,0.499863214698228,0,0,1,33.4367395263534,static_fit_scored_candidate
1,4,2,21,20,20,245150,245150,-0.0305717037782837,-0.0108848756782844,0.0196868280999993,14.2955102231326,0.0295860227402513,0.0492102858634643,0.000323099262968866,0.00520414365797102,0.00480421413909256,0.00933018119986777,0.00067937308484616,0.500214875924324,0.499785124075676,0,0,1,0.894547041572026,static_fit_scored_candidate
1,4,3,22,20,20,245205,245205,-0.0308948030412525,-0.0108848756782844,0.0200099273629682,14.2984020316828,0.0293602420295543,0.0494111121986232,0.000323099262968866,0.00376563225242542,0.00560354807436268,0.00666068531777622,0.00135828477863286,0.500150775979519,0.499849224020481,0,0,1,0.968817802052552,static_fit_scored_candidate
1,4,4,23,20,20,245418,245418,-0.0288882564012617,-0.00819108466939698,0.0206971717318647,14.3112238659577,0.0293871986027706,0.0486349930730992,0.00200654663999081,0.0038145744725936,0.0044790595629411,0.00366853172635663,0.00135828477863286,0.500295264904918,0.499704735095082,0,0,1,5.66930901700035,static_fit_scored_candidate
1,4,5,24,20,20,245454,245454,-0.0264082688019138,-0.00735462597526211,0.0190536428266517,14.3129275683191,0.0300585405741186,0.0490189687764813,0.000137118178181263,0.0046321703342885,0.00398315513659026,0.00277399782012178,0.00135828477863286,0.500293358783936,0.499706641216063,0,0,1,0.829875086585347,static_fit_scored_candidate
1,4,6,25,20,20,245453,245453,-0.0262711506237326,-0.00684499216657448,0.0194261584571581,14.3130375468368,0.0300744782548169,0.0490515611759338,0.000137118178181263,0.00505092663189614,0.00496251286343018,0.00644108598048045,0.00135828477863286,0.500353312353866,0.499646687646134,0,0,1,0.919172459400714,static_fit_scored_candidate
1,4,7,26,20,20,245376,245376,-0.0256987674060444,-0.00641198901830734,0.019286778387737,14.3084972354939,0.0302306177835878,0.0487415232133542,4.25282969746983e-05,0.00505092663189614,0.00510150472852068,0.000833090795244725,0.00067937308484616,0.500243187999862,0.499756812000138,0,0,1,0.998282935614232,static_fit_scored_candidate
1,4,8,27,20,20,245529,245529,-0.0262286223267579,-0.00641198901830734,0.0198166333084505,14.3174248292186,0.0299537159476308,0.0493296189498721,0.000251498693519557,0.00489975002912314,0.0058210386522656,0.00115684191255082,0.00135828477863286,0.500262633397724,0.499737366602276,0,0,1,0.928451453703946,static_fit_scored_candidate
1,4,9,28,20,20,245545,245545,-0.0254472687125248,-0.00592399820007107,0.0195232705124537,14.3182261767669,0.0303169428428753,0.0490983432974408,9.8355557930814e-06,0.00408121351288442,0.00804562474735195,0.00572136691843558,0.00135828477863286,0.500353642355274,0.499646357644726,0,0,1,1.128671024285,static_fit_scored_candidate
1,4,10,29,20,20,245454,245454,-0.0254374331567317,-0.00641198901830734,0.0190254441384244,14.3132040508638,0.0301789666132236,0.0487582295808617,9.8355557930814e-06,0.00490863021070334,0.00855023809881357,0.00692081184987505,0,0.500375808050374,0.499624191949626,0,0,1,0.907802430692237,static_fit_scored_candidate
1,4,11,30,20,20,245539,245539,-0.0250295001053776,-0.00592399820007107,0.0191055019053065,14.3178731938362,0.0306369610436319,0.049051071108577,0.000407933051354139,0.00626752843159942,0.00920836859294716,0.00733584137574772,0.00135736293592551,0.500293900462154,0.499706099537846,0,0,1,1.28944427858262,static_fit_scored_candidate
1,4,12,31,20,20,245514,245514,-0.0234834112315491,-0.00483161058160317,0.0186518006499459,14.316822188512,0.0307583291615279,0.0489581127095586,2.11237211206958e-05,0.00729245261116145,0.0124828203667327,0.0165729515907997,0,0.500159738415831,0.499840261584169,0,0,1,1.28767813262377,static_fit_scored_candidate
1,4,13,32,20,20,245623,245623,-0.0235045349526698,-0.00522677322531763,0.0182777617273521,14.3231182610918,0.0304602896015637,0.0493762824479693,2.11237211206958e-05,0.00870725597463929,0.0136821836652107,0.0158321154628695,0,0.500263433665324,0.499736566334676,0,0,1,1.00122855199861,static_fit_scored_candidate
1,4,14,33,20,20,245706,245706,-0.0224420029514644,-0.00422944750160476,0.0182125554498596,14.3279561100293,0.0302628002238378,0.0497175509140932,0.000362190465809337,0.00870725597463929,0.0104577899012898,0.0105147638649771,0,0.50035212658214,0.49964787341786,0,0,1,0.851192774844084,static_fit_scored_candidate
1,4,15,34,20,20,245757,245757,-0.022079812485655,-0.00422944750160476,0.0178503649840503,14.3307401747772,0.030436449668047,0.0501953125,0.000362190465809337,0.0100214940793385,0.00608689031994966,0.00550418333538586,0,0.50037566590105,0.49962433409895,0,0,1,0.932699792719804,static_fit_scored_candidate
1,4,16,35,20,20,245774,245774,-0.0213073205761596,-0.00305615061260524,0.0182511699635544,14.3321122784131,0.0304062643305134,0.0499967450035805,0.000772491909495417,0.0111138072722698,0.00755604412733379,0.0125067303104,0,0.500463818755473,0.499536181244527,0,0,1,1.97131912577972,static_fit_scored_candidate
1,4,17,36,20,20,245850,245850,-0.0196502070043908,-0.00153072850700601,0.0181194784973848,14.3362524977509,0.0297849218549005,0.0502741486748125,0.00124369038455973,0.0133369032193971,0.0065345785260031,0.00881219411227543,0.000678911850408626,0.500417055251852,0.499582944748148,0,0,1,2.99614643414163,static_fit_scored_candidate
1,4,18,37,20,20,245848,245848,-0.018406516619831,-0.00305615061260524,0.0153503660072258,14.3363271835989,0.029563056292647,0.0497543197422798,0.000399342176842253,0.0109326018624079,0.00747153429006343,0.0067353129986017,0.000678911850408626,0.501013243335008,0.498986756664992,0,0,1,0.161851512891201,static_fit_scored_candidate
1,4,19,38,20,20,245999,245999,-0.0180071744429888,-0.000361827638299495,0.0176453468046893,14.345119496417,0.0295332165498922,0.0503414634146341,0.000399342176842253,0.011352345270683,0.00445226945636192,0.0025258813074136,0.000678911850408626,0.500971320704374,0.499028679295625,0,0,1,0.538493754692149,static_fit_scored_candidate
1,4,20,39,20,20,245954,245954,-0.0164064917525803,0.00185594308476215,0.0182624348373425,14.3423620911719,0.0297018169256255,0.0501715754037307,0.00134167866386,0.0110439045792303,0.00591824558708105,0.006065633944877,0.00067937308484616,0.500842098393346,0.499157901606654,0,0,1,3.30824315908745,static_fit_scored_candidate
1,4,21,40,20,20,245990,245990,-0.0150648130887203,0.00185594308476215,0.0169207561734825,14.3448831515422,0.0299314538243419,0.050343100588637,0.00134167866386,0.0110417501528945,0.0070350791819097,0.00713495805144619,0.00203673555122477,0.500980252955783,0.499019747044217,0,0,1,3.04524663972696,static_fit_scored_candidate
1,4,22,41,20,20,245964,245964,-0.0133030927790138,0.00254195263285228,0.0158450454118661,14.3429559888339,0.0295489787298924,0.0501862061114635,0.00171604554525998,0.00891284126436945,0.00418153168021227,0.00426948608961951,0.00067937308484616,0.50086480729934,0.49913519270066,0,0,1,3.928015493631,static_fit_scored_candidate
1,4,23,42,20,20,245980,245980,-0.0115870472337539,0.00355521496268669,0.0151422621964405,14.3441534102253,0.0295716833227861,0.0502805106106188,0.000498908616073998,0.00764547573312279,0.00568830695787174,0.00622497259630156,0.00203811925453971,0.500922335043747,0.499077664956253,0,0,1,0.376289887885546,static_fit_scored_candidate
1,4,24,43,20,20,245926,245926,-0.0110881386176799,0.00355521496268669,0.0146433535803665,14.3406527714955,0.0298882496387728,0.0520477538141245,2.95627609088796e-05,0.00872078912983156,0.00717624808326584,0.0102512733514756,0.00135828477863286,0.500497940653474,0.499502059346526,0,0,1,0.262947533675869,static_fit_scored_candidate
1,4,25,44,20,20,245893,245893,-0.011557484472845,0.00355521496268669,0.0151126994355317,14.3394549707902,0.029564929152421,0.0522822656732928,0.000469345855165119,0.00764547573312279,0.0106037297678302,0.013083530770791,0.00203811925453971,0.500453175116386,0.499546824883614,0,0,1,0.376765966465328,static_fit_scored_candidate
1,4,26,45,20,20,245901,245901,-0.0100272968590963,0.00642361739059697,0.0164509142496933,14.3393902172072,0.0293503172229563,0.0522805647732448,0.000318210230092998,0.0076785082963274,0.00966572412457298,0.00839650471363084,0.00135828477863286,0.500492108157623,0.499507891842377,0,0,1,0.383687800652668,static_fit_scored_candidate
1,4,27,46,20,20,245927,245927,-0.0103455070891893,0.00642361739059697,0.0167691244797863,14.3409293749817,0.0293959324955328,0.0520802836602583,7.54020986023576e-05,0.00871646379342434,0.00840258448905273,0.00755599296380188,0.000678911850408626,0.500512344869077,0.499487655130923,0,0,1,0.43973814766507,static_fit_scored_candidate
1,4,28,47,20,20,245947,245947,-0.0104209091877917,0.00642361739059697,0.0168445265783887,14.342009712683,0.0294131180986619,0.049571454128515,7.54020986023576e-05,0.00764547573312279,0.00708591228175315,0.00798382995109133,0.00067937308484616,0.500566253645677,0.499433746354322,0,0,1,0.347518170610922,static_fit_scored_candidate
1,4,29,48,20,20,246093,246093,-0.0106365114055853,0.00642361739059697,0.0170601287961822,14.3509140073271,0.0294144178682006,0.0482575905337754,0.000215602217793563,0.00891284126436945,0.00885375314014901,0.0108367949153912,0,0.500549392650229,0.499450607349771,0,0,1,0.334968443991628,static_fit_scored_candidate
1,4,30,49,20,20,246176,246176,-0.00912219049831608,0.00829406702016453,0.0174162575184806,14.3557264439272,0.0296639468314191,0.0485343819056285,0.0012781925986881,0.00791041334773896,0.00727305665645382,0.0119430401920771,0.00067937308484616,0.500519886749536,0.499480113250464,0,0,1,2.88577218399052,static_fit_scored_candidate
1,4,31,50,20,20,246092,246092,-0.00784399789962798,0.00967912836920842,0.0175231262688364,14.3505899076396,0.0295375988026339,0.0482096126651821,0.000215501821165497,0.00708220484206117,0.00647373777801662,0.00941277127092385,0.00067937308484616,0.500539208953937,0.499460791046063,0,0,1,0.427215774274573,static_fit_scored_candidate
1,4,32,51,20,20,246017,246017,-0.00762849607846248,0.00972367913091935,0.0173521752093818,14.346145529276,0.0298226628910009,0.0479310625152427,0.000215501821165497,0.0076785082963274,0.00566236243514025,0.00809640333163618,0.00067937308484616,0.500560417263857,0.499439582736143,0,0,1,0.381162348398065,static_fit_scored_candidate
1,4,33,52,20,20,245948,245948,-0.0065099334315698,0.0118069545269041,0.0183168879584739,14.3425654732569,0.0302343235634156,0.047652349277083,0.00111856264689268,0.00940194062963372,0.00449955879847427,0.00658564827114821,0.0013592078743162,0.500476318887327,0.499523681112673,0,0,1,2.76986449834263,static_fit_scored_candidate
1,4,34,53,20,20,245976,245976,-0.00450337438167171,0.0130934202296705,0.0175967946113422,14.3440699003218,0.0303065308033751,0.0477607571470387,0.000358916341954363,0.00993351294685362,0.00436037408221082,0.00746385441845481,0.00067937308484616,0.500453399950453,0.499546600049547,0,0,1,0.684979134586444,static_fit_scored_candidate
1,4,35,54,20,20,245850,245850,-0.00414445803971735,0.0130934202296705,0.0172378782693879,14.336603132542,0.0298213029454644,0.0472804776857622,6.68599517137684e-05,0.00993351294685362,0.00438982219166015,0.00622138170775635,0.0013592078743162,0.500305022265263,0.499694977734737,0,0,1,0.331358191333672,static_fit_scored_candidate
1,4,36,55,20,20,245882,245882,-0.00457023433338548,0.0118069545269041,0.0163771888602896,14.3388648970852,0.0299952284476255,0.04740446714711,0.000425776293668132,0.00959668904757854,0.00506348056071675,0.00360054384297019,0.00067937308484616,0.500472377035411,0.499527622964589,0,0,1,0.184755694034906,static_fit_scored_candidate
1,4,37,56,20,20,245867,245867,-0.00313368776852609,0.0130934202296705,0.0162271079981966,14.3374479305165,0.0302454504285774,0.0473262075585273,0.000125986794359551,0.00891779139461127,0.00415946539594513,0.00566904530927269,0,0.500450029334068,0.499549970665932,0,0,1,0.344092933910283,static_fit_scored_candidate
1,4,38,57,20,20,245716,245716,-0.00300770097416653,0.0130934202296705,0.016101121203837,14.3289454327533,0.0304770916935619,0.0467531621872406,6.58822424815047e-05,0.00965327861873056,0.00445226945636194,0.00826739828166088,0.00067937308484616,0.500293232930409,0.499706767069591,0,0,1,0.4726971756135,static_fit_scored_candidate
1,4,39,58,20,20,246040,246040,-0.00294181873168503,0.0130934202296705,0.0160352389613555,14.3478815209538,0.0307640983149947,0.0362054950414567,6.58822424815047e-05,0.00965327861873056,0.00360730858779216,0.00464468464532534,0.000678911850408626,0.500646175007953,0.499353824992047,0,0,1,0.655385979750654,static_fit_scored_candidate
1,4,40,59,20,20,246048,246048,-0.00389775695432421,0.0118069545269041,0.0157047114812283,14.3482696697834,0.0307515403920769,0.0362530888281961,0.000175105153751737,0.0103734013075661,0.00368304760832937,0.000364884786818419,0.000678911850408626,0.500685501452229,0.499314498547771,0,0,1,0.620184120015921,static_fit_scored_candidate
1,4,41,60,20,20,246116,246116,-0.00407286210807594,0.0118069545269041,0.0158798166349801,14.3522514424645,0.0310350271388303,0.036519364852346,0.000175105153751737,0.00978436478567612,0.00357656391981114,0.000128017488886798,0,0.500704423925483,0.499295576074517,0,0,1,0.838788038173502,static_fit_scored_candidate
1,4,42,61,20,20,246048,246048,-0.00430047846282783,0.0118069545269041,0.0161074329897319,14.3484503432949,0.0310707531545924,0.0362530888281961,0.000227616354751882,0.0106823112025043,0.00428801536542643,0.000675504437880668,0.000678911850408626,0.500776555167147,0.499223444832853,0,0,1,0.907265322602002,static_fit_scored_candidate
1,4,43,62,20,20,245953,245953,-0.00523508985982113,0.0106982467102855,0.0159333365701066,14.3427669266259,0.030973233245946,0.0358763356047423,0.000610477273783659,0.00848529050116183,0.00465833257723221,0.00212123770454904,0,0.500698673425139,0.499301326574861,0,0,1,1.3131571198844,static_fit_scored_candidate
1,4,44,63,20,20,245929,245929,-0.00584556713360479,0.00821523422875992,0.0140608013623647,14.3415180707041,0.0309446515224676,0.035765984093164,0.000610477273783659,0.00751039758664866,0.00576703603495657,0.0119578922490185,0,0.500666128605704,0.499333871394296,0,0,1,1.28618098429749,static_fit_scored_candidate
1,4,45,64,20,20,245919,245919,-0.00708685925641177,0.00761613073183736,0.0147029899882491,14.3405887847466,0.0312817908431511,0.0357026675341574,0.00100864761360367,0.00978472411792934,0.00538752669967837,0.0103511576144976,0,0.500781299767957,0.499218700232043,0,0,1,2.70946139062736,static_fit_scored_candidate
1,4,46,65,20,20,245887,245887,-0.00809550687001544,0.00435352085112583,0.0124490277211413,14.3388109442325,0.0313010278913863,0.035609708485164,0.000416581855429036,0.00867160851631222,0.00518382123851386,0.0075310676518138,0,0.500741706473536,0.499258293526464,0,0,1,1.04564694252923,static_fit_scored_candidate
1,4,47,66,20,20,245946,245946,-0.00750344111184081,0.00761613073183736,0.0151195718436782,14.3423485426911,0.0310374282272632,0.0358287117602095,0.00059206575817463,0.00848066494589166,0.00768884944528817,0.0111893049266467,0.00067937308484616,0.500745940720933,0.499254059279067,0,0,1,1.30508289666507,static_fit_scored_candidate
1,4,48,67,20,20,245831,245831,-0.00631830350466476,0.00761613073183736,0.0139344342365021,14.3356043029483,0.0304981265328273,0.0353574799049758,0.000364100064268966,0.00893995828523889,0.00802959530970441,0.0119162634143119,0,0.50082506943258,0.49917493056742,0,0,1,0.42859603539818,static_fit_scored_candidate
1,4,49,68,20,20,245729,245729,-0.00595420344039579,0.00761613073183736,0.0135703341722332,14.3298123448735,0.0304241346254238,0.034948643237348,0.000118606338463926,0.00930489862999518,0.00593687599702642,0.00703807892686339,0.000678911850408626,0.500788073613185,0.499211926386815,0,0,1,0.372072736046146,static_fit_scored_candidate
1,4,50,69,20,20,245753,245753,-0.00583559710193187,0.00761613073183736,0.0134517278337692,14.331089526834,0.0300857826764169,0.0350428880678396,0.000118606338463926,0.00870849226167928,0.00434557519415197,0.00598747411688867,0.000678911850408626,0.500806671827637,0.499193328172363,0,0,1,0.112104848261966,static_fit_scored_candidate
1,4,51,70,20,20,245677,245677,-0.00686624038824935,0.00640529258424664,0.013271532972496,14.3265212538767,0.0295744780812907,0.034744382937154,0.000442195335780423,0.00933372298462053,0.00480612931323255,0.00490908579531545,0.00067937308484616,0.500830996079321,0.499169003920679,0,0,1,0.0454869678921824,static_fit_scored_candidate
1,4,52,71,20,20,245741,245741,-0.00642404505246892,0.00640529258424664,0.0128293376367156,14.3301968558717,0.0294222996348319,0.034979490852269,0.000442195335780423,0.00830320348946753,0.00443985027050702,0.00425835895427324,0.000678911850408626,0.500794338412785,0.499205661587215,0,0,1,0.0459084530928871,static_fit_scored_candidate
1,4,53,72,20,20,245769,245769,-0.0086234615637775,0.00510952797853177,0.0137329895423093,14.3320104209408,0.0292162850117771,0.0350894324821379,0.000359604276332177,0.00830320348946753,0.00495880257292018,0.00457295427134891,0,0.500821142073527,0.499178857926473,0,0,1,0.0223536049539865,static_fit_scored_candidate
1,4,54,73,20,20,245759,245759,-0.00898306584010968,0.00510952797853177,0.0140925938186415,14.3312191735783,0.0291530706182904,0.0350260416666667,0.000233960362884585,0.0091145899919993,0.00580203629910277,0.00386700630908551,0,0.500807244367031,0.499192755632969,0,0,1,0.0227787317482977,static_fit_scored_candidate
1,4,55,74,20,20,245833,245833,-0.00838950120089292,0.00640529258424664,0.0147947937851396,14.3359241006521,0.0288584030953656,0.0353406335931271,0.000403194843904647,0.00939021807984053,0.0058776771190976,0.00391252458004651,0,0.500810459716246,0.499189540283754,0,0,1,0.0232065966315224,static_fit_scored_candidate
1,4,56,75,20,20,245869,245869,-0.00798630635698827,0.00640529258424664,0.0143915989412349,14.3377499333715,0.0289319288995987,0.0354656081212989,0.000183227657716647,0.0100935399654259,0.00617246678392466,0.00601358201494838,0.000678911850408626,0.500796894823138,0.499203105176862,0,0,1,0.0236317766759756,static_fit_scored_candidate
1,4,57,76,20,20,245900,245900,-0.00780307869927163,0.00640529258424664,0.0142083712835183,14.3397730894754,0.0291351172106587,0.0355754371695811,0.000183227657716647,0.0102742202385958,0.00828012183946112,0.0109593338694369,0.00067937308484616,0.500770350644208,0.499229649355792,0,0,1,0.0240548800346972,static_fit_scored_candidate
1,4,58,77,20,20,245950,245950,-0.00687361819191947,0.00510952797853177,0.0119831461704512,14.3424192419345,0.0287377228626831,0.0357630757220921,0.000264558210861189,0.0101754911978559,0.00800089143822365,0.00813953843586999,0.000678911850408626,0.50080313605876,0.49919686394124,0,0,1,0.0244874761283759,static_fit_scored_candidate
1,4,59,78,20,20,245680,245680,-0.00660905998105828,0.00510952797853177,0.01171858795959,14.3269595107838,0.028386909588462,0.0510745685444481,0.000264558210861189,0.0101754911978559,0.00579410025886918,0.00365795408401684,0,0.500445679903491,0.499554320096509,0,0,1,0.236050869961793,static_fit_scored_candidate
1,4,60,79,20,20,245736,245736,-0.00610038378006862,0.00510952797853177,0.0112099117586004,14.3300928179134,0.0285380377564665,0.0512745385291532,0.00050867620098966,0.00898332650432216,0.00548738255763297,0.0016563906193238,0.00067937308484616,0.50043514672092,0.49956485327908,0,0,1,0.463304495218867,static_fit_scored_candidate
1,4,61,80,20,20,245668,245668,-0.00769691473937275,0.00510952797853177,0.0128064427179045,14.3262212316171,0.0286211637460021,0.0529332269567058,0.000165286128415883,0.00981354753629638,0.00595544812580328,0.00248757723251929,0.00135828477863286,0.500443797503516,0.499556202496484,0,0,1,0.316824908218552,static_fit_scored_candidate
1,4,62,81,20,20,245703,245703,-0.00753162861095687,0.00510952797853177,0.0126411565894886,14.3280872465093,0.0285738314749156,0.0533975840849152,0.000165286128415883,0.0101273643578081,0.00492341536063598,0.00383109748564538,0.00067937308484616,0.500412818804205,0.499587181195795,0,0,1,0.337213990723972,static_fit_scored_candidate
1,4,63,82,20,20,245764,245764,-0.00594721534181253,0.00678407702668553,0.0127312923684981,14.3319016963941,0.0287321422234513,0.0521638645204342,0.000755373049992706,0.0108484444106049,0.00731972376080111,0.00472255417451793,0,0.50043932442232,0.49956067557768,0,0,1,1.22362305825978,static_fit_scored_candidate
1,4,64,83,20,20,245764,245764,-0.00519184229181983,0.00810344467688373,0.0132952869687036,14.3317114899553,0.0288576631172134,0.0521638645204342,0.000755373049992706,0.00896941579597823,0.00609897348880449,0.00518514835946283,0,0.500287856263485,0.499712143736515,0,0,1,1.22402617378172,static_fit_scored_candidate
1,4,65,84,20,20,245754,245754,-0.00386196007344336,0.00927705694002303,0.0131390170134664,14.3312464815523,0.028606458520436,0.0518400364589267,0.00107220794989374,0.0078141196279794,0.0060031601926027,0.00516979482063725,0,0.500358446619587,0.499641553380413,0,0,1,2.13626535813378,static_fit_scored_candidate
1,4,66,85,20,20,245898,245898,-0.00278975212354962,0.00927705694002303,0.0120668090635726,14.3396006365909,0.0288149782543034,0.0521350142334282,0.00107220794989374,0.0077026555158486,0.00546385309065309,0.00251649733314681,0.000678911850408626,0.500403477989599,0.499596522010401,0,0,1,2.14938353364392,static_fit_scored_candidate
1,4,67,86,20,20,245846,245846,-0.00133483889835918,0.00927705694002303,0.0106118958383822,14.3365648298394,0.0292380018635335,0.0519182584361069,6.61804188724316e-05,0.0077026555158486,0.00519446200490475,0.00155712002913832,0,0.500442721445066,0.499557278554934,0,0,1,0.275746651965377,static_fit_scored_candidate
1,4,68,87,20,20,245867,245867,-0.00126865847948674,0.00927705694002303,0.0105457154195098,14.3377854281732,0.0294985629403363,0.0523044885873721,6.61804188724316e-05,0.00739167596282396,0.00456655343364728,0.000569636967031285,0.000678911850408626,0.50047869837622,0.49952130162378,0,0,1,0.292787099726069,static_fit_scored_candidate
1,4,69,88,20,20,245926,245926,-0.00115675337963,0.00927705694002303,0.010433810319653,14.3411021552805,0.0295129323102263,0.0517061904297193,0.000111905099856746,0.00883020284495155,0.00545205027741421,0.00517043798770101,0,0.500400520358366,0.499599479641634,0,0,1,0.267475981369857,static_fit_scored_candidate
1,4,70,89,20,20,245831,245831,-0.00161373202062935,0.00927705694002303,0.0108907889606524,14.3358099923981,0.0298939283265452,0.0513521429268769,0.000456978640999355,0.00821477898856039,0.00423836639582511,0.00659222672701826,0.00067937308484616,0.500390234523991,0.499609765476008,0,0,1,0.319858336262281,static_fit_scored_candidate
1,4,71,90,20,20,245917,245917,0.000215095071024201,0.0117396105163675,0.0115245154453433,14.3403918843825,0.0313956649824789,0.0516753415744958,0.000798811092366024,0.00834023809427654,0.00870279009088026,0.0182208917098584,0.000678911850408626,0.500457361606095,0.499542638393906,0,0,1,2.43208667168749,static_fit_scored_candidate
1,4,72,91,20,20,245912,245912,-0.000583716021341823,0.0117396105163675,0.0123233265377094,14.3406287144716,0.0316042779271054,0.0516607566934513,0.000798811092366024,0.00851972939672294,0.00980186778900464,0.0195585675122496,0,0.500381996433362,0.499618003566638,0,0,1,2.59242493162868,static_fit_scored_candidate
1,4,73,92,20,20,245939,245939,0.00220607048740354,0.0145927877871263,0.0123867172997227,14.3417203626329,0.0313372512641231,0.0517524599495812,0.000147491953174959,0.00850049882094396,0.00792229077230035,0.0126561170621858,0.00067937308484616,0.500387934521659,0.499612065478341,0,0,1,1.32534817349867,static_fit_scored_candidate
1,4,74,93,20,20,246282,246282,0.0023535624405785,0.0180673481626652,0.0157137857220867,14.3621936149061,0.0311465887020763,0.0353250718682497,0.000147491953174959,0.00955857417053887,0.00742829945570681,0.0105676987761748,0.00067937308484616,0.500392299975044,0.499607700024956,0,0,1,0.938699283614383,static_fit_scored_candidate
1,4,75,94,20,20,246313,246313,0.00337406822451727,0.0207120326867326,0.0173379644622153,14.3634358379077,0.0310824611046349,0.0354341577485831,0.000740210644193812,0.00969932027088412,0.00769961395938824,0.0102926371395305,0.00067937308484616,0.500364084542908,0.499635915457092,0,0,1,2.07342267547526,static_fit_scored_candidate
1,4,76,95,20,20,246372,246372,0.00411427886871109,0.0207120326867326,0.0165977538180215,14.3673302334053,0.0307465946135422,0.0356696377835144,2.4173283435929e-05,0.00997609732119521,0.00806390508843498,0.0135842160236944,0,0.500414765855067,0.499585234144933,0,0,1,0.771235019034386,static_fit_scored_candidate
1,4,77,96,20,20,246357,246357,0.00409010558527516,0.0207120326867326,0.0166219271014574,14.3664130744646,0.0308952976290451,0.0356389024192239,2.4173283435929e-05,0.00997609732119521,0.00983467355823599,0.0159322267481344,0,0.500427483831684,0.499572516168316,0,0,1,0.8909868073446,static_fit_scored_candidate
1,4,78,97,20,20,246272,246272,0.00497930023424228,0.0209688241974805,0.0159895239632382,14.3613692910137,0.0310673112390295,0.0352943087318087,0.000889194648967119,0.0107561836031156,0.0106556751951479,0.0194365738457406,0,0.500361605075204,0.499638394924796,0,0,1,2.22615847959658,static_fit_scored_candidate
1,4,79,98,20,20,246414,246414,0.00646423450384238,0.0223170886080404,0.0158528541041981,14.369652948995,0.0308430966947711,0.0358418284526979,0.0014849342696001,0.0111782237190585,0.0096418922323871,0.0181241513913038,0,0.500404427527142,0.499595572472858,0,0,1,3.77791772236554,static_fit_scored_candidate
1,4,80,99,20,20,246606,246606,0.00821386672974237,0.0235986601163106,0.0153847933865682,14.3809251295514,0.0312652945072519,0.0365924868617401,0.0017496322259,0.012639616750087,0.0121359243984798,0.0212748922239859,0,0.500374089335709,0.499625910664291,0,0,1,4.87665838150033,static_fit_scored_candidate
1,4,81,100,20,20,246631,246631,0.0109318236981844,0.0248618884541633,0.0139300647559789,14.3824466840479,0.0303520650348578,0.0366862369846573,0.00192706388753592,0.0133957379580959,0.00736109616944809,0.0106094140657769,0.00067937308484616,0.500373551801392,0.499626448198608,0,0,1,4.69267520270712,static_fit_scored_candidate
1,4,82,101,20,20,246589,246589,0.0128588875857203,0.0261072951393022,0.0132484075535819,14.3798804231087,0.0310890807459445,0.036529976641578,0.0014082884829432,0.0138677648916852,0.0103178148646488,0.013558998595504,0.00067937308484616,0.500298563156699,0.499701436843301,0,0,1,3.74455121241167,static_fit_scored_candidate
1,4,83,102,20,20,246544,246544,0.0142671760686635,0.0273827697551793,0.0131155936865158,14.3772164060899,0.0316034678005907,0.03632617301577,0.0014082884829432,0.0142792532345357,0.0111387319360227,0.0162297018219195,0,0.500330429321471,0.499669570678529,0,0,1,4.14085982141087,static_fit_scored_candidate
1,4,84,103,20,20,246579,246579,0.0160802385344089,0.0273827697551793,0.0113025312207704,14.3793839078794,0.0316360685266482,0.0364668667369616,0.00181306246574544,0.0170607999494731,0.0135843054686843,0.0168418624317571,0,0.500335183350657,0.499664816649343,0,0,1,5.34904181032545,static_fit_scored_candidate
1,4,85,104,20,20,246691,246691,0.0182095865765987,0.0297196135685991,0.0115100269920004,14.3858823871403,0.0319693115102421,0.0369205324858528,0.00195742016563878,0.0197153280424977,0.0153477473626087,0.0211714676470896,0.00067937308484616,0.500407355856404,0.499592644143596,0,0,1,6.02772974305947,static_fit_scored_candidate
1,4,86,105,20,20,246609,246609,0.0201670067422375,0.0313912952885501,0.0112242885463126,14.3809043337038,0.0324009156311618,0.0366081131494007,0.00195742016563878,0.0209370040387625,0.0170600666789863,0.0228198546298065,0.00067937308484616,0.500331340098613,0.499668659901387,0,0,1,6.36031072028765,static_fit_scored_candidate
1,4,87,106,20,20,246849,246849,0.0228412775110151,0.0339238561461854,0.0110825786351703,14.3950240878521,0.0331226601332314,0.0315168603049601,0.0024700753087208,0.0176529223368488,0.0187431432988601,0.0268426297868684,0,0.500412875574606,0.499587124425394,0,0,1,8.41408121819392,static_fit_scored_candidate
1,4,88,107,20,20,246891,246891,0.0253113528197359,0.0403774494309339,0.015066096611198,14.3975993841189,0.0325371208561409,0.0317061711193558,0.0024700753087208,0.0180283299877293,0.0205296642755585,0.0256400927995994,0,0.500474637558679,0.499525362441321,0,0,1,7.96388300308435,static_fit_scored_candidate
1,4,89,108,20,20,246855,246855,0.0279778954251535,0.046837528264554,0.0188596328394004,14.395563802076,0.0323478260328182,0.0315487571701721,0.00175509327539192,0.0186543205450068,0.0214649577746182,0.0274987388105067,0,0.500386649519695,0.499613350480305,0,0,1,6.32566905623789,static_fit_scored_candidate
1,4,90,109,20,20,247000,247000,0.0297329887005454,0.0504256576974968,0.0206926689969513,14.4038559733718,0.0315583602489916,0.0320971659919028,0.000870509340621068,0.0180718936740642,0.019357137892705,0.0217941867232829,0,0.500446845456379,0.499553154543621,0,0,1,3.50396281963362,static_fit_scored_candidate
1,4,91,110,20,20,246957,246957,0.0288484047657746,0.046837528264554,0.0179891234987794,14.401590072346,0.0312982463786264,0.0319565921606738,0.000884583934770852,0.0172651212213685,0.0207990968896885,0.0247867047716677,0.00067937308484616,0.500387716757364,0.499612283242636,0,0,1,2.79960044778134,static_fit_scored_candidate
1,4,92,111,20,20,246940,246940,0.0318786332192807,0.0504256576974968,0.0185470244782161,14.4002442470383,0.0310050066931067,0.0318619907669879,0.00137351996819282,0.0144685146090708,0.0179562585365631,0.0223060675015987,0,0.500409351002979,0.499590648997021,0,0,1,4.11553339566078,static_fit_scored_candidate
1,4,93,112,20,20,247110,247110,0.0332521531874735,0.0535073269891768,0.0202551738017033,14.410231834477,0.0309894579118815,0.030965715950662,0.00137351996819282,0.0165567702735115,0.0172558359910402,0.0192938512606861,0.00067937308484616,0.500386364283372,0.499613635716628,0,0,1,4.4487849707259,static_fit_scored_candidate
1,4,94,113,20,20,246845,246845,0.0354639256820044,0.0542446179218589,0.0187806922398545,14.3950168283875,0.0299828496341497,0.0404459424423127,0.00221177249453087,0.014085394946349,0.0153675219208528,0.0186125878960404,0.00067937308484616,0.500369942200655,0.499630057799345,0,0,1,5.82608533718472,static_fit_scored_candidate
1,4,95,114,20,20,246782,246782,0.0385063693508276,0.0548643732416741,0.0163580038908465,14.3908793816575,0.0294790417671368,0.0401646784232365,0.00240416966763215,0.0123364885697139,0.013605290330803,0.0130310091025462,0,0.500414185739046,0.499585814260954,0,0,1,5.88782020618276,static_fit_scored_candidate
1,4,96,115,20,20,246760,246760,0.0409105390184598,0.0548643732416741,0.0139538342232143,14.3899142639905,0.0291121971037745,0.0400875344464257,0.00240416966763215,0.0110834540948583,0.0113100881837831,0.00814686223331016,0.00067937308484616,0.500375374926797,0.499624625073203,0,0,1,5.79711958036998,static_fit_scored_candidate
1,4,97,116,20,20,246775,246775,0.0454070063114344,0.0565159965573634,0.011108990245929,14.3906728175918,0.0299812726979328,0.0398255908192045,0.00194869629895402,0.0106111159214495,0.00915022044711285,0.00497886887500287,0.00067937308484616,0.500504265277188,0.499495734722812,0,0,1,4.47737448101927,static_fit_scored_candidate
1,4,98,117,20,20,246785,246785,0.0473557026103884,0.058303006162301,0.0109473035519126,14.391382474419,0.0294621657468355,0.0398722790411203,0.00194869629895402,0.00987360866337784,0.00889005829624518,0.00891471801232565,0.00067937308484616,0.50047722403223,0.49952277596777,0,0,1,4.46719356332839,static_fit_scored_candidate
1,4,99,118,20,20,246616,246616,0.0501224595424082,0.0592067929623716,0.00908433341996345,14.3813888792439,0.0285818453520689,0.0399325266811561,0.0015642168306951,0.00902636104303589,0.00729579685782047,0.00749018758825215,0.00067937308484616,0.50050033243124,0.49949966756876,0,0,1,3.34425678458249,static_fit_scored_candidate
1,4,100,119,20,20,246410,246410,0.0516866763731033,0.0605955801461819,0.00890890377307857,14.369416301538,0.0286672112360831,0.0436017726409428,0.0015642168306951,0.00835344987206434,0.00838504253987921,0.0116083907289025,0.00067937308484616,0.500627420711211,0.499372579288788,0,0,1,3.34470446913463,static_fit_scored_candidate
1,4,101,120,20,20,246410,246410,0.0538501504685703,0.0617396029126885,0.00788945244411823,14.3692389558905,0.0285630153170925,0.043585539665276,0.000574232551020522,0.0117995884716529,0.0104955612195585,0.0138829995406161,0.00067937308484616,0.500585378691921,0.499414621308079,0,0,1,0.452600054817351,static_fit_scored_candidate
1,4,102,121,20,20,246560,246560,0.0544243830195908,0.0617396029126885,0.0073152198930977,14.3782353493438,0.0286360133624504,0.0441596365996106,0.000574232551020522,0.0104836643105645,0.00982156439980371,0.0130782250219411,0,0.500542933870804,0.499457066129196,0,0,1,0.453020614073323,static_fit_scored_candidate
1,4,103,122,20,20,246632,246632,0.0551077549639056,0.0674309640565978,0.0123232090926923,14.3824659878131,0.0287264344483815,0.0444548963638133,0.000236115723914868,0.0122246161955777,0.00966000983254261,0.0142243176975899,0,0.500484600293777,0.499515399706223,0,0,1,0.0436672796367479,static_fit_scored_candidate
1,4,104,123,20,20,246563,246563,0.0553438706878204,0.0728532338784595,0.0175093631906391,14.3786758875717,0.0285149051775895,0.0441751431676968,0.000236115723914868,0.011279635613408,0.00952183809272369,0.0153612919746337,0.00067937308484616,0.500508422226761,0.499491577773239,0,0,1,0.367625062649085,static_fit_scored_candidate
1,4,105,124,20,20,246468,246468,0.0562616069287252,0.0731330289595887,0.0168714220308635,14.3728260453433,0.0286221904482694,0.0437866173296331,0.000382633167668199,0.0107772887884395,0.00969424506034451,0.0166936245106713,0.00067937308484616,0.500541776064745,0.499458223935255,0,0,1,0.239287675495851,static_fit_scored_candidate
1,4,106,125,20,20,246544,246544,0.055878973761057,0.0731330289595887,0.0172540551985317,14.377513207335,0.0284652569460105,0.0443896424167694,0.000382633167668199,0.0101670817974739,0.00994077606931078,0.0173998488823836,0,0.500605785050466,0.499394214949534,0,0,1,0.31696076257071,static_fit_scored_candidate
1,4,107,126,20,20,246304,246304,0.0554028631980185,0.0731330289595887,0.0177301657615703,14.3635271753745,0.028396637318317,0.0434747304144472,0.000476110563038507,0.00690106869050569,0.00716341271601904,0.0135007459339428,0.00067937308484616,0.500700406113826,0.499299593886174,0,0,1,0.536587022041655,static_fit_scored_candidate
1,4,108,127,20,20,246268,246268,0.0565518550206165,0.0744999836391066,0.0179481286184901,14.3612239732086,0.0285998472514269,0.0430425390225283,0.00114899182259805,0.00957387648665446,0.00661158210881086,0.00735391448430696,0.00067937308484616,0.500618108979745,0.499381891020255,0,0,1,2.54701453870747,static_fit_scored_candidate
1,4,109,128,20,20,246234,246234,0.058020661052774,0.0763266672128987,0.0183060061601247,14.3594189794941,0.0294064148852584,0.0429181760587404,0.00123174715576557,0.0104339040710068,0.00620518064090582,0.00633190656583617,0.00067937308484616,0.50064767686667,0.49935232313333,0,0,1,2.86147873841515,static_fit_scored_candidate
1,4,110,129,20,20,246136,246136,0.0592524082085395,0.0763266672128987,0.0170742590043591,14.3537087701712,0.0291354112960905,0.0453245360288621,0.00123174715576557,0.0116720273504805,0.00532222093228409,0.00684244010530151,0.00067937308484616,0.500563135472569,0.499436864527431,0,0,1,2.61326121086909,static_fit_scored_candidate
1,4,111,130,20,20,246176,246176,0.06054683360844,0.0765761604856783,0.0160293268772384,14.3556647599611,0.0291947113756461,0.0454634082932536,8.79797502840174e-05,0.011891667229604,0.00531356831571459,0.00567272826329487,0.00067937308484616,0.500544752419422,0.499455247580577,0,0,1,0.0718731680402304,static_fit_scored_candidate
1,4,112,131,20,20,246198,246198,0.060458853858156,0.0779781686554782,0.0175193147973222,14.3571707954253,0.0294486922682355,0.0455727051177904,8.79797502840174e-05,0.011891667229604,0.00490281128736745,0.00602882789025315,0.00067937308484616,0.500602574976299,0.499397425023701,0,0,1,0.373067688073164,static_fit_scored_candidate
1,4,113,132,20,20,245968,245968,0.0598257946157402,0.0779781686554782,0.018152374039738,14.343987920208,0.0302613997978466,0.0526084693943928,0.000505760654812087,0.0117201025164617,0.00411944822973517,0.00190306477049774,0,0.500429095495699,0.499570904504301,0,0,1,1.21430349533592,static_fit_scored_candidate
1,4,114,133,20,20,245917,245917,0.060964614512968,0.0792492686044833,0.0182846540915152,14.3404407963791,0.0303835653169192,0.0522608978529603,0.00113881989722785,0.0121096895520406,0.00447083355129127,0.00319822992771816,0.00067937308484616,0.500399860115689,0.49960013988431,0,0,1,3.170167109122,static_fit_scored_candidate
1,4,115,134,20,20,246028,246028,0.0626286280133256,0.0795007485973702,0.0168721205840446,14.347409211632,0.0306009107824549,0.052221698343278,0.00166401350035753,0.0126194012129746,0.0045463562827611,0.00489707694913152,0.00067937308484616,0.500370973865599,0.499629026134401,0,0,1,4.58555629967751,static_fit_scored_candidate
1,4,116,135,20,20,245997,245997,0.0643018575281419,0.0797812377543911,0.0154793802262492,14.3455786345473,0.0307476302982267,0.0518211382113821,0.000163853584663101,0.013122415384014,0.00592912044048623,0.00996500932442775,0,0.5003619964864,0.4996380035136,0,0,1,0.892896412303659,static_fit_scored_candidate
1,4,117,136,20,20,245939,245939,0.064465711112805,0.0797812377543911,0.0153155266415861,14.3420047073099,0.0309357119306026,0.0515898186549565,0.000163853584663101,0.0126774418852634,0.00820868240803466,0.0137542296489842,0,0.500423990925649,0.499576009074351,0,0,1,1.02813631756759,static_fit_scored_candidate
1,4,118,137,20,20,245981,245981,0.0651653044652898,0.0799530704133104,0.0147877659480206,14.3440120120809,0.0312138447717916,0.0520359047742943,0.0116269923467537,0.0137738118459873,0.00799053280294511,0.0154049879295987,0,0.500442388237076,0.499557611762924,0,0,1,33.9654025807625,static_fit_scored_candidate
1,5,1,20,20,20,246419,246419,-0.00697161505214725,0.0116276797967721,0.0185992948489194,14.3690206916491,0.0323745738287909,0.0333739144549955,0.0302369285902889,0.0144629000986045,0.0109049444928008,0.0141032529117686,0,0.500508714327157,0.499491285672843,0,0,0,73.0395442809173,static_fit_scored_candidate
1,5,2,21,20,20,246395,246395,-0.00603126540552063,0.0116276797967721,0.0176589452022927,14.3679822767782,0.0317833242754241,0.0332959950648549,0.000940349646626614,0.0138822939078479,0.00754385498546075,0.00945591041351086,0,0.50051312376691,0.49948687623309,0,0,1,0.936562816455009,static_fit_scored_candidate
1,5,3,22,20,20,246422,246422,-0.00493697185035429,0.0125904611350131,0.0175274329853674,14.3696665005831,0.0318637166926376,0.0333896049086128,0.00109429355516634,0.0143301692556221,0.00810374957160118,0.00831437448051365,0,0.500481094951917,0.499518905048083,0,0,1,1.18114305108216,static_fit_scored_candidate
1,5,4,23,20,20,246437,246437,-0.00304293377027775,0.0136674538676903,0.0167103876379681,14.370633769128,0.0309825933715606,0.0337769842558026,0.00189403808007655,0.0145680547736553,0.00936199240216318,0.0108975751410308,0,0.500519853712329,0.499480146287671,0,0,1,1.97242353837671,static_fit_scored_candidate
1,5,5,24,20,20,246435,246435,-0.000139489172858051,0.0143511857849288,0.0144906749577869,14.3700169372957,0.0322396066969221,0.0337288383190768,0.000851610594762329,0.0143352428072528,0.0126111761357859,0.014186176829425,0,0.500540566603574,0.499459433396426,0,0,1,0.435920456998724,static_fit_scored_candidate
1,5,6,25,20,20,246461,246461,0.000712121421904278,0.0150561104212566,0.0143439889993524,14.3716867119571,0.032298817711133,0.0338548428979486,0.000851610594762329,0.0152039155408822,0.0129019057690612,0.0155018510197387,0,0.500612392135357,0.499387607864643,0,0,1,0.456832093535311,static_fit_scored_candidate
1,5,7,26,20,20,246417,246417,0.00218905790957864,0.0150561104212566,0.012867052511678,14.3692592190386,0.0327614219944769,0.0334063793523253,0.00138616974471676,0.0163483363830659,0.0140551069122253,0.0198247279617423,0,0.50056384994338,0.49943615005662,0,0,1,1.46916050534724,static_fit_scored_candidate
1,5,8,27,20,20,246366,246366,0.0035752276542954,0.0167948906329,0.0132196629786046,14.3662158390911,0.0330689913025428,0.0332023639433693,0.00132253299704428,0.0137721180391345,0.0147876814543481,0.0207823453586736,0,0.500656126691677,0.499343873308323,0,0,1,1.47452606892064,static_fit_scored_candidate
1,5,9,28,20,20,246280,246280,0.00489776065133969,0.0182271031134613,0.0133293424621217,14.3609808628622,0.0332591141594044,0.032856910833198,0.00132253299704428,0.0138352462829857,0.015855032733681,0.0229608492859863,0,0.500534844646388,0.499465155353612,0,0,1,1.54067087314271,static_fit_scored_candidate
1,5,10,29,20,20,246483,246483,0.00663827226817321,0.0189584208663218,0.0123201485981486,14.3733263934687,0.0331138552142553,0.0339494652796936,0.00174051161683353,0.016712879646115,0.0155479127476415,0.0220372948581947,0,0.500541522908705,0.499458477091295,0,0,1,2.1570320460111,static_fit_scored_candidate
1,5,11,30,20,20,246560,246560,0.00912283184071596,0.0198612088424968,0.0107383770017809,14.377520653501,0.0335621309615962,0.0342472420506165,0.0020584417331348,0.0185691400872927,0.0141236895266747,0.0169887684725479,0.000686367579746145,0.500560441515991,0.499439558484009,0,0,1,2.81916239902833,static_fit_scored_candidate
1,5,12,31,20,20,246375,246375,0.0111812735738508,0.0198612088424968,0.00867993526864607,14.3669450630145,0.0332483836194757,0.0332499918823262,0.0020584417331348,0.0187694815373109,0.0175472304344986,0.0202063419312505,0.000686367579746145,0.500497424330026,0.499502575669974,0,0,1,2.71109841880885,static_fit_scored_candidate
1,5,13,32,20,20,246449,246449,0.0139199139591974,0.0250680110627731,0.0111480971035757,14.371180320363,0.0333453665296189,0.0335481148458929,0.00251410631621823,0.0186937567182377,0.0195637926462587,0.0246337947738454,0,0.500457836609539,0.49954216339046,0,0,1,3.4712720762513,static_fit_scored_candidate
1,5,14,33,20,20,246517,246517,0.0164340202754156,0.0302927725282597,0.0138587522528441,14.375284281706,0.0322346461492769,0.033830926496836,0.00251410631621823,0.016849714739347,0.0179516453647179,0.025938425670271,0.000686367579746145,0.500458951061931,0.499541048938069,0,0,1,3.08765704351506,static_fit_scored_candidate
1,5,15,34,20,20,246781,246781,0.0192381330662761,0.0306546017468916,0.0114164686806156,14.3905639808616,0.0318049537581256,0.0348482883817427,0.00249647806124796,0.0146158548709393,0.0148169018493838,0.0205528792176366,0.000686367579746145,0.500646590964162,0.499353409035838,0,0,1,2.91144881850792,static_fit_scored_candidate
1,5,16,35,20,20,246877,246877,0.021734611127524,0.0323398052442987,0.0106051941167747,14.3965320522772,0.032548621625593,0.0352235904082955,0.00249647806124796,0.0149105205941677,0.016131233492473,0.0230986373535771,0.000686367579746145,0.500756131044577,0.499243868955423,0,0,1,3.16902421871319,static_fit_scored_candidate
1,5,17,36,20,20,246453,246453,0.0244413249481069,0.034342159460409,0.00990083451230216,14.3713208271517,0.0333826288120631,0.0444541824909923,0.00270671382058282,0.0148084677066209,0.0175010175010174,0.0214694886115416,0.000686367579746145,0.499944988568846,0.500055011431154,0,0,1,3.79446872350969,static_fit_scored_candidate
1,5,18,37,20,20,246366,246366,0.0277635876944077,0.036811784764687,0.0090481970702793,14.3664416465117,0.0335284600346582,0.0458825821535264,0.00229234761412197,0.0154889393862106,0.0178627383971052,0.0236573708249105,0,0.500343442524651,0.499656557475349,0,0,1,3.26215443769112,static_fit_scored_candidate
1,5,19,38,20,20,246376,246376,0.0300559353085297,0.0453470941894426,0.0152911588809129,14.3671247559092,0.033706828413516,0.045913563009384,0.00229234761412197,0.0151476296687781,0.0179270217325785,0.0251367269706963,0.000686367579746145,0.500292688985169,0.499707311014831,0,0,1,3.32592048449825,static_fit_scored_candidate
1,5,20,39,20,20,246326,246326,0.0327020352209621,0.052019413321616,0.0193173781006538,14.3640348958601,0.0332383186011725,0.0457114091780066,0.000346094868452114,0.0142026724748305,0.0190151434194462,0.0266144773273174,0,0.500415975522789,0.499584024477211,0,0,1,1.74058335009143,static_fit_scored_candidate
1,5,21,40,20,20,246378,246378,0.0330481300894143,0.052019413321616,0.0189712832322017,14.3675464782915,0.0332592856017546,0.0459290526828476,0.000346094868452114,0.0145426972939199,0.0172360921598611,0.0264756735041659,0.00137226422065684,0.500443934763481,0.499556065236519,0,0,1,1.68373944383135,static_fit_scored_candidate
1,5,22,41,20,20,246283,246283,0.0365330787674309,0.0538358365757573,0.0173027578083264,14.3614972288646,0.0312088583421591,0.0455246788260707,0.00321432560201128,0.0142026724748305,0.0166743275679681,0.0295353630201556,0.000686367579746145,0.500420208123293,0.499579791876707,0,0,1,4.35167441359089,static_fit_scored_candidate
1,5,23,42,20,20,246324,246324,0.0397474043694422,0.0574861448818664,0.0177387405124242,14.3642725042367,0.0305448854939888,0.0456959127003459,0.00245783990056443,0.0142003655588978,0.0153189388015686,0.025693640724271,0,0.500597004299656,0.499402995700344,0,0,1,3.17459086256895,static_fit_scored_candidate
1,5,24,43,20,20,246291,246291,0.0422052442700066,0.0613291900628959,0.0191239457928893,14.3617694055716,0.0305020462871965,0.0455556818735485,6.19764751003185e-05,0.0137711940418273,0.0168603872431649,0.0245192296154716,0.000686367579746145,0.500568351369177,0.499431648630823,0,0,1,0.912323310399867,static_fit_scored_candidate
1,5,25,44,20,20,246284,246284,0.0421432677949063,0.059209809735492,0.0170665419405856,14.3620914533242,0.0302420103806455,0.0455896444754836,6.19764751003185e-05,0.015943330527639,0.017401878723141,0.025976633472127,0,0.500500230081715,0.499499769918286,0,0,1,0.461079985720869,static_fit_scored_candidate
1,5,26,45,20,20,246250,246250,0.0439335498490533,0.0646284965508896,0.0206949467018364,14.3595036195693,0.0298957956810438,0.0454168900151065,0.00116698551603431,0.0126552909384672,0.013531360889748,0.0194008786828586,0.00137226422065684,0.500451201227366,0.499548798772634,0,0,1,1.75506974786377,static_fit_scored_candidate
1,5,27,46,20,20,246256,246256,0.0451005353650876,0.0646284965508896,0.0195279611858021,14.3601824996045,0.0297083239907578,0.0454323955558443,0.00116698551603431,0.0130961212088035,0.00958541404566851,0.0154023102443269,0.000686367579746145,0.500324565656005,0.499675434343995,0,0,1,1.49908658723692,static_fit_scored_candidate
1,5,28,47,20,20,246357,246357,0.046747023052689,0.0646284965508896,0.0178814734982006,14.3656402886576,0.0295400257053977,0.045835362883585,0.00149956555780658,0.0112384696428831,0.00755726196022538,0.0087399914720965,0,0.500369070772458,0.499630929227542,0,0,1,1.68842928430618,static_fit_scored_candidate
1,5,29,48,20,20,246374,246374,0.0482465886104956,0.066509809920278,0.0182632213097824,14.367323321122,0.0293465690011459,0.0459297983569828,0.00143045650756226,0.0112619848548499,0.00566885969767359,0.0054322433898605,0.000686367579746145,0.500400582022533,0.499599417977467,0,0,1,1.66796693847742,static_fit_scored_candidate
1,5,30,49,20,20,246208,246208,0.0496770451180578,0.0680055528015473,0.0183285076834895,14.3573112506007,0.028842100597546,0.045262542240707,0.000555789688440882,0.00967603524216574,0.00435403786077361,0.0114997599910015,0.000686367579746145,0.500602976917457,0.499397023082543,0,0,1,0.723720586248742,static_fit_scored_candidate
1,5,31,50,20,20,246243,246243,0.049121255429617,0.0680055528015473,0.0188842973719303,14.3595221125868,0.0290119439840151,0.045418365523627,0.000393624784582131,0.0101918129449797,0.00485565870795633,0.0120209734047848,0.000685896802418412,0.500660783485192,0.499339216514808,0,0,1,0.855085513521606,static_fit_scored_candidate
1,5,32,51,20,20,246265,246265,0.05007066990264,0.0680055528015473,0.0179348828989073,14.3606484096494,0.0283741247163832,0.0455113940909903,0.000116909595319681,0.0101918129449797,0.00356367535926297,0.00429567777940268,0,0.500680478161688,0.499319521838312,0,0,1,0.651272294271915,static_fit_scored_candidate
1,5,33,52,20,20,246191,246191,0.0499537603073203,0.066509809920278,0.0165560496129577,14.3565279071651,0.0288397820054559,0.0452329888867226,0.000116909595319681,0.00966134396959203,0.00478502023837964,0.00154475950203886,0.000686367579746145,0.500717980898298,0.499282019101702,0,0,1,0.332736946883966,static_fit_scored_candidate
1,5,34,53,20,20,246096,246096,0.0507995882314924,0.0672381442134518,0.0164385559819593,14.3508379183745,0.028914667400388,0.0448605422274234,0.000120140754448432,0.00957392324657714,0.00686961817998762,0.0037880216080995,0,0.500593538164512,0.499406461835488,0,0,1,0.287119545593496,static_fit_scored_candidate
1,5,35,54,20,20,245833,245833,0.0509197289859408,0.0672381442134518,0.0163184152275109,14.3357860312795,0.0291396846894765,0.050830635057518,0.000120140754448432,0.00851374241950323,0.00774014479750151,0.00481182428304387,0.000686367579746145,0.50047823560467,0.49952176439533,0,0,1,0.583666792402177,static_fit_scored_candidate
1,5,36,55,20,20,245885,245885,0.0496099663981416,0.066509809920278,0.0168998435221363,14.338859375577,0.0296445369899196,0.0510313638729828,0.000675093429149856,0.00899758040576015,0.00745427044787195,0.00383201586214563,0.00137226422065684,0.500407236924524,0.499592763075476,0,0,1,0.723089064498255,static_fit_scored_candidate
1,5,37,56,20,20,245912,245912,0.0489348729689918,0.066509809920278,0.0175749369512862,14.3401139741191,0.0297663341754125,0.050782393701812,0.000482824620619583,0.0104653089261323,0.00548402738608268,0.00161345097148304,0.000686367579746145,0.500348144552892,0.499651855447108,0,0,1,0.858857569951067,static_fit_scored_candidate
1,5,38,57,20,20,245775,245775,0.0484520483483722,0.066509809920278,0.0180577615719058,14.332215135604,0.0302518800600829,0.0530401666558167,0.000140614162939028,0.00964223239554113,0.00499025211172148,0.000863678899714823,0.000686367579746145,0.500530193795417,0.499469806204583,0,0,1,1.08774731945679,static_fit_scored_candidate
1,5,39,58,20,20,245867,245867,0.0485926625113112,0.066509809920278,0.0179171474089667,14.3374674611553,0.0303621668674403,0.0533945043681976,5.12675856445127e-05,0.00964223239554113,0.00466228199089393,0.00213938022201485,0.000686367579746145,0.500572452445441,0.499427547554559,0,0,1,1.07633528873712,static_fit_scored_candidate
1,5,40,59,20,20,246010,246010,0.0485413949256667,0.066509809920278,0.0179684149946112,14.3463484671305,0.0306532022592086,0.0462091280100158,5.12675856445127e-05,0.0106596181121521,0.00511231683120786,0.00462251885194169,0,0.500328847864737,0.499671152135263,0,0,1,0.699731098797668,static_fit_scored_candidate
1,5,41,60,20,20,246041,246041,0.0487558808057035,0.0669740367811437,0.0182181559754403,14.3477451255798,0.0307571039544542,0.0463331761798703,8.94688048377265e-05,0.00883940719456066,0.00497732636761471,0.00394060848585243,0.000686367579746145,0.500276637780281,0.499723362219719,0,0,1,0.761901743406403,static_fit_scored_candidate
1,5,42,61,20,20,246109,246109,0.0486308637305044,0.0669740367811437,0.0183431730506393,14.3520745932469,0.0306716990578278,0.0466129241971135,0.00012501707519904,0.00754953257460858,0.0044190740672642,0.000135299442261733,0.000686367579746145,0.500320959709602,0.499679040290398,0,0,1,0.805009977882077,static_fit_scored_candidate
1,5,43,62,20,20,245986,245986,0.0480040560954822,0.0660681259040497,0.0180640698085675,14.344559246549,0.0308369136470524,0.0461160707026359,0.000626807635022257,0.00565483608120542,0.00454838003371047,0.000424709997860942,0,0.500262877310901,0.499737122689099,0,0,1,0.717058172400341,static_fit_scored_candidate
1,5,44,63,20,20,245955,245955,0.0468711160244517,0.0640365686526695,0.0171654526282178,14.3430541768509,0.030488351757032,0.0460244921855942,0.000394525516926737,0.00525069882736876,0.00421659754929318,0.000818432379411135,0,0.500277078989739,0.499722921010261,0,0,1,0.514464820675591,static_fit_scored_candidate
1,5,45,64,20,20,246025,246025,0.0476095305785554,0.0660681259040497,0.0184585953254943,14.3467169197864,0.0304846992286518,0.0462874144406328,6.9426437531328e-05,0.00569166134845895,0.00453622398515816,0.00432252815873667,0,0.500346939333766,0.499653060666234,0,0,1,0.81414735011692,static_fit_scored_candidate
1,5,46,65,20,20,246081,246081,0.046940542461983,0.0640365686526695,0.0170960261906865,14.3502216107291,0.0304781555480239,0.0443913460444401,0.000398001913697529,0.00665794950702588,0.00497917495685867,0.00350267785010597,0.000686367579746145,0.500281691055287,0.499718308944713,0,0,1,0.413460887595314,static_fit_scored_candidate
1,5,47,66,20,20,246016,246016,0.048007532492253,0.0662266810298954,0.0182191485376424,14.3464584518409,0.0307472614544643,0.0441434703433923,0.00106699003026998,0.0098522218030655,0.00586984334629869,0.00529196186902131,0.000686367579746145,0.500263336915773,0.499736663084227,0,0,1,1.00520537195436,static_fit_scored_candidate
1,5,48,67,20,20,246009,246009,0.0495702522776258,0.0673966993392974,0.0178264470616716,14.3462354030033,0.0313851244459524,0.0438190006991529,0.000927147456827669,0.0108809919767496,0.00709888777747992,0.00872088308996675,0.000686367579746145,0.500336920878262,0.499663079121738,0,0,1,0.834391028532923,static_fit_scored_candidate
1,5,49,68,20,20,246002,246002,0.0504973997344534,0.0673966993392974,0.016899299604844,14.3453743394872,0.0318689413210858,0.0437879058877091,0.000927147456827669,0.0116169690471368,0.00742210249170529,0.00234143426649434,0,0.500354141957288,0.499645858042712,0,0,1,0.797742801342287,static_fit_scored_candidate
1,5,50,69,20,20,245985,245985,0.0526052911614211,0.0673966993392974,0.0147914081778763,14.3445699761582,0.0334628920221304,0.0440346683578061,0.000535798520138797,0.0121702714697442,0.0109378072829989,0.00762423472595576,0,0.500340975786527,0.499659024213472,0,0,1,0.877585079669148,static_fit_scored_candidate
1,5,51,70,20,20,245992,245992,0.0520694926412823,0.0662266810298954,0.0141571883886131,14.3448531475888,0.0335188554257917,0.0440339523236528,0.000535798520138797,0.0119715048575758,0.00993521997605723,0.00376367424572735,0,0.500386228295483,0.499613771704518,0,0,1,0.897369571041219,static_fit_scored_candidate
1,5,52,71,20,20,246002,246002,0.0540288632483407,0.0673966993392974,0.0133678360909568,14.3455650842555,0.033742277912843,0.0437553860912831,0.000831733834274186,0.0126797595596518,0.011179142083545,0.0052806762184429,0,0.500249027428113,0.499750972571887,0,0,1,0.975025504871514,static_fit_scored_candidate
1,5,53,72,20,20,246002,246002,0.0531971294140665,0.0673966993392974,0.0141995699252309,14.3455151412168,0.0345258251726249,0.0440805840555438,0.000831733834274186,0.0159885409347696,0.00963234296567621,0.00520827896021268,0,0.500366633498438,0.499633366501562,0,0,1,1.24639089011274,static_fit_scored_candidate
1,5,54,73,20,20,245942,245942,0.0512652828166409,0.0662266810298954,0.0149613982132544,14.3419627588936,0.0345562141859382,0.0438473798913574,0.00168612374088545,0.0159885409347696,0.00977836771254503,0.00350847104300697,0.00137320642167686,0.500334743091487,0.499665256908513,0,0,1,2.58783106207381,static_fit_scored_candidate
1,5,55,74,20,20,245889,245889,0.0495791590757555,0.0662266810298954,0.0166475219541399,14.3389312703612,0.0358395265622212,0.0436451775576269,0.000121445126671331,0.0174959992209858,0.00509970048276005,0.00372855071995362,0.000686367579746145,0.500362373169827,0.499637626830173,0,0,1,1.99679544162371,static_fit_scored_candidate
1,5,56,75,20,20,245886,245886,0.0497006042024268,0.0673089329725512,0.0176083287701244,14.3389001666713,0.0354399223303515,0.0436133524206143,0.000121445126671331,0.0168121364006559,0.00503065967107287,0.000872210797713019,0.000686367579746145,0.500381389486003,0.499618610513997,0,0,1,2.07084075317762,static_fit_scored_candidate
1,5,57,76,20,20,245849,245849,0.0484712226112659,0.0644260527305749,0.015954830119309,14.3366636765041,0.0355433675032471,0.043164180075818,0.000572313246807538,0.0185135664145272,0.00422531854630234,0.00700426226824009,0.000686367579746145,0.500278667762632,0.499721332237368,0,0,1,1.74255297149811,static_fit_scored_candidate
1,5,58,77,20,20,246026,246026,0.0478989093644584,0.0593780050907947,0.0114790957263364,14.3467525226258,0.035595486499766,0.0438324093192645,0.000572313246807538,0.0198719275669774,0.00925621495233516,0.0159622419495901,0,0.500297260473083,0.499702739526917,0,0,1,1.61836253014025,static_fit_scored_candidate
1,5,59,78,20,20,245982,245982,0.045735529843318,0.0555016586029991,0.00976612875968109,14.3444207248197,0.036485478951812,0.0436776375699232,0.00216337952114035,0.0211149594338563,0.0151175679508365,0.0185558993393586,0.000686367579746145,0.500337099162845,0.499662900837155,0,0,1,4.01766159278352,static_fit_scored_candidate
1,5,60,79,20,20,245822,245822,0.0427450439046136,0.0522442160245652,0.00949917211995159,14.3350374507593,0.0366722910198543,0.0473997656860193,0.00291248740994737,0.0186336613333099,0.0249169358811786,0.034692170697939,0.000686367579746145,0.500351077914126,0.499648922085873,0,0,1,5.43745645109047,static_fit_scored_candidate
1,5,61,80,20,20,245827,245827,0.0398325564946662,0.0468557094965464,0.0070231530018802,14.3352366941017,0.0376981096985505,0.047447809037213,0.00291248740994737,0.0175914357390044,0.0265494767488479,0.0339992536097611,0,0.500248884099165,0.499751115900835,0,0,1,5.79515063972045,static_fit_scored_candidate
1,5,62,81,20,20,245792,245792,0.036019802660491,0.0454688139001896,0.00944901123969862,14.3332331830594,0.0386058599308765,0.0472594714229918,0.00291683261407817,0.0190784847830562,0.0336128021274935,0.045125685068255,0,0.500271810327161,0.499728189672839,0,0,0,31.1061928530643,static_fit_scored_candidate
1,5,63,82,20,20,245863,245863,0.0331029700464128,0.0435432896762006,0.0104403196297877,14.3376822802762,0.0391159713684129,0.0478475905378583,0.00220590827718596,0.0155486021179183,0.0320699218438377,0.0445514363078637,0.000686367579746145,0.500242461450286,0.499757538549714,0,0,0,30.1817306111773,static_fit_scored_candidate
1,5,64,83,20,20,246306,246306,0.0308970617692269,0.0418717472911527,0.0109746855219259,14.363128898329,0.0394079175686283,0.0317975867612907,0.00220590827718596,0.0176534184908988,0.0308781337757465,0.0407573579439288,0.000686839003771338,0.499539019385479,0.500460980614521,0,0,0,30.0980608502943,static_fit_scored_candidate
1,5,65,84,20,20,246311,246311,0.0282054034926509,0.0410589510276132,0.0128535475349623,14.3637106378532,0.0396445938472958,0.0318133099483582,0.00129775465177956,0.0123318692557475,0.0265744221063789,0.0370501357163093,0.000686367579746145,0.4995437154996,0.5004562845004,0,0,0,28.732941982752,static_fit_scored_candidate
1,5,66,85,20,20,246193,246193,0.0269076488408714,0.0357601999820456,0.00885255114117427,14.3567477889846,0.0397696559768734,0.0313571300914718,0.00129775465177956,0.0141902186135316,0.027666383012021,0.041645991141908,0.000686367579746145,0.499603382427641,0.500396617572359,0,0,0,28.7766012551939,static_fit_scored_candidate
1,5,67,86,20,20,246184,246184,0.0226925598960249,0.0305137182579442,0.00782115836191927,14.3562034547013,0.039266125941764,0.0313099145354694,0.00343370445602351,0.0121211526728421,0.0259985171427697,0.0392879686710642,0.000686367579746145,0.499587066136373,0.500412933863627,0,0,0,32.0071214016585,static_fit_scored_candidate
1,5,68,87,20,20,246141,246141,0.0192588554400014,0.0283524321528031,0.00909357671280165,14.3537489873938,0.0383583584647312,0.031461258450338,0.00343370445602351,0.0129605591754313,0.0233721260945314,0.036770062452839,0,0.499504828761599,0.5004951712384,0,0,0,31.6936923230174,static_fit_scored_candidate
1,5,69,88,20,20,246565,246565,0.0153968342932859,0.0254040117267695,0.0100071774334836,14.378349668505,0.0369238586913062,0.0241880535998183,0.00222304775136689,0.0124431179731018,0.0186752634334394,0.0265185500355396,0,0.499474779232555,0.500525220767445,0,0,1,4.26863614850451,static_fit_scored_candidate
1,5,70,89,20,20,246532,246532,0.013173786541919,0.0227462681709711,0.00957248162905209,14.3765019231232,0.0321968883982895,0.0240617850826668,0.000377476165239921,0.00869530300666908,0.01353476098551,0.0167808392520767,0,0.499509705597682,0.500490294402318,0,0,1,0.448422699835925,static_fit_scored_candidate
1,5,71,90,20,20,246354,246354,0.0127963103766791,0.0227462681709711,0.00994995779429201,14.3660583505969,0.0324326530892379,0.0233483251879394,0.000377476165239921,0.00878621107406968,0.00914317755826575,0.0105195280538797,0.000686367579746145,0.499499001184928,0.500500998815072,0,0,1,0.530369737627813,static_fit_scored_candidate
1,5,72,91,20,20,246310,246310,0.0111715245637395,0.0227462681709711,0.0115747436072316,14.3636800802741,0.0292908054792452,0.0231901003605184,0.0015328014940245,0.00878621107406968,0.00439401295365657,0.00130771285794021,0.000686367579746145,0.499462954338858,0.500537045661142,0,0,1,1.11657961446524,static_fit_scored_candidate
1,5,73,92,20,20,246352,246352,0.00963872306971502,0.0227462681709711,0.0131075451012561,14.3657014154927,0.031026214520231,0.0233162304345002,0.0015328014940245,0.0108474316704251,0.00598781074229112,0.0030927050280907,0,0.499514887963185,0.500485112036815,0,0,1,1.13108365223842,static_fit_scored_candidate
1,5,74,93,20,20,246422,246422,0.0073857327218526,0.0204181782129025,0.01303244549105,14.3701266071348,0.0315900308576868,0.0236178294321982,0.000698143948942246,0.0139016587550638,0.00822771900694964,0.00865903509975844,0.000686367579746145,0.499535705558408,0.500464294441592,0,0,1,0.24030094236363,static_fit_scored_candidate
1,5,75,94,20,20,246561,246561,0.00668758877291035,0.0204181782129025,0.0137305894399922,14.3782813516557,0.0323891722265893,0.0241560000648919,0.000698143948942246,0.0170891586289398,0.0107647995793664,0.0110112683134439,0.000686367579746145,0.499545907341241,0.500454092658759,0,0,1,0.517037695872027,static_fit_scored_candidate
1,5,76,95,20,20,246518,246518,0.00461901007942526,0.0188410183577813,0.0142220082783561,14.3755395063936,0.031790842182069,0.0242576667207529,0.0020685786934851,0.0157920100639824,0.0115579835158046,0.0106529913642104,0.000686367579746145,0.499624719852344,0.500375280147656,0,0,1,2.25062580821613,static_fit_scored_candidate
1,5,77,96,20,20,246562,246562,0.00223317408742365,0.0179044462980091,0.0156712722105855,14.3784089307192,0.0317199636226364,0.0241884460018494,0.00161323039124218,0.0154349750204831,0.0115913766725242,0.0118821365015036,0.000686367579746145,0.499590225398456,0.500409774601544,0,0,1,1.5809752467269,static_fit_scored_candidate
1,5,78,97,20,20,246401,246401,0.000619943696181479,0.0171574539872512,0.0165375102910697,14.3689875237305,0.0317883709655504,0.0235548124218763,0.000803418065564876,0.0146195508917352,0.00932456398178791,0.00913978898399062,0.000686367579746145,0.499553769920109,0.500446230079892,0,0,1,0.581661902083683,static_fit_scored_candidate
1,5,79,98,20,20,246513,246513,-0.000183474369383397,0.0157838557230523,0.0159673300924357,14.3755457001015,0.0319094010701587,0.0239984422917782,0.000803418065564876,0.0154600016293645,0.00983373776932309,0.0172042492151188,0,0.499496818200781,0.500503181799219,0,0,1,0.498266009837964,static_fit_scored_candidate
1,5,80,99,20,20,246476,246476,-0.0023820798223803,0.0145029009444307,0.016884980766811,14.3733919029771,0.03207316211277,0.0238400493354323,0.00148646950304774,0.0146843040149294,0.0111279862457793,0.018790878582166,0.000686367579746145,0.499454211514938,0.500545788485062,0,0,1,1.76990143986123,static_fit_scored_candidate
1,5,81,100,20,20,246494,246494,-0.00386854932542804,0.0133691308659532,0.0172376801913812,14.3743521231381,0.0322063023259962,0.0239192522393873,0.00119522032768272,0.0162861771761752,0.0164688545982835,0.0275144398713065,0,0.499420160224812,0.500579839775188,0,0,1,1.42992996515222,static_fit_scored_candidate
1,5,82,101,20,20,246489,246489,-0.00506376965311076,0.00877271058070502,0.0138364802338158,14.3741199428616,0.0322477518157195,0.0239034126868215,0.00119522032768272,0.0158876455125256,0.0191246888473272,0.0313125327748852,0,0.499494391458825,0.500505608541175,0,0,1,1.01926844012989,static_fit_scored_candidate
1,5,83,102,20,20,246515,246515,-0.00654491737742725,0.00403197986427327,0.0105768972417005,14.3754952710386,0.0322240343819046,0.0239659900371578,0.00148114772431649,0.0111744444976828,0.0152521105944999,0.0295094521196205,0,0.49951240690741,0.50048759309259,0,0,1,1.46719192693117,static_fit_scored_candidate
1,5,84,103,20,20,246174,246174,-0.0099421885858017,0.00291281395110157,0.0128550025369033,14.3560073319827,0.0317148218772519,0.0330657740803328,0.00236367293125085,0.00958894476733886,0.0132530565387828,0.0285336947597544,0.000685896802418412,0.499854804481231,0.500145195518769,0,0,1,2.69803232357478,static_fit_scored_candidate
1,5,85,104,20,20,246205,246205,-0.0123058615170526,0.0020763432391154,0.014382204756168,14.3576333972615,0.0315401652722123,0.0331752014556798,0.00128520952274383,0.00779609466206823,0.0116783824266219,0.0249288497772069,0.000686367579746145,0.499760754746403,0.500239245253597,0,0,1,0.919273975439433,static_fit_scored_candidate
1,5,86,105,20,20,246344,246344,-0.0135910710397964,0.00172646109904292,0.0153175321388393,14.3656034658141,0.0309883629651459,0.0337089598285325,0.000174441335050825,0.005782529498638,0.00999248396598572,0.0233982447046081,0.000686367579746145,0.499775612884541,0.500224387115459,0,0,1,0.0395256783784659,static_fit_scored_candidate
1,5,87,106,20,20,246327,246327,-0.0137655123748472,0.00172646109904292,0.0154919734738901,14.3644023355748,0.0309651432916636,0.0336461953168134,0.000174441335050825,0.00501074947432247,0.00735609372499025,0.0180856043902231,0.000686367579746145,0.499870676817624,0.500129323182375,0,0,1,0.0773909116574998,static_fit_scored_candidate
1,5,88,107,20,20,246284,246284,-0.0143542949341824,0.00172646109904292,0.0160807560332254,14.3623286179703,0.030902276482329,0.0331812054376249,0.000201753858798923,0.005907176157521,0.00842446055963089,0.0158486393457396,0,0.49977711780571,0.50022288219429,0,0,1,0.207613294322364,static_fit_scored_candidate
1,5,89,108,20,20,245850,245850,-0.0139672662336461,0.00172646109904292,0.0156937273326891,14.3367252643658,0.0307064259247292,0.0485658038169305,0.000387028700536318,0.00541869187103816,0.00737857801703275,0.00964563240476432,0,0.500136379826787,0.499863620173213,0,0,1,0.346604672052755,static_fit_scored_candidate
1,5,90,109,20,20,245846,245846,-0.0147767704040036,-0.000295940980051948,0.0144808294239517,14.3365235547199,0.0303095274916237,0.0485991344245225,0.000809504170357488,0.00554268308974239,0.00495137365103631,0.00611523262693348,0.000686367579746145,0.500049792375156,0.499950207624844,0,0,1,0.263730454483539,static_fit_scored_candidate
1,5,91,110,20,20,246057,246057,-0.0163088886033728,-0.00136694209365273,0.01494194650972,14.3490507041138,0.0284409609730019,0.0493700723400797,0.00153211819936915,0.005782529498638,0.00411721364957079,0.000635952711385787,0.000686367579746145,0.500132486143678,0.499867513856322,0,0,1,1.39089481376042,static_fit_scored_candidate
1,5,92,111,20,20,246048,246048,-0.0179623445063311,-0.00136694209365273,0.0165954024126783,14.3481969042961,0.0274647869731435,0.0492749382234361,0.000545428946850571,0.00620338180100842,0.00388016541746709,0.00205672381957143,0.000686367579746145,0.500190394840956,0.499809605159044,0,0,1,0.584964680142414,static_fit_scored_candidate
1,5,93,112,20,20,246110,246110,-0.0174169155594805,-0.00136694209365273,0.0160499734658278,14.3520608341897,0.026983634994701,0.0496359381094786,0.000226253385680258,0.00540617708228161,0.00368804157348203,0.00241828442617957,0.000686367579746145,0.500359250332373,0.499640749667626,0,0,1,0.484703229599338,static_fit_scored_candidate
1,5,94,113,20,20,246056,246056,-0.0176431689451608,-0.00273905279624568,0.0149041161489151,14.3489118061373,0.0274934756573319,0.0493221055369509,0.000226253385680258,0.00538438021112431,0.00392496978469387,0.00624500383223773,0.000685896802418412,0.500361288393667,0.499638711606333,0,0,1,0.304558579526378,static_fit_scored_candidate
1,5,95,114,20,20,245970,245970,-0.0182686129105712,-0.00273905279624568,0.0155295601143255,14.3435917733715,0.0278899604876715,0.0489811848503082,0.000625443965410449,0.00620338180100842,0.00432434607258417,0.00365514233551491,0,0.500335436301617,0.499664563698383,0,0,1,0.335461633165801,static_fit_scored_candidate
1,5,96,115,20,20,245991,245991,-0.0197260999391429,-0.00388749047222632,0.0158386094669166,14.344947364177,0.0282706548481555,0.0490585059676737,0.00106179647813804,0.00682932588175001,0.00555571706130594,0.00328964248627527,0,0.500303419985677,0.499696580014323,0,0,1,0.743666225676362,static_fit_scored_candidate
1,5,97,116,20,20,245974,245974,-0.0207878964172809,-0.00549003157609897,0.015297864841182,14.34399652402,0.0282226269309056,0.049094220574365,5.81917311036802e-05,0.00747698940562167,0.00756942951271922,0.00362042713216105,0,0.500328422496547,0.499671577503453,0,0,1,0.293520618592394,static_fit_scored_candidate
1,5,98,117,20,20,245983,245983,-0.0208460881483846,-0.00562578664798648,0.0152203015003981,14.3446005453025,0.0280339864024301,0.0491414075712241,5.81917311036802e-05,0.00747698940562167,0.00644238777402457,0.00417724460841294,0.00137226422065684,0.500316211981512,0.499683788018488,0,0,1,0.29649596964881,static_fit_scored_candidate
1,5,99,118,20,20,245924,245924,-0.0211327134633943,-0.00584363750567653,0.0152890759577178,14.3410583061856,0.0282625365537687,0.0490395406711016,2.70452030760107e-05,0.00759307435987942,0.00704945383625918,0.00677917505229579,0,0.500454634202288,0.499545365797712,0,0,1,0.291440647268815,static_fit_scored_candidate
1,5,100,119,20,20,245892,245892,-0.0208731333514606,-0.00584363750567653,0.0150294958457841,14.3392458346507,0.0283193295579766,0.048932051469751,0.000253245117662233,0.00781185212710052,0.00799859067859647,0.00904179387658669,0,0.500479325552618,0.499520674447382,0,0,1,0.286063302484665,static_fit_scored_candidate
1,5,101,120,20,20,245914,245914,-0.0206198882337984,-0.00654047908826065,0.0140794091455377,14.3404880477008,0.0282897865944525,0.0492200588818946,0.000112182145941726,0.0087440299373258,0.00775202530303169,0.00986600418512573,0.000686367579746145,0.50052832792035,0.49947167207965,0,0,1,0.302062224640895,static_fit_scored_candidate
1,5,102,121,20,20,245940,245940,-0.0209853154974024,-0.00654047908826065,0.0144448364091417,14.342053094098,0.0281692720721369,0.0492803122712857,0.00036542726360396,0.0086245653340928,0.0063893158807851,0.0121962414266177,0.000686367579746145,0.500473923070012,0.499526076929988,0,0,1,0.305736923872313,static_fit_scored_candidate
1,5,103,122,20,20,245824,245824,-0.0216846580972536,-0.00654047908826065,0.015144179008993,14.3353122177771,0.0282543153444255,0.0485387919812549,7.50062723327977e-05,0.00850750276366966,0.00704553638453337,0.0130725298582907,0,0.50047939116736,0.49952060883264,0,0,1,0.26609387985274,static_fit_scored_candidate
1,5,104,123,20,20,245642,245642,-0.0217596643695864,-0.00654047908826065,0.0152191852813258,14.3248275119705,0.028465853684023,0.0481509827229649,7.50062723327977e-05,0.00886815632799322,0.0070559780892394,0.0115766109613461,0.000686367579746145,0.500471036220617,0.499528963779383,0,0,1,0.245562935936169,static_fit_scored_candidate
1,5,105,124,20,20,245536,245536,-0.0222298862634133,-0.00654047908826065,0.0156894071751527,14.3184453337999,0.0289049641915396,0.0475693991919718,0.000470221893826867,0.00903740800083622,0.00648793770246551,0.00868619121759878,0.00137320642167686,0.500587218560699,0.499412781439301,0,0,1,0.298717108120435,static_fit_scored_candidate
1,5,106,125,20,20,245450,245450,-0.0239922223011679,-0.00764101147859905,0.0163512108225688,14.3137229063323,0.0291851092573311,0.0474064175480338,0.00176233603775456,0.0113122555450923,0.00487079719739955,0.0074687272137141,0.000686367579746145,0.500492952883906,0.499507047116094,0,0,1,1.88817210974347,static_fit_scored_candidate
1,5,107,126,20,20,245508,245508,-0.0261027541551579,-0.00866681843491429,0.0174359357202436,14.3168566937114,0.0287132944154989,0.0479169721556935,0.00116550643296654,0.0121296983802769,0.00415060603467047,0.00488180981838005,0.000686367579746145,0.500520526688055,0.499479473311946,0,0,1,1.20408713515958,static_fit_scored_candidate
1,5,108,127,20,20,245525,245525,-0.0272682605881245,-0.00866681843491429,0.0186014421532102,14.3179515967194,0.0290513156944167,0.0479945260825649,0.000482257306656401,0.0111775744073756,0.00604745328667007,0.00891455536171693,0.00137226422065684,0.500543313054241,0.499456686945759,0,0,1,0.964839484522062,static_fit_scored_candidate
1,5,109,128,20,20,245713,245713,-0.0277505178947809,-0.00866681843491429,0.0190836994598666,14.3289811585526,0.0286417733824424,0.0469159517491738,0.000482257306656401,0.0103374346729333,0.00529795799478128,0.0051358991760279,0.000686367579746145,0.500146074015816,0.499853925984184,0,0,1,1.01321748432333,static_fit_scored_candidate
1,5,110,129,20,20,245677,245677,-0.028768991266451,-0.0110100742636518,0.0177589170027991,14.3270139729788,0.0287898072637661,0.0470856398567242,0.00101847337167008,0.0101821406340028,0.00508705284473005,0.00576233530043729,0,0.500189281572569,0.499810718427431,0,0,1,0.997248040654074,static_fit_scored_candidate
1,5,111,130,20,20,245542,245542,-0.0298052414174532,-0.0126588408486839,0.0171464005687693,14.318773631082,0.0288602546045024,0.0465578470661063,0.00103625015100221,0.0102495423675414,0.00584785295407737,0.000438511290767189,0.000686367579746145,0.500165601740279,0.499834398259721,0,0,1,0.862470432686747,static_fit_scored_candidate
1,5,112,131,20,20,245484,245484,-0.0308833982596117,-0.0151701736946141,0.0157132245649976,14.315180741201,0.0292922160290116,0.0459826302325202,0.0010781568421585,0.0125770696791496,0.00907954572337658,0.00142063773398147,0,0.500090407288233,0.499909592711767,0,0,1,0.582688464725605,static_fit_scored_candidate
1,5,113,132,20,20,245406,245406,-0.032544988590696,-0.0181095932689277,0.0144353953217683,14.3111247782112,0.0300800332076606,0.0460294692919546,0.000850986640011778,0.0103830785462586,0.0102093212482155,0.00236882784509872,0,0.500066666421402,0.499933333578599,0,0,1,0.13469919849946,static_fit_scored_candidate
1,5,114,133,20,20,245407,245407,-0.0333959752307078,-0.0202733291646386,0.0131226460660692,14.3107544279317,0.030022028389564,0.0459968705176685,0.0003896575550522,0.0103830785462586,0.0108032012218795,0.00481580740210128,0,0.500049252891801,0.499950747108199,0,0,1,0.133362146414936,static_fit_scored_candidate
1,5,115,134,20,20,245726,245726,-0.03378563278576,-0.0202733291646386,0.0135123036211214,14.329785586091,0.030288041631566,0.0384327386378435,0.000127133931273511,0.0120163809073003,0.0121783154810474,0.00854581826794265,0.000686839003771338,0.500554435151249,0.499445564848751,0,0,1,0.0488066583421486,static_fit_scored_candidate
1,5,116,135,20,20,245663,245663,-0.0332688412994342,-0.0181095932689277,0.0151592480305065,14.3259039492967,0.0302396945963696,0.0381659502409795,0.000516791486325711,0.0124557011383636,0.0113092744791032,0.00737046364472805,0,0.500664417128895,0.499335582871105,0,0,1,0.0492516058859224,static_fit_scored_candidate
1,5,117,136,20,20,245562,245562,-0.0344429868085916,-0.0202733291646386,0.014169657643953,14.3198510936387,0.0309660371708875,0.0377579775537131,0.0011741455091574,0.00992076729001265,0.0119278820460362,0.0077458033270653,0,0.500621204890651,0.499378795109349,0,0,1,0.564212401380444,static_fit_scored_candidate
1,5,118,137,20,20,245600,245600,-0.0359088696084835,-0.0202733291646386,0.0156355404438449,14.3221648145699,0.0305484020776544,0.0378990228013029,0.0302369285902889,0.00770421607770956,0.00838723728995994,0.0029227953640564,0,0.500539744648489,0.499460255351511,0,0,0,71.9559818549343,static_fit_scored_candidate
1,6,1,20,20,20,247414,247414,0.0483394989885559,0.0604796070815096,0.0121401080929537,14.4272238893891,0.0357232871336253,0.0383645358424677,0.0116268665566139,0.0135372052989471,0.0136073194064522,0.0126021381183992,0.000672519708016332,0.500979956485059,0.499020043514941,0,0,1,48.7215412976451,static_fit_scored_candidate
1,6,2,21,20,20,247402,247402,0.0441123639839231,0.057907381764191,0.0137950177802678,14.4263236832922,0.0356774804197106,0.0379945352540784,0.00135986699176625,0.0121182928963423,0.0120201093112668,0.0122141837717345,0.000672519708016332,0.500900929167733,0.499099070832267,0,0,1,6.88853795308354,static_fit_scored_candidate
1,6,3,22,20,20,247307,247307,0.0427524969921569,0.0552367587647219,0.0124842617725651,14.4209126721201,0.0360412277376432,0.0376049298850017,0.00135986699176625,0.00991521868537791,0.0112636131988538,0.0141150678606488,0,0.500858032180585,0.499141967819415,0,0,1,7.0767623492722,static_fit_scored_candidate
1,6,4,23,20,20,247338,247338,0.0392889197626883,0.0502634857297471,0.0109745659670588,14.4231281301909,0.0358037726581654,0.0377456133257864,0.00126650848048823,0.0113703499418929,0.0114226291465428,0.0179142815028364,0,0.50088581454904,0.499114185450959,0,0,1,6.57441631833673,static_fit_scored_candidate
1,6,5,24,20,20,247314,247314,0.0380224112822001,0.0502634857297471,0.012241074447547,14.4211419284978,0.0335590665965768,0.0376360607481926,0.000967686219006669,0.0110062210956671,0.00593067236315136,0.00665229071132697,0,0.500879090109169,0.499120909890831,0,0,1,4.19901529834367,static_fit_scored_candidate
1,6,6,25,20,20,247303,247303,0.0370547250631934,0.0492814554227648,0.0122267303595714,14.4209066436192,0.0333070567662042,0.0376055381231197,0.000346865316136515,0.0110062210956671,0.0048670169894592,0.00766973130264371,0,0.500882789836061,0.499117210163939,0,0,1,1.66775902175244,static_fit_scored_candidate
1,6,7,26,20,20,247372,247372,0.0367078597470569,0.0492814554227648,0.0125735956757079,14.425363640837,0.0335955807314733,0.0378862603689989,0.000346865316136515,0.0122180901572194,0.00555406036913817,0.0101594406326377,0,0.500896531139276,0.499103468860724,0,0,1,1.81715442133057,static_fit_scored_candidate
1,6,8,27,20,20,247278,247278,0.0374154925296284,0.0507273977014923,0.0133119051718639,14.4193336141294,0.0330913480627702,0.0378356518925914,0.000707632782571535,0.00991964736036123,0.00866251390060757,0.0115223097910089,0.00067297229514838,0.50087053194085,0.49912946805915,0,0,1,2.89980932557294,static_fit_scored_candidate
1,6,9,28,20,20,247372,247372,0.0348814594966334,0.0484767852191262,0.0135953257224928,14.4249247678289,0.0329465403263498,0.0378539204113643,0.000507847922736553,0.00949884788798014,0.00649360897776381,0.00791068438673225,0.000672519708016332,0.500795594977583,0.499204405022417,0,0,1,2.01188650113108,static_fit_scored_candidate
1,6,10,29,20,20,247300,247300,0.0343736115738968,0.0484767852191262,0.0141031736452293,14.4208869522037,0.0326456770450727,0.0375899716942984,0.000232958640723813,0.0090427863285768,0.0042923055269451,0.00297017662475827,0.000672519708016332,0.500845004132757,0.499154995867243,0,0,1,1.32798990215146,static_fit_scored_candidate
1,6,11,30,20,20,247283,247283,0.0346065702146207,0.0480492317210398,0.0134426615064192,14.4197141125322,0.0325783560911203,0.0375115252098801,0.000232958640723813,0.00949884788798014,0.00886206457416916,0.0146778857092532,0.000672519708016332,0.50083028243112,0.49916971756888,0,0,1,1.29365687222121,static_fit_scored_candidate
1,6,12,31,20,20,247520,247520,0.0331795868515556,0.0457448030365078,0.0125652161849522,14.4338413888236,0.0328191803227204,0.0384453781512605,0.000462331938868327,0.0101957854730316,0.0084353773201518,0.0126338305857908,0,0.500452405027248,0.499547594972752,0,0,1,1.76200489098012,static_fit_scored_candidate
1,6,13,32,20,20,247568,247568,0.0327172549126872,0.0457448030365078,0.0130275481238205,14.4365098820165,0.0331022560278706,0.0386156530730951,0.000462331938868327,0.0129400695423236,0.00799974114112362,0.00928346882628038,0.000672519708016332,0.500482045549944,0.499517954450056,0,0,1,1.90858988022408,static_fit_scored_candidate
1,6,14,33,20,20,247653,247653,0.0313438754364895,0.0450610920859256,0.013717216649436,14.4415523902827,0.0331004158049399,0.0389572633007074,1.06934791421764e-05,0.0148127102449431,0.0048290521586101,0.00074193791445689,0,0.500540529230973,0.499459470769027,0,0,1,1.56443367105987,static_fit_scored_candidate
1,6,15,34,20,20,247302,247302,0.0313545689156317,0.0457448030365078,0.014390234120876,14.4209680850768,0.0329206281507126,0.0455957040727202,1.06934791421764e-05,0.0177519539566402,0.00625540191745949,0.00600335877403241,0.000672519708016332,0.500300862151111,0.499699137848889,0,0,1,1.47199773106564,static_fit_scored_candidate
1,6,16,35,20,20,247108,247108,0.0298298141341978,0.0450610920859256,0.0152312779517277,14.4097324443328,0.0330583160400569,0.0448548812664908,0.00110587194441977,0.0166089687390473,0.00775677241021453,0.00614837072364639,0.00067297229514838,0.500192526220435,0.499807473779565,0,0,1,4.50779371773266,static_fit_scored_candidate
1,6,17,36,20,20,247241,247241,0.0287239421897781,0.0450610920859256,0.0163371498961475,14.4175469711161,0.0325440311054173,0.0450567051172121,0.000174364513097273,0.0136050478434604,0.00749490018555592,0.00482873203346635,0,0.500169960025204,0.499830039974796,0,0,1,1.41624609915864,static_fit_scored_candidate
1,6,18,37,20,20,247141,247141,0.0288983067028753,0.0454920249936438,0.0165937182907685,14.4118672675735,0.0323295558022712,0.0451558605509339,1.46851024321326e-05,0.0113967576300354,0.00687765125797663,0.00388175768013741,0.00067297229514838,0.500218180640862,0.499781819359138,0,0,1,1.36421559083127,static_fit_scored_candidate
1,6,19,38,20,20,247045,247045,0.0288836216004432,0.0454920249936438,0.0166084033932006,14.4064080043022,0.0323178871450081,0.0448010103299764,1.46851024321326e-05,0.010551128049218,0.00597858215616076,0.00295635945698912,0.00134639763444939,0.50011744828965,0.49988255171035,0,0,1,1.36193736189382,static_fit_scored_candidate
1,6,20,39,20,20,247104,247104,0.0290293388595972,0.0468076887625163,0.0177783499029192,14.4094839973011,0.0321693297375667,0.0450174825174825,0.000145717259153959,0.0110946364484001,0.00587611120002919,0.00690082067123229,0.00067297229514838,0.500212560372399,0.499787439627601,0,0,1,1.55138338083266,static_fit_scored_candidate
1,6,21,40,20,20,247089,247089,0.0271977919179443,0.0454920249936438,0.0182942330756995,14.4089980792688,0.0303321770627332,0.0459585903226329,0.000368839065567155,0.0102592792773967,0.00597858215616077,0.00308547977452368,0.00134639763444939,0.50013751825089,0.49986248174911,0,0,1,0.729829808026657,static_fit_scored_candidate
1,6,22,41,20,20,247107,247107,0.0268289528523772,0.0454920249936438,0.0186630721412666,14.409804159239,0.0304074641767724,0.0460041763115723,0.000368839065567155,0.00964431434523852,0.00562322121179286,0.00225535921051412,0.00134549185092664,0.500115530445863,0.499884469554137,0,0,1,0.854938117155886,static_fit_scored_candidate
1,6,23,42,20,20,247121,247121,0.0263740599747781,0.0454920249936438,0.0191179650188657,14.4107679336588,0.0303364480915031,0.0460659426037131,4.28727287511838e-05,0.00805548537766218,0.00467017079855065,0.00486687271005843,0.00134549185092664,0.500242294020523,0.499757705979477,0,0,1,0.924803559324664,static_fit_scored_candidate
1,6,24,43,20,20,247085,247085,0.0268718255811283,0.0454920249936438,0.0186201994125155,14.4082531280266,0.0293370957273594,0.0458945800686395,0.000497765606350238,0.00774167148411732,0.00664767331433996,0.0103572922557909,0.00067297229514838,0.50011068852692,0.49988931147308,0,0,1,1.16065887318263,static_fit_scored_candidate
1,6,25,44,20,20,247129,247129,0.0239738343040735,0.042796840129498,0.0188230058254244,14.4113189283805,0.0302167597526319,0.0461130084327404,0.00161396875511862,0.0073520777332775,0.00719417912552591,0.0125014836607324,0.000672519708016332,0.50027063132058,0.49972936867942,0,0,1,5.83238689910198,static_fit_scored_candidate
1,6,26,45,20,20,247055,247055,0.0223598655489549,0.0388932907384997,0.0165334251895448,14.4066309919035,0.0298297030277407,0.0454957580467586,0.00161396875511862,0.00792986327617628,0.00616500760683855,0.00631603130043454,0.00067297229514838,0.500271210396868,0.499728789603132,0,0,1,5.22654916854625,static_fit_scored_candidate
1,6,27,46,20,20,247012,247012,0.0206479861133626,0.0356962027576829,0.0150482166443202,14.404241754027,0.0295597568678197,0.0453419267080142,0.00047623667365838,0.00727188331169857,0.00692166654121512,0.0100232101501388,0.00067297229514838,0.500184659946958,0.499815340053042,0,0,1,0.411406988368393,static_fit_scored_candidate
1,6,28,47,20,20,247069,247069,0.021124222787021,0.0356962027576829,0.0145719799706619,14.4077584978949,0.0296348341353323,0.0458489832923197,0.00020199414692797,0.00661542766605016,0.0074604406918288,0.0112692224955779,0,0.500267150036505,0.499732849963495,0,0,1,0.0160566139334679,static_fit_scored_candidate
1,6,29,48,20,20,246856,246856,0.020922228640093,0.0350867159470586,0.0141644873069656,14.3953922248026,0.0300512910685053,0.0454029879767962,0.00020199414692797,0.00670772748677269,0.0100750299812689,0.012611178515611,0.00134639763444939,0.500137985489552,0.499862014510448,0,0,1,0.0119878896441403,static_fit_scored_candidate
1,6,30,49,20,20,246923,246923,0.0202176257242256,0.0350867159470586,0.014869090222833,14.399002319928,0.0302256866735152,0.0456496735837748,0.000704602915867419,0.00413535058569219,0.00919936969646701,0.0097094803522531,0.00067297229514838,0.500165563689323,0.499834436310677,0,0,1,1.41720968650083,static_fit_scored_candidate
1,6,31,50,20,20,246918,246918,0.0181598911536808,0.0329789522836595,0.0148190611299787,14.3990613461599,0.0303528177441181,0.0454236189859064,0.000228590919712324,0.00494488662830384,0.0100329246476648,0.0108131897783775,0.00134639763444939,0.500170797442351,0.499829202557649,0,0,1,0.153045762058078,static_fit_scored_candidate
1,6,32,51,20,20,246681,246681,0.0179313002339685,0.0326838233682216,0.0147525231342531,14.3849014338326,0.0302053816761451,0.0537854096739148,0.000228590919712324,0.00536400698957023,0.00985243666008156,0.0135085985748312,0,0.500375259247126,0.499624740752874,0,0,1,0.438277171412251,static_fit_scored_candidate
1,6,33,52,20,20,246665,246665,0.0161227638517966,0.0312142750880382,0.0150915112362416,14.3842994375061,0.030341864697746,0.0533024145815428,0.000701185626953552,0.00594858176196914,0.0112062749656393,0.0145812029495103,0,0.500350680968837,0.499649319031163,0,0,1,1.80379058885731,static_fit_scored_candidate
1,6,34,53,20,20,246529,246529,0.0154215782248431,0.0305033451552979,0.0150817669304549,14.3761279788266,0.0307246982287961,0.0534616195869096,0.000701185626953552,0.0057753922985906,0.0108516482191405,0.0109379839235298,0,0.500281139486524,0.499718860513476,0,0,1,2.0090147463267,static_fit_scored_candidate
1,6,35,54,20,20,246615,246615,0.0145287254870617,0.0305033451552979,0.0159746196682362,14.3809661633585,0.0306030492644635,0.0527135303467739,0.00089285273778133,0.00637261643921475,0.00660322535538621,0.00497029783586533,0.00067297229514838,0.500224577952409,0.499775422047591,0,0,1,2.74906468106022,static_fit_scored_candidate
1,6,36,55,20,20,246648,246648,0.013156682960308,0.0305033451552979,0.01734666219499,14.3830866881885,0.0316171649442092,0.0527553436476274,0.00137204252675373,0.00576953874858826,0.00877020559429872,0.0122999883540411,0.00067297229514838,0.500286269405839,0.499713730594161,0,0,1,5.53795224154294,static_fit_scored_candidate
1,6,37,56,20,20,246675,246675,0.0108571201990269,0.0278105543849987,0.0169534341859718,14.3848382250075,0.0319859812239795,0.0511440107671602,0.00139471048568848,0.00520556052984371,0.0072540520338054,0.0102311941520793,0,0.500422740001821,0.499577259998179,0,0,1,5.65946332574208,static_fit_scored_candidate
1,6,38,57,20,20,246711,246711,0.00946240971333838,0.0278105543849987,0.0183481446716603,14.3870633242023,0.03167973865278,0.0512824670060638,0.00125959758565721,0.00572823406266557,0.00850274840102691,0.0125692749036394,0,0.500350636537324,0.499649363462676,0,0,1,5.27451962564528,static_fit_scored_candidate
1,6,39,58,20,20,246712,246712,0.00820281212768117,0.0278105543849987,0.0196077422573175,14.3871010917044,0.0319343950014472,0.05129868024255,0.00125959758565721,0.00726898652703755,0.00764924995740626,0.00970051201038389,0.00067297229514838,0.500284997299449,0.499715002700551,0,0,1,5.69320907346522,static_fit_scored_candidate
1,6,40,59,20,20,246689,246689,0.00678955293958665,0.0247814005518394,0.0179918476122527,14.3856609045118,0.032035370886336,0.050946119047233,0.00141325918809452,0.00820530196033305,0.00932653764335755,0.0139357340584046,0.00067297229514838,0.500447645266688,0.499552354733312,0,0,1,5.98872909494079,static_fit_scored_candidate
1,6,41,60,20,20,246626,246626,0.00525989408622371,0.0222457516018964,0.0169858575156726,14.3819653117281,0.0318095025036825,0.0506998394342897,0.00152965885336294,0.00811772366683767,0.00850491277637088,0.0142791637672041,0.00067297229514838,0.500372207326334,0.499627792673666,0,0,1,6.10700759143268,static_fit_scored_candidate
1,6,42,61,20,20,246619,246619,0.00370216820687438,0.0218783341409091,0.0181761659340347,14.3817208251018,0.0319385468648865,0.0506690454950937,0.000659655995150894,0.0101748577367857,0.0104128137443965,0.0149315048246231,0.00067297229514838,0.500452221701291,0.499547778298709,0,0,1,2.90015195011051,static_fit_scored_candidate
1,6,43,62,20,20,246733,246733,0.00304251221172349,0.0218783341409091,0.0188358219291856,14.3881924424257,0.0317616224767148,0.0514071720381298,9.10156001598388e-05,0.0110981476849441,0.00869961717101143,0.0114143475417426,0.00134549185092664,0.500385173929879,0.499614826070121,0,0,1,1.84498834432805,static_fit_scored_candidate
1,6,44,63,20,20,246781,246781,0.00313352781188332,0.0220285000126796,0.0188949722007962,14.3911658639567,0.0321121436328051,0.0513161307053942,9.10156001598388e-05,0.0106289740302847,0.00889109340811875,0.0123763045426346,0.00067297229514838,0.500394109079683,0.499605890920317,0,0,1,2.03573723588992,static_fit_scored_candidate
1,6,45,64,20,20,246823,246823,0.00432184914329021,0.0222457516018964,0.0179239024586062,14.3933947311618,0.0318578759779713,0.0517453732214047,0.000157145391427025,0.0106451474072237,0.00986270593877394,0.0134661830882556,0.00067297229514838,0.500416185083811,0.499583814916189,0,0,1,1.7036281714211,static_fit_scored_candidate
1,6,46,65,20,20,246849,246849,0.00329067320331035,0.0220285000126796,0.0187378268093692,14.3950735612093,0.0318027911143056,0.0515774634193768,0.00103117593997986,0.0119430413641132,0.00662548660809919,0.00918571466926065,0.00067297229514838,0.500456791597774,0.499543208402226,0,0,1,4.51304613630825,static_fit_scored_candidate
1,6,47,66,20,20,246775,246775,0.00215332257242394,0.0220285000126796,0.0198751774402556,14.3908754492306,0.0319088565534207,0.0515771387817292,0.00107049274087207,0.0110077209003309,0.00684815057068178,0.00724564050978885,0.00067297229514838,0.500459316152096,0.499540683847904,0,0,1,4.98663033554714,static_fit_scored_candidate
1,6,48,67,20,20,246782,246782,0.00108282983155187,0.0220285000126796,0.0209456701811277,14.3910591340454,0.0309957115762665,0.0513161307053942,0.000922743434090596,0.0123796953387641,0.00530143092730427,0.00555241935256862,0,0.500542816085272,0.499457183914728,0,0,1,4.14533529328497,static_fit_scored_candidate
1,6,49,68,20,20,246784,246784,0.000160086397461277,0.0220285000126796,0.0218684136152183,14.3913507550495,0.0308442150331996,0.0516078838174274,0.000473430793037654,0.00841782876993365,0.00630084304421823,0.00857027457274,0.00067297229514838,0.500540506321134,0.499459493678866,0,0,1,2.46049634895494,static_fit_scored_candidate
1,6,50,69,20,20,246920,246920,-0.000313344395576376,0.0217817547918968,0.0220950991874732,14.3992705998299,0.0302797549102522,0.0485987364328527,0.000192615748357521,0.00841782876993365,0.0051855962158774,0.0065618011289029,0.00067297229514838,0.500563968909661,0.499436031090339,0,0,1,1.6969988186769,static_fit_scored_candidate
1,6,51,70,20,20,246962,246962,-0.000120728647218856,0.0217817547918968,0.0219024834391156,14.4012965092217,0.0299183179091336,0.0487358481398098,0.000192615748357521,0.00921626169274215,0.00511951221384162,0.00287336769086763,0.00134549185092664,0.500562228818282,0.499437771181718,0,0,1,1.55736354454827,static_fit_scored_candidate
1,6,52,71,20,20,246919,246919,-0.00234522833415964,0.0208146210804963,0.0231598494146559,14.3993137337897,0.0307324771472958,0.0485987364328527,0.00109889283826816,0.00964525383100961,0.00463853506913004,0.00187698570102003,0,0.500543898066133,0.499456101933867,0,0,1,5.10928208232089,static_fit_scored_candidate
1,6,53,72,20,20,246989,246989,-0.00124633549589148,0.0208146210804963,0.0220609565763877,14.4030639414256,0.0307361760419231,0.0488760769579582,0.000171248942061258,0.00826027765383404,0.00452606900491454,0.00266287045754144,0,0.500518070625977,0.499481929374023,0,0,1,1.93862627542897,static_fit_scored_candidate
1,6,54,73,20,20,247081,247081,-0.00217397939209838,0.0208146210804963,0.0229886004725946,14.4087377963839,0.0305214197651694,0.0492302213012579,0.000927643896206899,0.00771776849394065,0.00533603593523196,0.00763363894543338,0.000672519708016332,0.500519874645188,0.499480125354812,0,0,1,4.29326259919364,static_fit_scored_candidate
1,6,55,74,20,20,247012,247012,-0.00418535336527616,0.0179907521317329,0.022176105497009,14.4047208590091,0.0307520916716881,0.0489530872994025,0.00100477868613367,0.00794255890727603,0.00594771678653724,0.00846476800194049,0.000672519708016332,0.500558377457026,0.499441622542974,0,0,1,4.52993486869364,static_fit_scored_candidate
1,6,56,75,20,20,247157,247157,-0.00317875807823205,0.0179907521317329,0.0211695102099649,14.4129097804298,0.0302203465516028,0.0469007930085774,0.000356666946250616,0.0066505624581155,0.00681041942640681,0.00862574051348844,0.000672519708016332,0.50059861058598,0.49940138941402,0,0,1,1.38243406390124,static_fit_scored_candidate
1,6,57,76,20,20,247064,247064,-0.00353542502448267,0.0179907521317329,0.0215261771562155,14.4074913392536,0.0298070842498919,0.0462714114561409,0.000284343376374528,0.0043711554755264,0.00605353724523755,0.00785740476724431,0.000672519708016332,0.500620019902431,0.499379980097569,0,0,1,1.36379915858212,static_fit_scored_candidate
1,6,58,77,20,20,247106,247106,-0.00381976840085719,0.0153111073415214,0.0191308757423786,14.4098797747808,0.0294014803130634,0.0467002282402836,0.000284343376374528,0.00559913582323986,0.00591980036067597,0.00834060688464563,0,0.500619905079544,0.499380094920456,0,0,1,0.839492340212408,static_fit_scored_candidate
1,6,59,78,20,20,247158,247158,-0.0051306528128432,0.0138510596381413,0.0189817124509845,14.4131420722873,0.0290396455506335,0.0466256675837514,0.000247990577378694,0.00421288932469955,0.00480612931323248,0.00699587034281054,0,0.500563728031544,0.499436271968456,0,0,1,0.802686086659031,static_fit_scored_candidate
1,6,60,79,20,20,247217,247217,-0.00537864339022189,0.0138510596381413,0.0192297030283632,14.4165428838296,0.0287317409154933,0.0471159291319473,0.000247990577378694,0.00495539640331502,0.00585728751727667,0.0058947022337182,0,0.500543515991957,0.499456484008043,0,0,1,0.881448025062253,static_fit_scored_candidate
1,6,61,80,20,20,247226,247226,-0.00638224599206402,0.010120280299927,0.0165025262919911,14.4170607502303,0.0289401480490649,0.0468878929571084,3.50901195159646e-06,0.00525081823439001,0.00833881935185421,0.0112777752424855,0.00134549185092664,0.50055600666632,0.49944399333368,0,0,1,0.252273043797812,static_fit_scored_candidate
1,6,62,81,20,20,247242,247242,-0.00638575500401562,0.010120280299927,0.0165060353039427,14.4178305894589,0.0289439882957112,0.0472246040348805,3.50901195159646e-06,0.00476774626715754,0.00556564685843611,0.00733185687476286,0.000672519708016332,0.500518732440501,0.499481267559499,0,0,1,0.268612741393864,static_fit_scored_candidate
1,6,63,82,20,20,247197,247197,-0.0080375903004808,0.00564716825670557,0.0136847585571864,14.4155907783788,0.0291462421076872,0.0470711974110032,0.00044918145970144,0.00594912943362152,0.00776270221186813,0.0129848043955354,0.000672519708016332,0.500476975265748,0.499523024734252,0,0,1,0.376026761686665,static_fit_scored_candidate
1,6,64,83,20,20,247149,247149,-0.00848677176018224,0.00564716825670557,0.0141339400168878,14.4123392230517,0.0288981881399014,0.0465786236809737,0.00044918145970144,0.00643859644285331,0.00574465211226162,0.000609104641611749,0,0.500502140515706,0.499497859484295,0,0,1,0.354337102707323,static_fit_scored_candidate
1,6,65,84,20,20,247074,247074,-0.0099128496721604,0.00564716825670557,0.015560017928866,14.4082781321593,0.0286124918381676,0.0465929511567291,0.000137170488514058,0.00642568750300793,0.00506529770793504,0.00139692212712197,0,0.500545665635019,0.499454334364981,0,0,1,0.0653240588087433,static_fit_scored_candidate
1,6,66,85,20,20,247276,247276,-0.0100500201606745,0.00511895745258196,0.0151689776132564,14.4201795246626,0.0286962565713081,0.0470729063880037,0.000137170488514058,0.00643859644285331,0.00516781900820533,3.53782028857264e-05,0,0.500402454230853,0.499597545769147,0,0,1,0.0872828460163446,static_fit_scored_candidate
1,6,67,86,20,20,247354,247354,-0.00966296837434357,0.00654409373906533,0.0162070621134089,14.4244373848906,0.028840417549411,0.0473649315157101,0.000387051786330889,0.00679846239211515,0.00520861587856532,0.000137449932713427,0.000672519708016332,0.500386432046925,0.499613567953075,0,0,1,0.246214482474692,static_fit_scored_candidate
1,6,68,87,20,20,247322,247322,-0.0107338026409736,0.00511895745258196,0.0158527600935555,14.4226447893399,0.0294499848294072,0.047257848005046,0.00051053085322811,0.00852486837663841,0.00503979802496447,0.00174414128038936,0,0.50033383378249,0.49966616621751,0,0,1,0.66419697673741,static_fit_scored_candidate
1,6,69,88,20,20,247389,247389,-0.0101734992275717,0.00511895745258196,0.0152924566801536,14.4263358899519,0.0295760495272692,0.047503557107748,0.000560303413401901,0.00939858124247794,0.00543852998313043,0.00107018295742474,0.000672519708016332,0.50023355379734,0.49976644620266,0,0,1,0.850484943275559,static_fit_scored_candidate
1,6,70,89,20,20,247313,247313,-0.0126235243745362,0.00273192057527929,0.0153554449498155,14.4221544853633,0.0301917332468305,0.047210855747303,0.00105823707382062,0.00843260761285105,0.00506529770793498,0.000924545950867732,0.000672519708016332,0.499982231074958,0.500017768925042,0,0,1,2.92247162188993,static_fit_scored_candidate
1,6,71,90,20,20,247251,247251,-0.0136817614483568,0.00125352917481633,0.0149352906231732,14.4185241711733,0.0304492612124936,0.0472716095319755,0.000484851165020658,0.0102146519849841,0.00444399385542237,0.000262161914001689,0.00134549185092664,0.500057226223649,0.499942773776351,0,0,1,0.723626608942077,static_fit_scored_candidate
1,6,72,91,20,20,247411,247411,-0.0131969102833362,0.00125352917481633,0.0144504394581525,14.4279433741397,0.0301112607515107,0.0475967212584677,0.00018934275197386,0.0076813575722907,0.00521038240935327,0.00301550183251297,0.000672519708016332,0.500033774707391,0.499966225292609,0,0,1,0.128793276790701,static_fit_scored_candidate
1,6,73,92,20,20,247314,247314,-0.013492418696383,0.00125352917481633,0.0147459478711993,14.4219791046772,0.0300333101672608,0.0471946821071018,0.000101367738321416,0.00609425830524555,0.00369800927158833,0.00499610954114007,0,0.500068054850496,0.499931945149504,0,0,1,0.0956896313099277,static_fit_scored_candidate
1,6,74,93,20,20,247246,247246,-0.0130955425450148,0.00125352917481633,0.0143490717198311,14.418475064229,0.0302519334268017,0.0469649906167087,0.000396876151368214,0.00663569632040624,0.00436248411092482,0.00417059038077294,0.000672519708016332,0.500061310478613,0.499938689521387,0,0,1,0.251002299922533,static_fit_scored_candidate
1,6,75,94,20,20,247283,247283,-0.0123264772799898,0.00263914012893335,0.0149656174089232,14.420338430903,0.0299212673393384,0.0473948981737597,2.5983065114291e-05,0.00613050577649192,0.00455242483667412,0.00538077618490297,0.000672519708016332,0.50002470192461,0.49997529807539,0,0,1,0.105528916188973,static_fit_scored_candidate
1,6,76,95,20,20,247160,247160,-0.0130695594799005,0.000832424993042266,0.0139019844729427,14.4133458225407,0.0301183913433483,0.0469331607056158,0.000692077221913192,0.00722890118553259,0.00476767966105154,0.00614572449548982,0.000672519708016332,0.500091815622524,0.499908184377476,0,0,1,1.38361617592273,static_fit_scored_candidate
1,6,77,96,20,20,247432,247432,-0.0137616367018137,0.000832424993042266,0.0145940616948559,14.4293213465469,0.0303078767331991,0.0396553396488732,0.000450802029661329,0.00819745490500271,0.00634595879176582,0.00935141274797141,0,0.500387385583882,0.499612614416118,0,0,1,0.446225502320578,static_fit_scored_candidate
1,6,78,97,20,20,247328,247328,-0.014212438731475,0.000832424993042266,0.0150448637245172,14.4230269955264,0.0302055610029282,0.0392676931038944,0.000188821766924632,0.00853302660290822,0.00503065967107288,0.00404578509286475,0,0.500428717927017,0.499571282072983,0,0,1,0.0971433706831414,static_fit_scored_candidate
1,6,79,98,20,20,247231,247231,-0.0139504584687383,0.00147955226621252,0.0154300107349508,14.4170754849888,0.0302017786385557,0.0388784623349728,0.000261980262736697,0.00826698446424014,0.00534465217842685,0.00495776477803357,0.000672519708016332,0.500426239416547,0.499573760583453,0,0,1,0.0956174776673174,static_fit_scored_candidate
1,6,80,99,20,20,247168,247168,-0.0146913764486677,0.000832424993042266,0.01552380144171,14.4135683548018,0.0303291105829941,0.0386295960642154,0.000233966896744838,0.00910284496650456,0.00505802520209122,0.00551572160919985,0.000672519708016332,0.500468531947288,0.499531468052712,0,0,1,0.161793487039364,static_fit_scored_candidate
1,6,81,100,20,20,247154,247154,-0.0149253433454126,0.000832424993042266,0.0157577683384548,14.4129084791459,0.0300304609936876,0.0385829192898412,5.5222524868186e-05,0.00926851383631156,0.00426434232682176,0.00317178211129249,0.000672519708016332,0.500490106123241,0.499509893876759,0,0,1,0.04053718752764,static_fit_scored_candidate
1,6,82,101,20,20,247127,247127,-0.0148701208205444,0.000832424993042266,0.0157025458135867,14.4113986577898,0.0300405993502074,0.0384739891877893,5.5222524868186e-05,0.00905847848449262,0.00392731375013703,0.00251162146391623,0.00067297229514838,0.500524948741514,0.499475051258486,0,0,1,0.0346993764140269,static_fit_scored_candidate
1,6,83,102,20,20,247107,247107,-0.0142508567660641,0.00126212322894608,0.0155129799950102,14.410121701221,0.0298693317579052,0.0383961668582158,0.00017764726932781,0.00844679534890495,0.00399929533929822,0.00542531816579244,0,0.500465918358637,0.499534081641363,0,0,1,0.035117281980117,static_fit_scored_candidate
1,6,84,103,20,20,247140,247140,-0.0140732094967363,0.00126212322894608,0.0153353327256824,14.4120335835012,0.0295425277767111,0.0385368616978231,6.90675727831134e-05,0.00877127377439868,0.00354295614087657,0.000513927955009546,0.00067297229514838,0.50044087694251,0.49955912305749,0,0,1,0.035540625780887,static_fit_scored_candidate
1,6,85,104,20,20,247148,247148,-0.0140041419239532,0.000832424993042266,0.0148365669169954,14.4126234707819,0.0294132774918334,0.0385679835564115,6.90675727831134e-05,0.00944537840250457,0.00378167409164736,0.00401461408217902,0,0.50041624664445,0.49958375335555,0,0,1,0.0359640353605479,static_fit_scored_candidate
1,6,86,105,20,20,246977,246977,-0.012967298140611,0.000832424993042266,0.0137997231336532,14.4024969633621,0.0294994818989682,0.0393878046805409,5.76114593307375e-05,0.00893514375661552,0.00466228199089403,0.00140529994448301,0.000672519708016332,0.500781933317036,0.499218066682964,0,0,1,0.036449895655512,static_fit_scored_candidate
1,6,87,106,20,20,246862,246862,-0.0129096866812802,0.000832424993042266,0.0137421116743225,14.3957879828313,0.02944784818559,0.0389364184328213,5.76114593307375e-05,0.00944537840250457,0.00676023741869541,0.00374351472890099,0,0.500682659670248,0.499317340329752,0,0,1,0.0368613622993764,static_fit_scored_candidate
1,6,88,107,20,20,246905,246905,-0.012541798601846,0.00126212322894608,0.013803921830792,14.3985578682064,0.0290129452764779,0.0391238841997829,0.000367888079434265,0.0081648892555412,0.00496807310367672,0.00329045376491507,0.000672519708016332,0.500782174640971,0.499217825359029,0,0,1,0.0373046351220426,static_fit_scored_candidate
1,6,89,108,20,20,246853,246853,-0.0119711150188363,0.00158092676668819,0.0135520417855244,14.3953757396239,0.0289859003372057,0.0389052727095959,0.000570683583009704,0.0081648892555412,0.00604136320125145,0.00400822294934651,0.000672519708016332,0.500751518459732,0.499248481540268,0,0,1,0.822604644906895,static_fit_scored_candidate
1,6,90,109,20,20,246906,246906,-0.0102169631809024,0.0045601257418549,0.0147770889227573,14.3985774037251,0.0285936733643527,0.0380708604014451,0.00143568176652402,0.0069064589829138,0.00874182807954801,0.0113995939438785,0,0.500595125058639,0.499404874941361,0,0,1,4.3454940491297,static_fit_scored_candidate
1,6,91,110,20,20,246941,246941,-0.00878128141437839,0.00958472712573227,0.0183660085401107,14.4004852600149,0.0286280740478916,0.0382110923934171,0.000133785912515226,0.00867417017759676,0.00988135001200931,0.0150051730611016,0,0.500574339196474,0.499425660803526,0,0,1,0.637176174253201,static_fit_scored_candidate
1,6,92,111,20,20,246848,246848,-0.0100831772683872,0.00958472712573227,0.0196679043941195,14.3950753411955,0.0284416080675022,0.0378208452164895,0.000624915142896931,0.00957128848812324,0.00877335298560568,0.0138040754036811,0.00067297229514838,0.500548891357619,0.499451108642381,0,0,1,1.93899223428458,static_fit_scored_candidate
1,6,93,112,20,20,246832,246832,-0.00945826212549026,0.0102595165294887,0.019717778654979,14.3942063757102,0.0281802346864166,0.0377746807545213,0.000470743021243451,0.0113836164751408,0.00906737474508592,0.0143266800759085,0,0.500589072991628,0.499410927008372,0,0,1,1.32292574753635,static_fit_scored_candidate
1,6,94,113,20,20,246824,246824,-0.00898751910424681,0.0105398036561609,0.0195273227604077,14.393690814135,0.0280176390294446,0.0377272874598905,6.9851660159867e-07,0.0122805737562958,0.00777336445571938,0.0129574790860409,0.00067297229514838,0.5005930350925,0.4994069649075,0,0,1,0.902204873071582,static_fit_scored_candidate
1,6,95,114,20,20,246808,246808,-0.00898821762084841,0.0105398036561609,0.0195280212770093,14.3923612655679,0.0283196366954624,0.0376486985835143,6.9851660159867e-07,0.0119286763761973,0.0103249478173602,0.0205849125771996,0,0.500547968317357,0.499452031682643,0,0,1,0.902783651466876,static_fit_scored_candidate
1,6,96,115,20,20,246903,246903,-0.00856230063773075,0.0105398036561609,0.0191021042938917,14.3982088197226,0.0280237819115485,0.0380228752875612,0.000425916983117662,0.0114786826708006,0.00897248990030464,0.0180863434759728,0.00134549185092664,0.500585333503712,0.499414666496288,0,0,1,1.00183993568681,static_fit_scored_candidate
1,6,97,116,20,20,246655,246655,-0.00744686482853375,0.0105398036561609,0.0179866684846947,14.3837509698316,0.0278327748297293,0.0462830825116762,0.001115435809197,0.00990650674867828,0.00678876461983274,0.0145553670698599,0,0.500286334011974,0.499713665988026,0,0,1,3.58075717164466,static_fit_scored_candidate
1,6,98,117,20,20,246697,246697,-0.0059530286031634,0.0105398036561609,0.0164928322593243,14.3861448650826,0.0281264669612712,0.0464531820024321,0.00149383622537035,0.0109301702425548,0.0078487671491633,0.0131868511932371,0.00134549185092664,0.500258545925824,0.499741454074176,0,0,1,4.79049736950861,static_fit_scored_candidate
1,6,99,118,20,20,246724,246724,-0.00431555450674185,0.0134819310112248,0.0177974855179666,14.3880229663996,0.0283075302030681,0.0465621504190918,0.00163747409642155,0.0128966948101489,0.00736109616944811,0.0108726113101665,0.00134549185092664,0.500269121206729,0.499730878793272,0,0,1,5.67704619634403,static_fit_scored_candidate
1,6,100,119,20,20,246813,246813,-0.00228546188793085,0.0148498999244145,0.0171353618123454,14.3928590539071,0.0277651819483297,0.0469013354077531,0.000965092277586985,0.0117531445250022,0.00501233298111831,0.00481413784344414,0,0.500300361337137,0.499699638662863,0,0,1,2.80423201465935,static_fit_scored_candidate
1,6,101,120,20,20,246789,246789,-0.00132036961034386,0.016384615762456,0.0177049853727998,14.3916487609229,0.0278063308689355,0.0468086485785601,0.000965092277586985,0.0113353427283178,0.00418593097830459,0.000415532655824856,0,0.500326012918342,0.499673987081658,0,0,1,2.92986701016913,static_fit_scored_candidate
1,6,102,121,20,20,246758,246758,5.74210940522401e-05,0.0171107320432554,0.0170533109492032,14.3897792492485,0.0277487154350272,0.0466850380936943,0.000526798198728644,0.0126752221002915,0.00546722064295483,0.00614210848335896,0,0.500358103255213,0.499641896744787,0,0,1,0.991905676114412,static_fit_scored_candidate
1,6,103,122,20,20,246783,246783,0.000584219292780884,0.0171107320432554,0.0165265127504745,14.39122668465,0.0277416883993041,0.0467777489626556,0.000409495518985241,0.0108187597410047,0.00612156514593874,0.00661834668212648,0,0.500301426758607,0.499698573241393,0,0,1,0.399161879139751,static_fit_scored_candidate
1,6,104,123,20,20,246734,246734,0.000993714811766126,0.0171107320432554,0.0161170172314893,14.3883257849064,0.0277459698142252,0.0465923091887686,0.000342489136060884,0.011047980396261,0.00686693839904696,0.0033249950521357,0,0.500263649786783,0.499736350213216,0,0,1,0.169775777703355,static_fit_scored_candidate
1,6,105,124,20,20,247324,247324,0.00133620394782701,0.0177829797602148,0.0164467758123878,14.4227304713328,0.0276830961467435,0.0202325694231049,5.56252896049814e-05,0.011047980396261,0.00576544006535764,0.00283117108964163,0,0.500500967020671,0.499499032979329,0,0,1,0.207274389295598,static_fit_scored_candidate
1,6,106,125,20,20,247309,247309,0.00139182923743199,0.0177829797602148,0.0163911505227828,14.4218774261601,0.0278824236497195,0.0201850294365013,5.56252896049814e-05,0.0108187597410047,0.00611855774455552,0.000369209644202152,0.00067297229514838,0.500476989114308,0.499523010885692,0,0,1,0.195064959476825,static_fit_scored_candidate
1,6,107,126,20,20,247388,247388,0.00172870644673408,0.0177829797602148,0.0160542733134807,14.4265207809569,0.0279302446198862,0.0200979837340534,0.000237563090845536,0.0104902303809184,0.00641805788767596,0.00257740456212108,0,0.500502501042417,0.499497498957583,0,0,1,0.118988909757827,static_fit_scored_candidate
1,6,108,127,20,20,247388,247388,0.00196626953757961,0.0177829797602148,0.0158167102226352,14.4265269649924,0.0278261537179065,0.0200979837340534,0.000237563090845536,0.0104902303809184,0.00473086305091916,0.000673096831273822,0,0.50051144210127,0.49948855789873,0,0,1,0.0654652314967751,static_fit_scored_candidate
1,6,109,128,20,20,247414,247414,0.00257780141982388,0.0166591914864012,0.0140813900665774,14.4282087044798,0.0281370035738364,0.0201603776635302,0.000105761366059358,0.0104902303809184,0.00429659140472467,0.000126480114531546,0.00067297229514838,0.500522239231088,0.499477760768912,0,0,1,0.0462374044308202,static_fit_scored_candidate
1,6,110,129,20,20,247280,247280,0.00247204005376452,0.0166591914864012,0.0141871514326367,14.420263414755,0.0283690022552841,0.0195567777418311,0.000105761366059358,0.00893693888630137,0.00404050267584728,0.00277653991417911,0,0.500645182356305,0.499354817643695,0,0,1,0.0466844257582054,static_fit_scored_candidate
1,6,111,130,20,20,247256,247256,0.00305201214689197,0.0166591914864012,0.0136071793395093,14.4187475045313,0.0286228598025319,0.0197204516776135,0.000579972093127444,0.00970684044111775,0.0061185577445555,0.0063849589982736,0,0.500526926676868,0.499473073323132,0,0,1,0.869795535878476,static_fit_scored_candidate
1,6,112,131,20,20,247350,247350,0.00538191676109523,0.0177829797602148,0.0124010629991196,14.4243472381311,0.0289439869994563,0.0200523949674957,0.00058744687538104,0.012128347592715,0.0050452730923313,0.0013992312697884,0,0.500535920998202,0.499464079001798,0,0,1,0.900663492081683,static_fit_scored_candidate
1,6,113,132,20,20,247378,247378,0.00596936363647627,0.0189563262162777,0.0129869625798014,14.4260914628652,0.0289684854613105,0.0201633115045679,0.000349190475318108,0.012128347592715,0.00418373190750487,4.30608235176093e-05,0,0.50052910419406,0.49947089580594,0,0,1,0.0479479045342975,static_fit_scored_candidate
1,6,114,133,20,20,247359,247359,0.00631855411179437,0.0189563262162777,0.0126377721044833,14.4246835581393,0.0291203231409627,0.0204883570504528,0.000349190475318108,0.013612226990014,0.0040176618898279,0.00125269626368767,0,0.500475552886439,0.499524447113561,0,0,1,0.0483666867524285,static_fit_scored_candidate
1,6,115,134,20,20,247332,247332,0.00499953773028851,0.0170568634794154,0.0120573257491269,14.4235902414286,0.0293671703323029,0.0201025342454676,0.000602384018094251,0.0136356745492242,0.00428586867424538,0.0018376523193136,0,0.50051822446441,0.49948177553559,0,0,1,0.962770460662186,static_fit_scored_candidate
1,6,116,135,20,20,247264,247264,0.00571617009370012,0.0173491575807518,0.0116329874870517,14.4193244461739,0.0293896158495675,0.0198330529312799,0.000149585639393155,0.0141198670178122,0.00417051313225877,0.000105188414011817,0,0.500436875480141,0.499563124519859,0,0,1,0.0492151992221217,static_fit_scored_candidate
1,6,117,136,20,20,247674,247674,0.00514912336968167,0.0173491575807518,0.0122000342110702,14.4430507790145,0.0297843722127054,0.0196062597910173,0.000567046724018455,0.0148759697790995,0.00397158626191958,0.00305492651941499,0.000672519708016332,0.500471048941304,0.499528951058696,0,0,1,0.819715390190108,static_fit_scored_candidate
1,6,118,137,20,20,247667,247667,0.0041759293778885,0.0162253693069383,0.0120494399290498,14.4424578710332,0.0299085498849563,0.0197360983251773,0.0116268665566139,0.0149374952044136,0.00353775737631402,0.00464383860819074,0.00134549185092664,0.500457056651027,0.499542943348973,0,0,1,45.8584691063192,static_fit_scored_candidate
2,1,1,20,20,20,243067,243067,-0.0219891795816329,-0.0202006239090128,0.00178855567262009,14.1739854053078,0.0352918638514664,0.0471637566442312,0.0292334612978133,0.0137674038261699,0.0259265613016467,0.0271176520912391,0.00755426645610448,0.500819688807305,0.499180311192695,0,0,0,73.7249598681719,static_fit_scored_candidate
2,1,2,21,20,20,243055,243055,-0.0192692142157155,-0.0186823312982983,0.000586882917417174,14.1729780891506,0.034731101066134,0.0471002567309591,0.00189225302086555,0.0137674038261699,0.0256837000487299,0.030157279852369,0.00629126155790767,0.500873478122809,0.499126521877191,0,0,1,2.91138964738148,static_fit_scored_candidate
2,1,3,22,20,20,243368,243368,-0.0173769611948499,-0.0164363301877667,0.000940631007083272,14.1910634583077,0.0346447085433714,0.0390848427073403,0.00057177985821881,0.0122940668740943,0.0250524831266034,0.0331500410056777,0.00566035486346888,0.500390229875975,0.499609770124026,0,0,1,0.912079637154456,static_fit_scored_candidate
2,1,4,23,20,20,243353,243353,-0.0179487410530688,-0.0186823312982983,0.000733590245229569,14.1905768224217,0.034494534124064,0.0387251598481237,0.00057177985821881,0.01228734331666,0.0238229514231529,0.0312168781744158,0.00377238362953327,0.500436113935246,0.499563886064754,0,0,1,0.838227054238154,static_fit_scored_candidate
2,1,5,24,20,20,243385,243385,-0.0136200083568767,-0.0164363301877667,0.00281632183088996,14.1923121967685,0.0348226551473937,0.0388351110161553,0.00145133359556723,0.0121730687125361,0.0222307349673473,0.0289009562317254,0.00188559904785192,0.50042380639075,0.49957619360925,0,0,1,2.16154254582207,static_fit_scored_candidate
2,1,6,25,20,20,243177,243177,-0.0121686747613095,-0.0111732262733886,0.000995448487920873,14.1801849558995,0.034617163460964,0.0381610329796858,0.00145133359556723,0.0135061528408356,0.0201591920998581,0.0250414067737654,0,0.50034399399035,0.49965600600965,0,0,1,1.93829014161894,static_fit_scored_candidate
2,1,7,26,20,20,243312,243312,-0.00917625712601819,-0.00780106716198133,0.00137518996403686,14.1878697156686,0.0343393725999876,0.0389787597816795,0.000461946958937606,0.0142501706645897,0.0170481950512024,0.0173214861413541,0.00125667110226215,0.500355787962403,0.499644212037597,0,0,1,0.762720978296787,static_fit_scored_candidate
2,1,8,27,20,20,243268,243268,-0.00871431016708058,-0.00780106716198133,0.000913243005099254,14.1856190116056,0.0337174558179746,0.0388378249502606,0.000461946958937606,0.0140910670367862,0.0143781210685027,0.00732661796758169,0.00188559904785192,0.500248995845754,0.499751004154246,0,0,1,0.45551917919601,static_fit_scored_candidate
2,1,9,28,20,20,243296,243296,-0.00684874022360633,-0.00769775945827815,0.00084901923467182,14.1872380528423,0.0332661217855984,0.0389648822833092,0.00186556994347426,0.0113532957152859,0.0153429496921686,0.00657120167493175,0.00377238362953327,0.500160118766351,0.499839881233649,0,0,1,1.96114440054769,static_fit_scored_candidate
2,1,10,29,20,20,243371,243371,-0.00484527230806669,-0.00620649472725008,0.00136122241918339,14.1919229295171,0.0337844846859345,0.0389691501076541,0.00200346791553964,0.0119913031444186,0.0159747299697354,0.00569523736115024,0.00439973111165406,0.500334115569623,0.499665884430377,0,0,1,2.44762512748902,static_fit_scored_candidate
2,1,11,30,20,20,243382,243382,-0.00192468295581846,-0.00191576732017571,8.91563564274955e-06,14.1919487418247,0.03378208027366,0.039295927423331,0.00292058935224823,0.0117705743332629,0.0169339126594817,0.00697361122049873,0.00439973111165406,0.500284902658669,0.499715097341331,0,0,1,3.97420231832345,static_fit_scored_candidate
2,1,12,31,20,20,243511,243511,0.00110784053516449,0.00117034003409398,6.24994989294929e-05,14.1998951547399,0.033742146905185,0.0394888136929597,0.0021778043052283,0.0113640605893523,0.0184476922245612,0.00343505578336695,0.00439973111165406,0.500243274395936,0.499756725604064,0,0,1,2.71784027179697,static_fit_scored_candidate
2,1,13,32,20,20,243458,243458,0.00328564484039279,0.00202610712141573,0.00125953771897706,14.1967663177281,0.0334181571977783,0.0392836605602563,0.00142816067974421,0.0125285054704462,0.0207676585646414,0.00376445489831801,0.00439973111165406,0.500216041916869,0.499783958083131,0,0,1,1.30956349812612,static_fit_scored_candidate
2,1,14,33,20,20,243383,243383,0.004713805520137,0.00327564621371632,0.00143815930642068,14.1923005489161,0.0333574907387535,0.0389672287414128,0.00142816067974421,0.0145815578312759,0.0235681780968824,0.00835869353693667,0.00314266507975259,0.500153109718941,0.499846890281059,0,0,1,1.27996433442592,static_fit_scored_candidate
2,1,15,34,20,20,243391,243391,0.0063118829756431,0.00399152536597047,0.00232035760967263,14.1929421462201,0.0334689371941679,0.0389988167236392,0.00155865590911509,0.0151823193566163,0.0230346090401017,0.0067930417329763,0.00125667110226215,0.500146400766712,0.499853599233288,0,0,1,1.55282600373413,static_fit_scored_candidate
2,1,16,35,20,20,243397,243397,0.0078705388847582,0.00464661037129957,0.00322392851345863,14.1931487328294,0.034444619828972,0.0393590797041906,0.000676445483030775,0.0179849382247759,0.0230801091525463,0.0132138067202608,0,0.50012793921632,0.49987206078368,0,0,1,1.09027936737963,static_fit_scored_candidate
2,1,17,36,20,20,243449,243449,0.00854698436778897,0.00464661037129957,0.0039003739964894,14.1963326565009,0.0351372422649915,0.0395806976323875,0.000676445483030775,0.0189546005337497,0.0253101318663851,0.0185897291353134,0.00125667110226215,0.500093552036082,0.499906447963918,0,0,1,1.68181399916827,static_fit_scored_candidate
2,1,18,37,20,20,243690,243690,0.00949148744634265,0.00464661037129957,0.00484487707504308,14.2104774711814,0.0354208687118494,0.0360619142195887,0.00094450307855368,0.0183464067465275,0.0283303339391496,0.0267983029222868,0.00188559904785192,0.500110784515122,0.499889215484878,0,0,1,2.36408608874508,static_fit_scored_candidate
2,1,19,38,20,20,243750,243750,0.0117172828837162,0.00582801659268338,0.00588926629103283,14.2137597187646,0.0348891552392913,0.0362827792182218,0.00201206064596078,0.0148440025519475,0.0277921648376594,0.0282847103631585,0.00377238362953327,0.50010487968127,0.49989512031873,0,0,1,4.26315341096174,static_fit_scored_candidate
2,1,20,39,20,20,243799,243799,0.013729343529677,0.00836246077866752,0.00536688275100947,14.2167876530427,0.0348981879967696,0.0361607875307629,0.00201206064596078,0.0144607641730414,0.0268205410814986,0.0291949683151767,0.00377238362953327,0.500115274927616,0.499884725072384,0,0,1,4.07609646003487,static_fit_scored_candidate
2,1,21,40,20,20,243820,243820,0.0170796350089499,0.0122911571321042,0.00478847787684575,14.2180417955857,0.0347590301721115,0.0362562546140596,0.00294447255674089,0.0126492153612483,0.0250256530519606,0.0269060888022343,0.00377238362953327,0.500097449384025,0.499902550615975,0,0,1,5.34797742436695,static_fit_scored_candidate
2,1,22,41,20,20,243753,243753,0.0200241075656908,0.0174365707166708,0.00258753684902002,14.2139934946221,0.0350235168238927,0.0360032163310852,0.00264593084091494,0.0108010777032869,0.0236617060734779,0.027060750170314,0.00439973111165406,0.500109099358372,0.499890900641628,0,0,1,4.17331900798513,static_fit_scored_candidate
2,1,23,42,20,20,243408,243408,0.0226700384066057,0.0211655765831532,0.00150446182345252,14.1942104782303,0.034663195569393,0.038667586932229,0.00264593084091494,0.00723950828749724,0.0238395564179347,0.0273418052190446,0.00377238362953327,0.500369428826212,0.499630571173788,0,0,1,3.95760599550085,static_fit_scored_candidate
2,1,24,43,20,20,243328,243328,0.0261765804652524,0.0232446103587876,0.00293197010646477,14.189271147075,0.0336711354714784,0.0383186480799579,0.0015869357391025,0.00881014264105682,0.0247304617149642,0.0291159277549457,0.00314266507975259,0.500385622963923,0.499614377036077,0,0,1,1.86823180036301,static_fit_scored_candidate
2,1,25,44,20,20,243292,243292,0.0277635162043549,0.0248446712349069,0.00291884496944797,14.1870396880277,0.0343561535087018,0.0381763477631817,0.0015869357391025,0.0116643917165813,0.0266825940628144,0.0305485349135143,0.00125667110226215,0.500440678502519,0.499559321497481,0,0,1,2.20264601410815,static_fit_scored_candidate
2,1,26,45,20,20,243301,243301,0.0298142625261433,0.0265468961945327,0.0032673663316106,14.1879359634555,0.0340678803999548,0.0382402262190511,0.00205074632178844,0.011268469748255,0.0243758928322166,0.0246313296618248,0,0.500525354001554,0.499474645998446,0,0,1,2.96097712295952,static_fit_scored_candidate
2,1,27,46,20,20,243242,243242,0.0324371304400166,0.0292094185572864,0.00322771188273025,14.1844883706852,0.0348619492514785,0.0380194372728618,0.00253617410483382,0.0106667560620877,0.0236792014427041,0.0241495847422779,0.00125667110226215,0.500514957516177,0.499485042483823,0,0,1,4.1479925296594,static_fit_scored_candidate
2,1,28,47,20,20,243291,243291,0.0349733045448504,0.0314798935499484,0.00349341099490207,14.1872501632987,0.033161207522379,0.0382092300609967,0.00219654376823506,0.0107901040083754,0.0219512072393769,0.0210904282133077,0.00188559904785192,0.500609529605269,0.499390470394731,0,0,1,2.83924713828838,static_fit_scored_candidate
2,1,29,48,20,20,243518,243518,0.0371698483130855,0.0355649802677356,0.00160486804534989,14.2004316188033,0.0321758423091073,0.0320795006570302,0.00219654376823506,0.0103074031185393,0.0220853720536705,0.0190167142670632,0.00377238362953327,0.500443441799829,0.499556558200171,0,0,1,2.29138906012598,static_fit_scored_candidate
2,1,30,49,20,20,243434,243434,0.0394129186112362,0.0405857689398252,0.00117285032858905,14.1955528456849,0.0321069022547286,0.0317455101135411,0.000945605670293011,0.00986831330998757,0.0229023886268673,0.0212965194957764,0.00440249822714249,0.500500884225148,0.499499115774852,0,0,1,0.208524999015246,static_fit_scored_candidate
2,1,31,50,20,20,243339,243339,0.0403585242815292,0.0427449455006699,0.00238642121914069,14.1902092262428,0.0322838567731793,0.0313635242870058,0.000124474427075243,0.0110492526811828,0.0234252218377575,0.0197559641833469,0.00503300924632575,0.500514141179158,0.499485858820842,0,0,1,0.0125822625886652,static_fit_scored_candidate
2,1,32,51,20,20,243126,243126,0.0404829987086044,0.0427449455006699,0.00226194679206545,14.1776152791793,0.0326690500964127,0.0305189036227831,0.000124474427075243,0.0110492526811828,0.0231322838590985,0.0183732630306473,0.00629126155790767,0.500486955809442,0.499513044190558,0,0,1,0.0129945795961774,static_fit_scored_candidate
2,1,33,52,20,20,243110,243110,0.0411604221746603,0.0427449455006699,0.00158452332600959,14.1770013895649,0.032388418332896,0.0304550988844648,0.00063142292831915,0.0108027457390701,0.0218453042549129,0.016932745883317,0.00503300924632575,0.500463517606858,0.499536482393142,0,0,1,0.0134074961504306,static_fit_scored_candidate
2,1,34,53,20,20,243093,243093,0.0417918451029794,0.0427449455006699,0.000953100397690441,14.1759274657989,0.0317906934654685,0.0304241945568829,0.00063142292831915,0.0100313803786817,0.0200217726923058,0.00949150570450038,0.00503300924632575,0.500468100642612,0.499531899357388,0,0,1,0.013824896102818,static_fit_scored_candidate
2,1,35,54,20,20,243189,243189,0.0426508303218723,0.0427449455006699,9.41151787975519e-05,14.181248346601,0.0316711901399733,0.0307904865291621,9.0895431880185e-05,0.0109191109283479,0.0187092341509476,0.0070259194702561,0.00314464159081609,0.500456685325982,0.499543314674018,0,0,1,0.0142397363188238,static_fit_scored_candidate
2,1,36,55,20,20,243157,243157,0.0425599348899921,0.0412434352276785,0.00131649966231366,14.1797505765257,0.0319943153303507,0.0303832867247903,9.0895431880185e-05,0.0116642280804735,0.0182510931113734,0.00647526187148112,0.00188678495448936,0.500424013030867,0.499575986969133,0,0,1,0.014651175418272,static_fit_scored_candidate
2,1,37,56,20,20,243125,243125,0.0433876327696267,0.0412434352276785,0.0021441975419482,14.1776062627698,0.0323917891984622,0.0302556677963871,0.000827697879634541,0.0121479704773974,0.0164906332670509,0.000969038723396383,0,0.500399634138049,0.499600365861951,0,0,1,0.0150639414620879,static_fit_scored_candidate
2,1,38,57,20,20,242837,242837,0.0446758411741701,0.0427449455006699,0.00193089567350018,14.1609958424306,0.0324052250572398,0.0376873661670236,0.00128820840454338,0.00987337713372639,0.0173680002387887,0.000664649158897614,0.00125746120984446,0.500444065435817,0.499555934564182,0,0,1,0.782413702933903,static_fit_scored_candidate
2,1,39,58,20,20,242869,242869,0.0468746193287656,0.0432055461046634,0.00366907322410225,14.1626377660602,0.0321142603448825,0.0378141572515564,0.000405272985554123,0.0087984652059209,0.0181159635753893,0.000904291947386934,0.00314464159081609,0.500500584237302,0.499499415762698,0,0,1,0.451265284575575,static_fit_scored_candidate
2,1,40,59,20,20,243184,243184,0.0472798923143197,0.0432055461046634,0.00407434620965637,14.181268866928,0.0318028939444737,0.0305447726824133,1.30251733118786e-05,0.0087984652059209,0.0200396905043797,0.00651987696418145,0.00440249822714249,0.500356270258854,0.499643729741146,0,0,1,0.600571043415459,static_fit_scored_candidate
2,1,41,60,20,20,243240,243240,0.0472668671410079,0.0432055461046634,0.00406132103634449,14.1844543107162,0.0317057543473332,0.0304555171846736,1.30251733118786e-05,0.00795119779428111,0.0217181322431705,0.00679343105279014,0.00566035486346888,0.500196213710599,0.499803786289401,0,0,1,0.596176173885855,static_fit_scored_candidate
2,1,42,61,20,20,243353,243353,0.0464638497142844,0.0427449455006699,0.0037189042136145,14.1911549692386,0.0318595050144644,0.0312135307943918,0.000652637343262305,0.00807942125227705,0.0222336325317575,0.00827780233807748,0.00629126155790767,0.500172418086111,0.499827581913889,0,0,1,0.470772514056725,static_fit_scored_candidate
2,1,43,62,20,20,243405,243405,0.0458112123710221,0.0427449455006699,0.0030662668703522,14.1942371572585,0.0320841720229377,0.0314204956287386,0.000652637343262305,0.00807942125227705,0.0219382070677427,0.0110582892398196,0.00628730604922219,0.500012647592238,0.499987352407762,0,0,1,0.231360683196427,static_fit_scored_candidate
2,1,44,63,20,20,243580,243580,0.0445317509410057,0.0412434352276785,0.00328831571332718,14.204412024114,0.0320517954017139,0.0320880203629198,0.0012118223145554,0.00868527053341988,0.0207139706243304,0.00925071776059944,0.00628730604922219,0.499833783227107,0.500166216772893,0,0,1,0.953104781421056,static_fit_scored_candidate
2,1,45,64,20,20,243695,243695,0.0433199286264503,0.0396200676844448,0.00369986094200548,14.2111899041206,0.0319572194268644,0.0325487492613748,0.000276867051910483,0.00882496144492162,0.0186007052726179,0.0119347384529147,0.00502668440904847,0.499593528690059,0.500406471309941,0,0,1,0.465062765037537,static_fit_scored_candidate
2,1,46,65,20,20,243790,243790,0.0430430615745398,0.0392575669051142,0.00378549466942556,14.2163825192008,0.0317334728546837,0.0329133031436635,0.000276867051910483,0.00893157885808779,0.0171085466479314,0.00937297388531354,0.00439696747242724,0.499500889733777,0.500499110266223,0,0,1,0.496959231107033,static_fit_scored_candidate
2,1,47,66,20,20,243847,243847,0.0412123217472569,0.0386136755013671,0.00259864624588978,14.2199379220439,0.0316043406179729,0.0331517994816443,0.000541666865096019,0.00750396579749736,0.0156687815245995,0.0107165361328113,0.00313871950208286,0.499462984999062,0.500537015000938,0,0,1,0.0612902533919007,static_fit_scored_candidate
2,1,48,67,20,20,243847,243847,0.0406706548821608,0.0386136755013671,0.00205697938079377,14.2199449433749,0.0311737867662852,0.0331682031429415,0.000222347666904578,0.00692767787585845,0.0132113276677574,0.0112152150132306,0.00188323170125008,0.499477088733709,0.500522911266291,0,0,1,0.0196669991359399,static_fit_scored_candidate
2,1,49,68,20,20,243678,243678,0.0414346694141614,0.0386136755013671,0.00282099391279436,14.2098746857935,0.0317904350138972,0.0393795141168746,4.09109320650761e-05,0.00692767787585845,0.0103605389184843,0.00866853877432319,0.00125509386207505,0.49909406427469,0.50090593572531,0,0,1,0.143881314701406,static_fit_scored_candidate
2,1,50,69,20,20,243782,243782,0.0407115658142259,0.0386136755013671,0.00209789031285884,14.2161736826151,0.0307998266768903,0.0397893216946149,0.000330780879145377,0.00546206604269311,0.00800434133767468,0.00566083035217247,0.000627350085227418,0.499283753333198,0.500716246666802,0,0,1,0.0205312661333551,static_fit_scored_candidate
2,1,51,70,20,20,243936,243936,0.0410423466933713,0.0386136755013671,0.00242867119200422,14.2249560238868,0.0305864503112161,0.0403876426603699,0.000330780879145377,0.00553412884433604,0.00772348138786613,0.00291604286510648,0,0.499489853466449,0.500510146533552,0,0,1,0.0209149567787016,static_fit_scored_candidate
2,1,52,71,20,20,243972,243972,0.0399813871310373,0.0386136755013671,0.00136771162967023,14.2270568088799,0.0314353727164278,0.0405292410604496,0.00106095956233399,0.00587727733978824,0.0101840506123112,0.00345380389625001,0,0.499708252456774,0.500291747543226,0,0,1,0.409766510971739,static_fit_scored_candidate
2,1,53,72,20,20,244011,244011,0.0386945107345555,0.0386136755013671,8.0835233188456e-05,14.2296013990975,0.0330022764171424,0.0407193088864482,0.000741897115215516,0.0063165335248988,0.0131715627893312,0.00330051434283778,0.000626956763847728,0.499927724115462,0.500072275884538,0,0,1,0.12051163296231,static_fit_scored_candidate
2,1,54,73,20,20,243903,243903,0.03795261361934,0.0386136755013671,0.00066106188202706,14.2228835951187,0.0332893099595061,0.0402453424298084,0.000183083101207446,0.00752680427048589,0.0159712731088799,0.00285894427061514,0.00125430672573873,0.500224861606776,0.499775138393224,0,0,1,0.262920121223111,static_fit_scored_candidate
2,1,55,74,20,20,243703,243703,0.0381356967205475,0.0386136755013671,0.000477978780819614,14.2118266668336,0.0334055869452234,0.039490529494797,0.000183083101207446,0.00750423992763526,0.0173090850097633,0.00344700260377653,0.00125430672573873,0.500372309315456,0.499627690684544,0,0,1,0.320871226939398,static_fit_scored_candidate
2,1,56,75,20,20,243713,243713,0.0376254553907496,0.0349311052523932,0.00269435013835637,14.2119882856734,0.033308340351443,0.0395214101659308,0.000510241329797892,0.00927230413520719,0.0195251820284182,1.67704814914224e-05,0.00188205025568134,0.500502277182005,0.499497722817995,0,0,1,0.350413103918321,static_fit_scored_candidate
2,1,57,76,20,20,243641,243641,0.0356759656583405,0.0307107094926418,0.00496525616569874,14.2081197655585,0.0332559242342193,0.039253993531546,0.00136960699459604,0.00927230413520719,0.0200644733671012,0.00425132298010222,0.0025101877241501,0.500635476620402,0.499364523379598,0,0,1,2.06182599399932,static_fit_scored_candidate
2,1,58,77,20,20,243624,243624,0.0343063586637445,0.0307107094926418,0.0035956491711027,14.2069245222151,0.0328800905443514,0.0391751223196401,0.00136960699459604,0.0104130340378865,0.0203015748589097,0.00343279104015736,0.00214716719235659,0.500941448700415,0.499058551299584,0,0,1,1.37315954252751,static_fit_scored_candidate
2,1,59,78,20,20,243661,243661,0.0314289420090655,0.0289447036608443,0.00248423834822116,14.2092512889575,0.03305428167727,0.0393164357475868,0.00248639707337686,0.0100042343881097,0.0235763766069499,0.0074938762356461,0.00314069105173413,0.501200483274335,0.498799516725665,0,0,1,2.91128200899662,static_fit_scored_candidate
2,1,60,79,20,20,243310,243310,0.0289425449356886,0.0272530045558326,0.00168954037985604,14.1884601535193,0.0335843827321255,0.047313737094759,0.00100508486616943,0.0123341399337232,0.0257545478213401,0.0148555982282417,0.00377001330678644,0.501316055251829,0.498683944748171,0,0,1,0.901345555467922,static_fit_scored_candidate
2,1,61,80,20,20,243235,243235,0.0279374600695192,0.0262308022850417,0.00170665778447745,14.1844030720176,0.033438405267618,0.0467529477544442,0.000147592516967901,0.0155478329474878,0.0266998333325081,0.0198266484144149,0.00439973111165406,0.501311023010261,0.498688976989739,0,0,1,0.506924359988619,static_fit_scored_candidate
2,1,62,81,20,20,243192,243192,0.0280850525864871,0.027309041090393,0.000776011496094093,14.1818846074181,0.0335298194384828,0.0468271982631008,0.000147592516967901,0.014318282645132,0.0238715752548525,0.0140174197414085,0.00566035486346888,0.501406030189321,0.498593969810679,0,0,1,0.556173789507268,static_fit_scored_candidate
2,1,63,82,20,20,243182,243182,0.0271265592780909,0.027309041090393,0.000182481812302047,14.1811335350474,0.0338134273313663,0.0468122902822554,0.00095849330839614,0.0170933961743699,0.0215825373765777,0.010634560632803,0.00629126155790767,0.501460697943691,0.498539302056309,0,0,1,0.913973050822721,static_fit_scored_candidate
2,1,64,83,20,20,243088,243088,0.0258657204469044,0.027309041090393,0.00144332064348857,14.1756885141852,0.033682886081282,0.0464358586191009,0.00126083883118652,0.0183609029862343,0.0196524964995054,0.00975615431308112,0.00629522204675334,0.501415949960032,0.498584050039968,0,0,1,1.33506643628284,static_fit_scored_candidate
2,1,65,84,20,20,242908,242908,0.0237299398316515,0.027309041090393,0.0035791012587415,14.1650122751792,0.0343757045330969,0.0457457144268612,0.00213578061525293,0.0202566149518558,0.0221307445922157,0.0188470087531915,0.00692692457784484,0.501463587982715,0.498536412017285,0,0,1,3.50406775622589,static_fit_scored_candidate
2,1,66,85,20,20,242770,242770,0.0213113973836521,0.023668419860326,0.00235702247667393,14.1573998460144,0.0355789180258695,0.0452276209777075,0.00118345918462504,0.0212918996677384,0.0221182660208306,0.0229771953060691,0.00566748374550944,0.501403223039219,0.498596776960781,0,0,1,2.08616799475421,static_fit_scored_candidate
2,1,67,86,20,20,242739,242739,0.0201279381990271,0.0227272785224885,0.0025993403234614,14.1550740516214,0.0365825832160441,0.0450852764274532,0.00118345918462504,0.0215666845948977,0.0224552124121022,0.0275990329565514,0.00503935002013745,0.501398772018144,0.498601227981856,0,0,1,2.61838259254544,static_fit_scored_candidate
2,1,68,87,20,20,242664,242664,0.0173722953473555,0.0152979843564583,0.00207431099089723,14.1509927003169,0.0377841374526409,0.044786206441829,0.00275564285167153,0.0172197953434862,0.0241467853075613,0.031215100265414,0.00477541585012038,0.50131851766102,0.498681482338981,0,0,1,5.77455553909609,static_fit_scored_candidate
2,1,69,88,20,20,242601,242601,0.0137012496525448,0.00876469440676252,0.00493655524578226,14.1477387271031,0.035575306135838,0.0476166922227169,0.00367104569481076,0.0133109945514953,0.0208402049218188,0.0250718631824933,0.0031505860692093,0.501185236098953,0.498814763901047,0,0,1,7.24540899676006,static_fit_scored_candidate
2,1,70,89,20,20,242532,242532,0.00980219864168443,0.00529780959239602,0.00450438904928841,14.1433953910101,0.0352550867987788,0.0497253970610064,0.00170635398158473,0.00887835253794384,0.0210812416710357,0.0220885639623826,0.00189035164152563,0.500943975298619,0.499056024701381,0,0,1,3.75900048677961,static_fit_scored_candidate
2,1,71,90,20,20,242504,242504,0.00809584466009971,0.00443592507685914,0.00365991958324056,14.1415044404455,0.034024131634655,0.0487414640583248,0.000153874769239663,0.00965171068421223,0.0199194720036367,0.0220011709836,0,0.500872992463192,0.499127007536808,0,0,1,1.32922806461398,static_fit_scored_candidate
2,1,72,91,20,20,242606,242606,0.00794196989086004,0.00443592507685914,0.0035060448140009,14.1477209959235,0.0344138670369431,0.0488524698278705,0.000153874769239663,0.0113479549641486,0.0231628965933576,0.0290016851000987,0.00251967501006867,0.50078539781893,0.49921460218107,0,0,1,1.47124335783473,static_fit_scored_candidate
2,1,73,92,20,20,242668,242668,0.00885144069786405,0.00443592507685914,0.00441551562100491,14.1509385750403,0.0348224679055333,0.04763710089505,0.000909470807004008,0.0115287597681182,0.0250469724435892,0.0307903379289098,0.00377951251510352,0.50097190384613,0.49902809615387,0,0,1,2.08515021331518,static_fit_scored_candidate
2,1,74,93,20,20,242787,242787,0.00639751500480424,0.00107225373839956,0.00532526126640467,14.1581627793849,0.0355576693894752,0.048157240061288,0.001324617638873,0.0118471621170626,0.0280931848716207,0.0352004486442151,0.00503935002013745,0.500815001781597,0.499184998218403,0,0,0,28.5000722130916,static_fit_scored_candidate
2,1,75,94,20,20,242886,242886,0.00507289736593124,0.00107225373839956,0.00400064362753167,14.163852111454,0.0341563961986255,0.0485161885313396,0.00066151255341247,0.00779644848923044,0.0258209247122405,0.0288620493064828,0.0062991875251723,0.500723424207787,0.499276575792213,0,0,1,1.51054941243301,static_fit_scored_candidate
2,1,76,95,20,20,242900,242900,0.00441138481251877,0.00107225373839956,0.0033391310741192,14.164976474983,0.0340122742742207,0.048233841086867,0.00066151255341247,0.0069154148772738,0.0227451372193368,0.0185624949649232,0.00629522204675334,0.500675792382519,0.499324207617481,0,0,1,1.18290706099157,static_fit_scored_candidate
2,1,77,96,20,20,242947,242947,0.00295955772842499,-0.00239792142059628,0.00535747914902127,14.1674897820017,0.0341020457642023,0.0484054200898958,0.00145182708409378,0.00734654650884205,0.0212434459281179,0.0148069338747578,0.00692256529714498,0.50064812240914,0.49935187759086,0,0,1,3.01707727884385,static_fit_scored_candidate
2,1,78,97,20,20,242895,242895,0.000848759105001215,-0.00389144551171057,0.00474020461671178,14.1644268811744,0.0336873087668108,0.048201699492787,9.08648388328098e-05,0.00735495152855777,0.0186298727862769,0.00879238986030392,0.00692256529714498,0.500663747360854,0.499336252639146,0,0,1,1.53625565021085,static_fit_scored_candidate
2,1,79,98,20,20,242772,242772,0.000757894266168406,-0.00389144551171057,0.00464933977787897,14.1573495335626,0.0337270031336953,0.0517852141103587,9.08648388328098e-05,0.00854348460334844,0.0162896231773156,0.00587123973459758,0.00629126155790767,0.500327021989664,0.499672978010336,0,0,1,1.69679825079891,static_fit_scored_candidate
2,1,80,99,20,20,242801,242801,-0.00182334805920139,-0.00545236152844211,0.00362901346924072,14.1589426615011,0.033885183198471,0.0519101826988023,0.0025812423253698,0.00997840621810917,0.0162466306255645,0.00400271186175401,0.00566035486346888,0.500321140936213,0.499678859063786,0,0,1,4.32693197685332,static_fit_scored_candidate
2,1,81,100,20,20,242820,242820,-0.00553490772255783,-0.00714958303065332,0.00161467530809549,14.1601144169872,0.0340374112388894,0.0519726546412981,0.00172961651144775,0.0115789698478093,0.0163138977241161,0.00426451932919553,0.00439973111165406,0.500380172444096,0.499619827555904,0,0,1,2.5667678017033,static_fit_scored_candidate
2,1,82,101,20,20,242843,242843,-0.00726452423400558,-0.0090976630299417,0.00183313879593612,14.1613527441179,0.0323826234596377,0.0517369175273015,0.00172961651144775,0.00963832914198851,0.0152231210494629,0.00238014911872184,0.00251334220452429,0.500329283393705,0.499670716606295,0,0,1,1.94492098014315,static_fit_scored_candidate
2,1,83,102,20,20,242784,242784,-0.00915425777864556,-0.010375914181849,0.00122165640320347,14.1580067443885,0.0326257989401705,0.0518485567417952,0.00188973354463998,0.00998590876687721,0.015997756619482,0.0034028487553316,0.00125667110226215,0.500374102853118,0.499625897146882,0,0,1,2.21741952042576,static_fit_scored_candidate
2,1,84,103,20,20,242766,242766,-0.0117531100314751,-0.0126746314240496,0.000921521392574561,14.1568362645166,0.0321884075611991,0.0518025439926185,0.0016219837421931,0.00912223607496583,0.0146249819715743,0.000507687971275863,0,0.500268255888971,0.499731744111029,0,0,1,1.76968019022988,static_fit_scored_candidate
2,1,85,104,20,20,242834,242834,-0.0133750937736682,-0.0148354583763633,0.00146036460269514,14.1609910958991,0.0323909661211819,0.0520845344182905,0.00071860444793783,0.00991335352149585,0.0164615886391043,0.00504354210778928,0.00125667110226215,0.500250853744813,0.499749146255187,0,0,1,0.460991655260066,static_fit_scored_candidate
2,1,86,105,20,20,242921,242921,-0.014093698221606,-0.0159276181030843,0.00183391988147833,14.1661008445564,0.0322939422366241,0.0521150647939273,0.000630433220060752,0.0102199823240668,0.0194306880215752,0.0159498335121043,0.00188441463104011,0.500020447040611,0.499979552959389,0,0,1,0.46285331754596,static_fit_scored_candidate
2,1,87,106,20,20,242911,242911,-0.0147241314416668,-0.0159276181030843,0.00120348666141758,14.1655777640228,0.0324006122635179,0.0523975760769332,0.000630433220060752,0.0114334983535562,0.0202584654165279,0.0199962904702529,0.00251176397392343,0.499973573572072,0.500026426427928,0,0,1,0.476983263693889,static_fit_scored_candidate
2,1,88,107,20,20,242950,242950,-0.015614100796109,-0.0159276181030843,0.000313517306975316,14.1677219900676,0.0326515465235437,0.0525535908327571,0.000889969354442263,0.0115422099780586,0.021721945526659,0.0258725789011298,0.00251176397392343,0.499809010994336,0.500190989005664,0,0,1,0.588704588276294,static_fit_scored_candidate
2,1,89,108,20,20,242953,242953,-0.0176465343032122,-0.0196744682854931,0.00202793398228096,14.1675922396046,0.0336577318771574,0.0525691894828693,0.00138646825708734,0.0116332896258858,0.0243441592777869,0.0320297303696169,0.00314069105173413,0.499818377844255,0.500181622155745,0,0,1,1.83976034139734,static_fit_scored_candidate
2,1,90,109,20,20,242970,242970,-0.0190330025602995,-0.025873681804177,0.00684067924387751,14.1689024168145,0.0340155485902674,0.0526480417496666,0.00138646825708734,0.010828225845998,0.0249998985395787,0.0334235504522139,0.00251176397392343,0.499747770576486,0.500252229423514,0,0,1,3.62170891138266,static_fit_scored_candidate
2,1,91,110,20,20,243046,243046,-0.0210817658763136,-0.029342543724856,0.00826077784854247,14.1735469246386,0.0328024523733844,0.0512655936275962,0.00204876331601404,0.0103616686768212,0.0230114253299862,0.0313851895796283,0.00188323170125008,0.499782906284056,0.500217093715944,0,0,1,4.57979044755823,static_fit_scored_candidate
2,1,92,111,20,20,243046,243046,-0.0245355007188891,-0.0316713796625147,0.0071358789436256,14.1733651457554,0.0322067521350945,0.0515947467166979,0.00210418847868969,0.00926291673955187,0.0248977229617788,0.0332859284121901,0.000627743900416389,0.499782816003451,0.500217183996549,0,0,1,4.27515821037215,static_fit_scored_candidate
2,1,93,112,20,20,243031,243031,-0.0266396891975788,-0.03359525375534,0.00695556455776128,14.1728670468668,0.0313863134099773,0.0539023667665163,0.00136373245246371,0.00804102305533952,0.0244256765493491,0.0330890282343504,0.000627743900416389,0.499748604865052,0.500251395134948,0,0,1,3.08818955623061,static_fit_scored_candidate
2,1,94,113,20,20,243083,243083,-0.0280034216500425,-0.0345326841716121,0.0065292625215696,14.1754196133402,0.0313126435232614,0.0540718434779747,0.00125278839067144,0.00787722718448071,0.0245455703419964,0.0338888600291744,0.00188323170125008,0.49977261914383,0.50022738085617,0,0,1,2.7554250324326,static_fit_scored_candidate
2,1,95,114,20,20,243069,243069,-0.0292562100407139,-0.0345326841716121,0.00527647413089816,14.1744411391671,0.030344767785083,0.0532846234860453,0.00104049888712821,0.00920083583130567,0.0224277372293442,0.0288300524161888,0.00251176397392343,0.499664956185207,0.500335043814793,0,0,1,1.90378581111824,static_fit_scored_candidate
2,1,96,115,20,20,243055,243055,-0.0302967089278421,-0.0345326841716121,0.00423597524376996,14.1738922986701,0.0281184122946145,0.0535514449345007,0.000724516825367852,0.00728806102547187,0.0190736137764716,0.0211065468723899,0.00251176397392343,0.499543677842116,0.500456322157884,0,0,1,1.18046016109564,static_fit_scored_candidate
2,1,97,116,20,20,243080,243080,-0.03102122575321,-0.0345326841716121,0.0035114584184021,14.1750971621095,0.0274525248767001,0.0533157808129011,0.000724516825367852,0.00760833819280305,0.0171552803904123,0.0157632669875339,0.00251176397392343,0.499406160972237,0.500593839027763,0,0,1,0.903246243966856,static_fit_scored_candidate
2,1,98,117,20,20,243154,243154,-0.0318485957051005,-0.03559503741834,0.00374644171323948,14.1796550804708,0.0272571066427876,0.0539242297126125,0.000120217691372826,0.00558507805581137,0.0152080004423729,0.0107087392835392,0.00313871950208286,0.499208073177925,0.500791926822075,0,0,1,1.01956853989003,static_fit_scored_candidate
2,1,99,118,20,20,243174,243174,-0.0317283780137277,-0.03559503741834,0.0038666594046123,14.180698505675,0.0265322567249385,0.0536895088331085,0.000120217691372826,0.00753635196218068,0.0142288542690293,0.00267841777302924,0.00376764596088514,0.498945354605387,0.501054645394613,0,0,1,1.05280692980321,static_fit_scored_candidate
2,1,100,119,20,20,243233,243233,-0.0320698895719134,-0.03559503741834,0.00352514784642657,14.1842689439762,0.0261723791447173,0.0542353927872519,0.000341511558185736,0.00717109621835565,0.0141789658209832,0.00170124268390955,0.00313871950208286,0.498849993609025,0.501150006390975,0,0,1,0.954250672315079,static_fit_scored_candidate
2,1,101,120,20,20,243292,243292,-0.0328620260367124,-0.0382689884865593,0.00540696244984688,14.1877517430334,0.0263658940467529,0.0544530851815925,0.000792136464799011,0.0064031072547599,0.0142094380385577,0.00481903774425264,0.0025101877241501,0.498929953960428,0.501070046039572,0,0,1,1.65666854993288,static_fit_scored_candidate
2,1,102,121,20,20,243311,243311,-0.0343708614937469,-0.0389090987979266,0.00453823730417976,14.1887771532037,0.0258212814487291,0.0542348918261327,0.000581326528588021,0.00654144496193175,0.0139275039741707,0.00793806281711074,0.00188205025568134,0.499044795562829,0.500955204437171,0,0,1,1.32727480421211,static_fit_scored_candidate
2,1,103,122,20,20,243413,243413,-0.0349521880223349,-0.0389090987979266,0.00395691077559174,14.194664525627,0.025735423427056,0.0549347618891116,0.000497834510070273,0.00605242721460287,0.0134275870646138,0.00990235497835485,0.00125430672573873,0.499258744821132,0.500741255178868,0,0,1,1.1480262908202,static_fit_scored_candidate
2,1,104,123,20,20,243542,243542,-0.0354500225324052,-0.0407067124815595,0.00525668994915439,14.2021137184833,0.0262065786067369,0.0489603521334954,0.000497834510070273,0.00737526736901431,0.0138147180621655,0.0136991803029006,0.000626956763847728,0.499271807582575,0.500728192417425,0,0,1,1.33604602022404,static_fit_scored_candidate
2,1,105,124,20,20,243507,243507,-0.036029509800664,-0.0389742224048531,0.00294471260418912,14.2005017586828,0.0266749280230517,0.0488033247367643,0.000218300904051359,0.00854772715233615,0.0135565014046786,0.0106080238414746,0.000626956763847728,0.499344721905587,0.500655278094413,0,0,1,0.479323935503556,static_fit_scored_candidate
2,1,106,125,20,20,243467,243467,-0.0356683234364565,-0.0389742224048531,0.00330589896839658,14.1979104145329,0.0272979183896198,0.0486470501256839,0.000130028053500132,0.0083530015122064,0.0131162507331217,0.00850899519470344,0,0.499471913813115,0.500528086186885,0,0,1,0.604848248712681,static_fit_scored_candidate
2,1,107,126,20,20,243417,243417,-0.0358994817471638,-0.036783979921046,0.000884498173882184,14.19499187807,0.0277495675249243,0.0484594527976337,0.000174210605368583,0.00747149951819384,0.0152984999148126,0.00754158296455495,0,0.499640387582754,0.500359612417246,0,0,1,0.294224204653426,static_fit_scored_candidate
2,1,108,127,20,20,243309,243309,-0.0354941128310879,-0.0360262308274154,0.000532117996327477,14.1890816360461,0.0281140914325324,0.0480206483856119,0.000405368916075906,0.00842247844098503,0.0154987075546343,0.00922163575265612,0.00125430672573873,0.499690825909799,0.500309174090201,0,0,1,0.273334438621145,static_fit_scored_candidate
2,1,109,128,20,20,243277,243277,-0.0345907673949155,-0.0345399682198047,5.07991751108536e-05,14.1869734666654,0.0279401360350015,0.0476159158171654,6.38653146839835e-05,0.0083814917967355,0.0159320429321874,0.00556655289562689,0.00188205025568134,0.49980598538408,0.50019401461592,0,0,1,0.254088071037081,static_fit_scored_candidate
2,1,110,129,20,20,243335,243335,-0.0345269020802315,-0.0345399682198047,1.30661395731299e-05,14.1899759575909,0.0281831456475192,0.0478350922181675,6.38653146839835e-05,0.0083814917967355,0.0159331981395944,0.00137960814242699,0.00188205025568134,0.499745453411803,0.500254546588197,0,0,1,0.265152644146851,static_fit_scored_candidate
2,1,111,130,20,20,243201,243201,-0.0351383686711733,-0.0360262308274154,0.000887862156242133,14.1821058987527,0.0286201542443727,0.0475979013503067,0.000611466590941745,0.00911444304263613,0.015778229921648,0.00355953034807266,0.0025101877241501,0.49977241924823,0.50022758075177,0,0,1,0.25405240214256,static_fit_scored_candidate
2,1,112,131,20,20,243170,243170,-0.036027953419108,-0.0360262308274154,1.72259169260031e-06,14.1806143862234,0.0294755885118608,0.0471929333969371,0.000601171864216675,0.00855973205720386,0.0157986306781419,0.00521025197844497,0.00313871950208286,0.499752610178664,0.500247389821336,0,0,1,0.234816204586979,static_fit_scored_candidate
2,1,113,132,20,20,243150,243150,-0.0366291252833247,-0.0360262308274154,0.000602894455909275,14.1793203245072,0.0299564399387156,0.0473942225439231,0.000601171864216675,0.0112760032998985,0.0145023940887471,0.00629792034553695,0.0025101877241501,0.499838844348941,0.50016115565106,0,0,1,0.244989096866799,static_fit_scored_candidate
2,1,114,133,20,20,243258,243258,-0.0373963710865716,-0.0360262308274154,0.00137014025915618,14.1860231217844,0.0311026452526145,0.0436405492066102,0.000767245803246906,0.0111400414596025,0.0135998779823717,0.0108217317830858,0.0025101877241501,0.500098944464777,0.499901055535222,0,0,1,0.0632028018694113,static_fit_scored_candidate
2,1,115,134,20,20,243219,243219,-0.038657020772488,-0.0360262308274154,0.00263078994507258,14.1834991868325,0.0307338588193787,0.0434832661787682,0.000522980883540004,0.00950375267932863,0.0115969328502465,0.00863617894139117,0.00188205025568134,0.500158208991176,0.499841791008824,0,0,1,0.109843304288024,static_fit_scored_candidate
2,1,116,135,20,20,243209,243209,-0.039180001656028,-0.036783979921046,0.00239602173498197,14.1826233521689,0.0309620369752415,0.0434189102511389,0.000522980883540004,0.00762455170486332,0.0103995484448443,0.00868619234730601,0.000627350085227418,0.500251951533603,0.499748048466397,0,0,1,0.0533028693668013,static_fit_scored_candidate
2,1,117,136,20,20,243182,243182,-0.0413957257127266,-0.0389742224048531,0.00242150330787348,14.1812350056593,0.0312592295623834,0.0433087703138364,0.00145620931318701,0.00814844852547022,0.0119748530037213,0.0123868869895948,0,0.500409919098197,0.499590080901803,0,0,1,1.0951106125,static_fit_scored_candidate
2,1,118,137,20,20,243160,243160,-0.0428519350259136,-0.0389742224048531,0.00387771262106049,14.1800699420096,0.0318995063398468,0.0432143444645501,0.00145620931318701,0.00913825817064273,0.0146714724305971,0.0186650360068146,0.00125430672573873,0.500624139762229,0.499375860237771,0,0,1,1.60757519095217,static_fit_scored_candidate
2,1,119,138,20,20,243213,243213,-0.0450662005501848,-0.0417729510256207,0.00329324952456402,14.1831089746027,0.0318724756533647,0.0437306756134465,0.00128582672374481,0.00861079336958145,0.016226793116312,0.021686996596541,0.00188205025568134,0.500821646147847,0.499178353852153,0,0,1,1.12999625811943,static_fit_scored_candidate
2,1,120,139,20,20,243427,243427,-0.0463520272739296,-0.0446634552472946,0.00168857202663497,14.19551539197,0.0321904015544184,0.0370540775917314,0.000865114606524747,0.00939154536346455,0.0164408910256299,0.0213004703706637,0.00188205025568134,0.500685082830958,0.499314917169042,0,0,1,0.112006093850984,static_fit_scored_candidate
2,1,121,140,20,20,243413,243413,-0.0472171418804543,-0.0464329794824212,0.000784162398033167,14.1946130993258,0.0331536429169135,0.0370066059749565,0.0292334612978133,0.01080719799326,0.0193842178028612,0.0207702205907345,0.0025101877241501,0.500880482962583,0.499119517037417,0,0,0,72.530290455924,static_fit_scored_candidate
2,2,1,20,20,20,240791,240791,0.0326780323064841,0.0332112079159952,0.000533175609511154,14.0412847100438,0.0354305228295612,0.0528755108143128,0.00891078155966877,0.0147764505239041,0.0252135940032578,0.0166606460332647,0.00453659840168131,0.50017260821057,0.49982739178943,0,0,1,39.9036067831152,static_fit_scored_candidate
2,2,2,21,20,20,240798,240798,0.0316935007630636,0.0332112079159952,0.0015177071529316,14.0415186106037,0.0348447493305351,0.052890365448505,0.000984531543420451,0.0121607301288651,0.0237707440889095,0.0130083228226228,0.00259150218634086,0.500343299787246,0.499656700212754,0,0,1,5.35711322630291,static_fit_scored_candidate
2,2,3,22,20,20,240773,240773,0.0288859313835407,0.0327615745127257,0.00387564312918495,14.039637478671,0.0345989936914202,0.0525135395554374,0.00259377762072437,0.0105119697874207,0.0223804997013951,0.0128435473966277,0,0.500576687691223,0.499423312308777,0,0,1,12.9421304795897,static_fit_scored_candidate
2,2,4,23,20,20,240695,240695,0.0262921537628163,0.0298817866406924,0.00358963287787601,14.035732217141,0.032294490182869,0.0524977565061322,0.000335194862661321,0.0106181163276221,0.0202861567426961,0.0105086343613525,0.00129575109317043,0.500597841993854,0.499402158006146,0,0,1,2.10325775278143,static_fit_scored_candidate
2,2,5,24,20,20,240653,240653,0.025956958900155,0.0290947057744121,0.0031377468742571,14.0330409443606,0.0321278318393638,0.0520577089289276,0.000335194862661321,0.0101912877418757,0.0177956374002229,0.00978043365685114,0.00259150218634086,0.500681211589359,0.499318788410641,0,0,1,1.8167541481911,static_fit_scored_candidate
2,2,6,25,20,20,240739,240739,0.0250939077330959,0.0268897250927318,0.00179581735963592,14.0381976636686,0.0318051934824557,0.0524050843233364,0.000258909216906245,0.0104796508100905,0.0155520554646985,0.00492502873805226,0.00324042742977196,0.500583409771323,0.499416590228677,0,0,1,1.25606382156536,static_fit_scored_candidate
2,2,7,26,20,20,240740,240740,0.0262158681170613,0.0283326961017694,0.00211682798470809,14.0379358053646,0.0315767279658695,0.0523718534518568,0.000175590667961037,0.00900198396390021,0.0153399503861695,0.00853551216901645,0.00453659840168131,0.500659331273492,0.499340668726509,0,0,1,1.18663735872115,static_fit_scored_candidate
2,2,8,27,20,20,240734,240734,0.0249183170651348,0.0278627791878328,0.00294446212269803,14.0378369153457,0.0332192240755926,0.0523893393592982,0.00129755105192645,0.0115100949732348,0.0190576851063444,0.0164581868228152,0.00453659840168131,0.500701077891291,0.499298922108709,0,0,1,6.35878464023357,static_fit_scored_candidate
2,2,9,28,20,20,240729,240729,0.0233585646102385,0.0224169153384055,0.000941649271832993,14.0376161674733,0.0334789929317187,0.0526228336905771,0.00155975245489628,0.0100686042100417,0.0163640259955993,0.0125209618042553,0.0051830043726822,0.500713980912827,0.499286019087173,0,0,1,7.25120869178664,static_fit_scored_candidate
2,2,10,29,20,20,240727,240727,0.0206851563774841,0.0182539647874501,0.002431191590034,14.0376949801298,0.0330196628623201,0.0526901731414709,0.000268707694282118,0.00962970135709718,0.0164660603780361,0.0130087520731446,0.00388725327951129,0.500767875636489,0.499232124363511,0,0,1,1.95132745467398,static_fit_scored_candidate
2,2,11,30,20,20,240739,240739,0.020416448683202,0.0182539647874501,0.00216248389575188,14.038048568889,0.0328292970029114,0.0527207776023926,0.000268707694282118,0.0103671725522739,0.0173032356390765,0.0139039575024598,0.00323832871593289,0.500763768549649,0.499236231450351,0,0,1,1.76281824775797,static_fit_scored_candidate
2,2,12,31,20,20,240728,240728,0.018493559748375,0.017956700868116,0.00053685888025902,14.0376775780964,0.032267646861349,0.0526901731414709,0.00192288893482699,0.00762708094616828,0.0197160788219618,0.0182124355017154,0.00194299722955935,0.500749844231594,0.499250155768406,0,0,1,8.31470254659079,static_fit_scored_candidate
2,2,13,32,20,20,240660,240660,0.0164075023956665,0.0159388347189729,0.000468667676693551,14.0336078468899,0.0322739146687834,0.0524058838194964,0.000876133380267539,0.00923965263237845,0.0206356297292976,0.0174378269695131,0,0.500712033371897,0.499287966628103,0,0,1,3.76826793651175,static_fit_scored_candidate
2,2,14,33,20,20,240595,240595,0.0155313690153989,0.0126780278236141,0.00285334119178485,14.0297589609418,0.0320960739244994,0.0535170992036443,0.000636363698191424,0.00737389440452775,0.020195223671407,0.0143068540087468,0.00129575109317043,0.500621886363222,0.499378113636778,0,0,1,3.06500146144049,static_fit_scored_candidate
2,2,15,34,20,20,240629,240629,0.0148950053172075,0.0126780278236141,0.00221697749359343,14.0321472065447,0.0318806101107,0.0515808371288939,0.000176655501833654,0.0081651098089219,0.0200901418225312,0.0156364214157117,0.00259150218634086,0.500627403316743,0.499372596683257,0,0,1,1.30477902550743,static_fit_scored_candidate
2,2,16,35,20,20,240756,240756,0.0157080245172326,0.0126780278236141,0.00302999669361851,14.039134753371,0.0316819693155911,0.0482978617355331,0.00041189988133937,0.0081651098089219,0.0193604655358798,0.0187347082775971,0.00388725327951129,0.500592802205061,0.499407197794939,0,0,1,1.62685839852117,static_fit_scored_candidate
2,2,17,36,20,20,240889,240889,0.0144831054358681,0.0126780278236141,0.00180507761225406,14.0471252228997,0.0314312237306262,0.0455141723261877,0.00122491908136445,0.00939151651489808,0.0197408017724799,0.0185328728452792,0.00453659840168131,0.50033007548688,0.49966992451312,0,0,1,4.44040960261031,static_fit_scored_candidate
2,2,18,37,20,20,240890,240890,0.0120348762484783,0.00948092166099347,0.00255395458748482,14.0470722969348,0.0307088376829035,0.0455307772777842,0.000597757235018329,0.0118067526006454,0.0167244760347863,0.00989238786372693,0.0051830043726822,0.500386511305994,0.499613488694006,0,0,1,1.63043720768284,static_fit_scored_candidate
2,2,19,38,20,20,240925,240925,0.0126326334834966,0.00948092166099347,0.00315171182250315,14.0490784169348,0.0301197233765394,0.0456567937309072,0.000597757235018329,0.0116434113956718,0.0168980068705188,0.0092613350634023,0.0051830043726822,0.500326565683301,0.499673434316699,0,0,1,1.63511676853502,static_fit_scored_candidate
2,2,20,39,20,20,240962,240962,0.0106616677407937,0.00710325177471758,0.0035584159660761,14.051172999527,0.030173396026912,0.0458159725104165,0.000923831727375115,0.0113698717288064,0.0160563251070795,0.00553730352846483,0.00453366020230595,0.500349349262579,0.499650650737422,0,0,1,3.2474144646204,static_fit_scored_candidate
2,2,21,40,20,20,240976,240976,0.00973783601341856,0.00582186413117114,0.00391597188224742,14.0521949780408,0.0304157183813081,0.0458634884801806,0.000857699297542739,0.0106018640848049,0.0169805850708072,0.00624255491163099,0.00388473645375845,0.500465669978284,0.499534330021716,0,0,1,3.21457558406518,static_fit_scored_candidate
2,2,22,41,20,20,241013,241013,0.00888013671587583,0.00582186413117114,0.00305827258470468,14.0543846140887,0.0298314445444721,0.0460052444650978,0.000154156782263101,0.0121769928336783,0.0167634986744198,0.000807307124366777,0.00258982430250532,0.500341679036816,0.499658320963184,0,0,1,0.464727059979018,static_fit_scored_candidate
2,2,23,42,20,20,241115,241115,0.00903429349813893,0.00582186413117114,0.00321242936696778,14.0607486126792,0.0293934278280598,0.046417491995554,0.000154156782263101,0.0121901089400354,0.0178869360333854,0.00335591780011283,0.00194173963131843,0.500442131987707,0.499557868012293,0,0,1,0.557236586649111,static_fit_scored_candidate
2,2,24,43,20,20,241158,241158,0.00845138950674097,0.00384650665545726,0.00460488285128371,14.0626988861994,0.0293779813655283,0.0465417150439542,0.000582903991397958,0.0123153291895095,0.0194628674587573,0.00022224869912349,0,0.500505942629955,0.499494057370045,0,0,1,2.1794040286247,static_fit_scored_candidate
2,2,25,44,20,20,241212,241212,0.00666506619406444,0.00384650665545726,0.00281855953860718,14.0661094949182,0.0291280002780928,0.0467638425948958,0.000110027908842447,0.00980106248410832,0.0197729419365699,0.00260286776845111,0.00129491215125266,0.500541073915081,0.499458926084919,0,0,1,0.420592517298206,static_fit_scored_candidate
2,2,26,45,20,20,241264,241264,0.00655503828522199,0.00384650665545726,0.00270853162976473,14.0690116897285,0.029157070825571,0.0469527156973274,0.000110027908842447,0.00971829813160825,0.0197519868917148,0.000120727759998017,0.00258982430250532,0.500537234162315,0.499462765837685,0,0,1,0.38903460486996,static_fit_scored_candidate
2,2,27,46,20,20,241339,241339,0.00603795327806095,0.00384650665545726,0.00219144662260369,14.0738472233873,0.0285582478631158,0.04726941244717,0.000517085007161038,0.00843014087334559,0.0190634788899521,0.00123511812466684,0.00388725327951129,0.500558682189318,0.499441317810682,0,0,1,0.955928330689992,static_fit_scored_candidate
2,2,28,47,20,20,241318,241318,0.00803756494033015,0.00764854519304803,0.000389019747282123,14.0721557284385,0.0281672707735272,0.0471573015083706,0.000153363660335004,0.00935826972321122,0.0183531662787343,0.00236432306673476,0.00583276937359007,0.500517623535601,0.499482376464399,0,0,1,0.131874834198218,static_fit_scored_candidate
2,2,29,48,20,20,241258,241258,0.00788420127999515,0.00764854519304803,0.00023565608694712,14.0687461603023,0.0281211236217765,0.0469203349083976,0.000153363660335004,0.00935826972321122,0.0177770108048295,0.00169467031117087,0.00648295561426459,0.500516202424706,0.499483797575293,0,0,1,0.115745767075931,static_fit_scored_candidate
2,2,30,49,20,20,241112,241112,0.00737783305583056,0.00764854519304803,0.000270712137217465,14.0600883399316,0.0285999675767662,0.0463187232489466,0.000506368224164585,0.00930117783270486,0.017785809127964,0.0023224663740458,0.00713356350446933,0.500598591529651,0.499401408470349,0,0,1,0.784412010645782,static_fit_scored_candidate
2,2,31,50,20,20,240978,240978,0.00615869658688362,0.0063938646822411,0.000235168095357478,14.052655236565,0.0294528470700363,0.0458129305336542,0.000228183201286146,0.00988612268877254,0.0175776225307693,0.00263041649997234,0.00648295561426459,0.500517502314914,0.499482497685086,0,0,1,0.0392486456716021,static_fit_scored_candidate
2,2,32,51,20,20,240909,240909,0.00593051338559748,0.0063938646822411,0.000463351296643624,14.048420283906,0.0297696935452154,0.0455436009829315,5.6087057365815e-05,0.00988612268877254,0.017017938992532,0.00279397101374312,0.00518636449141127,0.500432554768438,0.499567445231562,0,0,1,0.0208460868382429,static_fit_scored_candidate
2,2,33,52,20,20,240874,240874,0.00610260952951781,0.0063938646822411,0.000291255152723293,14.0463624468801,0.0297676943074677,0.0454009531875322,0.000172096143920331,0.00942770276627526,0.0169502083290034,0.00579443282043808,0.00388725327951129,0.500397856838046,0.499602143161954,0,0,1,0.0135090352453478,static_fit_scored_candidate
2,2,34,53,20,20,240873,240873,0.00488310473377024,0.00242879467806774,0.0024543100557025,14.0464942716142,0.0299793770760454,0.0454009531875322,0.000531393771678305,0.00980478106365435,0.0175812869893815,0.00292756681501466,0.00129575109317043,0.500425936616002,0.499574063383998,0,0,1,1.00039860667676,static_fit_scored_candidate
2,2,35,54,20,20,240805,240805,0.00435171096209193,0.00242879467806774,0.00192291628402419,14.0423678160937,0.0299962735799727,0.0451313909836882,0.000531393771678305,0.00897715409543304,0.0167969527642323,0.00440507287159679,0.000647665743186766,0.500328045112643,0.499671954887357,0,0,1,0.832879508898972,static_fit_scored_candidate
2,2,36,55,20,20,240729,240729,0.00355610118001088,0.00242879467806774,0.00112730650194314,14.0378712025464,0.0297876418654029,0.0483359088114584,0.00079560978208105,0.0066167037094394,0.0162856680824015,0.00278191034559755,0.00194299722955935,0.500078627918214,0.499921372081786,0,0,1,2.17936664091121,static_fit_scored_candidate
2,2,37,56,20,20,240672,240672,0.00252346232819443,0.0017814813850989,0.000741980943095535,14.0347209497406,0.0299984376733472,0.0525196117537561,5.48597536487814e-05,0.00735587979451067,0.0150431177631169,0.00436736655019352,0.00388725327951129,0.500418920078436,0.499581079921564,0,0,1,0.510586600250388,static_fit_scored_candidate
2,2,38,57,20,20,240704,240704,0.00246860257454565,0.00225227386044558,0.000216328714100072,14.036800010681,0.0300101382146554,0.0526621909066738,1.03157463227956e-06,0.00672157721946091,0.0176366843033509,0.0109081324314843,0.00518636449141127,0.500355726764667,0.499644273235333,0,0,1,0.525917624412378,static_fit_scored_candidate
2,2,39,58,20,20,240765,240765,0.00252243075356215,0.00225227386044558,0.000270156893116573,14.0400340802369,0.0301731815165,0.0529140085061138,5.38281790165018e-05,0.00672157721946091,0.0185700052988942,0.00941643623834445,0.00648295561426459,0.500307668725162,0.499692331274838,0,0,1,0.613083607139526,static_fit_scored_candidate
2,2,40,59,20,20,240817,240817,0.00221893499028031,0.00225227386044558,3.33388701652748e-05,14.0432882860215,0.0311159222338341,0.0523212357777593,0.000303495763281848,0.00641874178636765,0.0211883576235026,0.0124706034578456,0.00713356350446933,0.500091964753876,0.499908035246124,0,0,1,0.972007803478989,static_fit_scored_candidate
2,2,41,60,20,20,240808,240808,0.000925168209512182,0.00225227386044558,0.0013271056509334,14.0425293393997,0.0318358404931985,0.052274010830205,0.00129376678076812,0.0066167037094394,0.0221282494408925,0.0128882308718267,0.00648295561426459,0.499962906408302,0.500037093591698,0,0,1,5.39210860923592,static_fit_scored_candidate
2,2,42,61,20,20,240839,240839,-0.000459705337088523,-0.00037915428678461,8.05510503039126e-05,14.0446837888241,0.0320322583333971,0.0523999335658528,0.0010924975010424,0.00735587979451067,0.02334375898454,0.00844247719734303,0.00647875546585192,0.499901503831299,0.500098496168701,0,0,1,4.6137003409036,static_fit_scored_candidate
2,2,43,62,20,20,240815,240815,-0.00155220283813092,-0.00357573810538365,0.00202353526725273,14.0431966730933,0.0319065241148056,0.0523054946515182,0.0010924975010424,0.00700298202731293,0.0230793116780147,0.00820524649289776,0.00517964860501052,0.499914219290692,0.500085780709308,0,0,1,4.55418332216475,static_fit_scored_candidate
2,2,44,63,20,20,241077,241077,-0.00269827908363001,-0.00357573810538365,0.000877459021753648,14.0584856925294,0.0317011242869622,0.045462087273934,0.000786929940102889,0.00735053181415716,0.0215112111291235,0.00758965997262939,0.00388222288496405,0.499715889301669,0.500284110698331,0,0,1,2.66728605476394,static_fit_scored_candidate
2,2,45,64,20,20,241136,241136,-0.00348520902373289,-0.00439719552675936,0.000911986503026465,14.0620694221079,0.0311249031941902,0.0457003516687678,0.000786929940102889,0.00941851272679332,0.0200406089347064,0.0101668596673888,0.00258647504454111,0.499556692269811,0.500443307730189,0,0,1,2.43992286880783,static_fit_scored_candidate
2,2,46,65,20,20,241116,241116,-0.00495671563353318,-0.00632774333331398,0.0013710276997808,14.0608191817787,0.0309623752824903,0.0456211947776174,0.00147150660980029,0.0077788823217315,0.0188239827116565,0.0119642950855751,0.00193922931237828,0.499550091844828,0.500449908155172,0,0,1,5.32825458492622,static_fit_scored_candidate
2,2,47,66,20,20,241168,241168,-0.00675204036727858,-0.00861504093625024,0.00186300056897167,14.0637388729264,0.0309366892226111,0.0458103894380681,0.0017953247337454,0.00767101307223829,0.0170983234342023,0.0123271490411548,0.00129240183099965,0.499564389890956,0.500435610109044,0,0,1,6.7322555008768,static_fit_scored_candidate
2,2,48,67,20,20,240354,240354,-0.00884284302325137,-0.0096145498366649,0.000771706813413531,14.03389276615,0.0297434199639843,0.045049842733279,0.000723480985233374,0.00928586228975418,0.014308185349781,0.0133195127738749,0.00129240183099965,0.499967168347262,0.500032831652738,0,0,1,1.66951869070563,static_fit_scored_candidate
2,2,49,68,20,20,240380,240380,-0.00956632400848475,-0.0103816315442219,0.000815307535737197,14.0352346245706,0.0292922968495313,0.0451451867875863,0.000383151604477303,0.00969941943346178,0.015121828563932,0.0176163110115638,0.000645992195125582,0.500189268999772,0.499810731000228,0,0,1,0.197247289868996,static_fit_scored_candidate
2,2,50,69,20,20,240553,240553,-0.00994947561296205,-0.0110781013075341,0.00112862569457202,14.0450514626018,0.029022867479781,0.0458604233525666,0.000140701741434723,0.0115303584105368,0.0122243242067813,0.0133662840983286,0.000645992195125582,0.500407933164282,0.499592066835718,0,0,1,0.0505310581410596,static_fit_scored_candidate
2,2,51,70,20,20,240597,240597,-0.00970702574991947,-0.0110781013075341,0.0013710755576146,14.0475656820306,0.0286254052912875,0.0460515378221114,0.000242449863042581,0.0123438515410548,0.0117788164814263,0.0104661259721206,0.000645992195125582,0.500614192770689,0.499385807229311,0,0,1,0.0643310658642676,static_fit_scored_candidate
2,2,52,71,20,20,240513,240513,-0.0107906135660153,-0.0119246740292284,0.00113406046321315,14.042574213532,0.0281368475634443,0.0457350030767184,0.00108358781609581,0.0121930629282699,0.0133973972547861,0.0109392608169941,0.000645992195125582,0.50083586842414,0.49916413157586,0,0,1,3.25074653914967,static_fit_scored_candidate
2,2,53,72,20,20,240496,240496,-0.0121652130981096,-0.0135098026626837,0.00134458956457401,14.0414521211601,0.0282280435297878,0.0456722772935932,0.000631571496836313,0.0105050519931785,0.0156105275958676,0.0117943555089881,0.000645992195125582,0.501187027278112,0.498812972721888,0,0,1,1.2908197898194,static_fit_scored_candidate
2,2,54,73,20,20,240447,240447,-0.012796784594946,-0.0135098026626837,0.000713018067737697,14.0381287365957,0.0281378119079205,0.0454651317540591,0.000631571496836313,0.00988540332295861,0.0170114485502697,0.0148208660063773,0.00129240183099965,0.501288817981765,0.498711182018235,0,0,1,1.27678984638231,static_fit_scored_candidate
2,2,55,74,20,20,240421,240421,-0.013431926803949,-0.0135098026626837,7.78758587346856e-05,14.0371255866816,0.027680802254208,0.0454031211526304,0.000635142209003011,0.00845838575121381,0.0186560352309754,0.0116232613548452,0.00193922931237828,0.501441278850281,0.498558721149719,0,0,1,1.29041442626752,static_fit_scored_candidate
2,2,56,75,20,20,240346,240346,-0.01451611733315,-0.0135098026626837,0.00100631467046633,14.0320684254207,0.0278538647658906,0.0451012698254198,0.000349280035233079,0.0075869027073811,0.0192058389517157,0.00857273108361731,0.00193922931237828,0.501473593617205,0.498526406382795,0,0,1,0.0538205941296717,static_fit_scored_candidate
2,2,57,76,20,20,240296,240296,-0.0148653973683831,-0.0135098026626837,0.00135559470569941,14.0294266444489,0.0278359344752992,0.0448946299563871,0.000349280035233079,0.00710492963056909,0.0199102299152611,0.0051218695558683,0.0032341394332935,0.501386995515834,0.498613004484166,0,0,1,0.0542269065006792,static_fit_scored_candidate
2,2,58,77,20,20,240296,240296,-0.0154746733820324,-0.0139293750953236,0.00154529828670879,14.0289548782719,0.0278287742965902,0.0448946299563871,0.000609276013649351,0.00613367453526238,0.0201066256685355,0.000463887670496134,0.00388222288496405,0.501627711086637,0.498372288913363,0,0,1,1.17977326795691,static_fit_scored_candidate
2,2,59,78,20,20,240244,240244,-0.0165749952008176,-0.0145694529062255,0.00200554229459213,14.0258326519306,0.0274147355323242,0.0446879006343551,0.000112267937067298,0.0054486629063976,0.0201605615636753,0.0037800931479484,0.00517964860501052,0.501641143213223,0.498358856786777,0,0,1,0.0246323308132753,static_fit_scored_candidate
2,2,60,79,20,20,240213,240213,-0.0164627272637503,-0.0145694529062255,0.00189327435752483,14.0240024377973,0.0274518206972782,0.0445765477736704,4.93688719482785e-05,0.00448882982099758,0.0202489235745086,0.000840204435235969,0.00647875546585192,0.501613960189694,0.498386039810306,0,0,1,0.0250481495967377,static_fit_scored_candidate
2,2,61,80,20,20,240088,240088,-0.0165256263288693,-0.0145694529062255,0.00195617342264385,14.0166583613067,0.0274153982532642,0.0440838359268268,1.00673779638467e-05,0.00489723928123955,0.0189560072417414,0.00104423839963653,0.00647875546585192,0.501532836335435,0.498467163664565,0,0,1,0.0254553378472831,static_fit_scored_candidate
2,2,62,81,20,20,240040,240040,-0.0164526598857865,-0.0151101380316016,0.00134252185418484,14.0136009236171,0.0271500821248839,0.0438760206632228,7.29664430828662e-05,0.00517785011858334,0.0185610828923951,0.000863959873198716,0.00713356350446933,0.501425550129518,0.498574449870482,0,0,1,0.0258583401215632,static_fit_scored_candidate
2,2,63,82,20,20,240064,240064,-0.017066864663652,-0.0160985940261727,0.000968270637479285,14.015218305451,0.0269674287986079,0.0439716075713143,0.000614204777865519,0.00575777992242136,0.0184282265734707,0.00134303813013254,0.0077845934545015,0.501475111064535,0.498524888935465,0,0,1,1.20317806792663,static_fit_scored_candidate
2,2,64,83,20,20,239768,239768,-0.0179536105097339,-0.0174915626198827,0.000462047889851266,13.9972178740525,0.0267956531088912,0.0518248814483941,0.000508446845101374,0.00513633850887333,0.0178039096318842,0.00267333463515354,0.00713819266362143,0.501318624143225,0.498681375856775,0,0,1,1.19234070805985,static_fit_scored_candidate
2,2,65,84,20,20,239658,239658,-0.0184620573548353,-0.0189104124670673,0.000448355112232016,13.9908214454463,0.0269007867842265,0.0514107603334752,0.000165306749832825,0.00485648066411779,0.0175309647767166,0.000232061974903511,0.00649137226992444,0.50122832331877,0.49877167668123,0,0,1,0.444583054712485,static_fit_scored_candidate
2,2,66,85,20,20,239599,239599,-0.0186273641046681,-0.0197124238493269,0.0010850597446588,13.9875040623326,0.0270159304365286,0.0511600535890919,6.07945953253579e-05,0.00511208058258789,0.0156781759833762,0.00267945199221677,0.00649137226992444,0.501348694748691,0.498651305251309,0,0,1,0.427513905591646,static_fit_scored_candidate
2,2,67,86,20,20,239568,239568,-0.0185228519501607,-0.0197124238493269,0.00118957189916626,13.9855888647541,0.0273614273526515,0.0505034061310359,0.000104512154507467,0.00496378542377506,0.0145934856564874,0.00583575463193413,0.00454543589477294,0.500986126032808,0.499013873967192,0,0,1,0.382017853472895,static_fit_scored_candidate
2,2,68,87,20,20,240493,240493,-0.0180693123304633,-0.0197124238493269,0.00164311151886359,14.0244199542708,0.0277218240501168,0.0518428580932739,4.92089774204452e-05,0.00463578611733506,0.015898505403976,0.00979700769509512,0.00324673992483818,0.500848364770619,0.499151635229381,0,0,1,0.475959124591028,static_fit_scored_candidate
2,2,69,88,20,20,240510,240510,-0.0185720609275811,-0.0223369214352919,0.00376486050771079,14.0254289807037,0.0282045631837153,0.0519225651942523,5.17428703601143e-05,0.00494597850934186,0.0165324346858689,0.0105751357985792,0.000649347984967849,0.500740956939048,0.499259043060952,0,0,1,1.18784886024906,static_fit_scored_candidate
2,2,70,89,20,20,240485,240485,-0.0181210552008234,-0.0223369214352919,0.00421586623446845,14.0243008140226,0.0286933591851609,0.0524433651575131,0.000434215755032632,0.00475397274157774,0.0169529227510448,0.00899111436217578,0.00194804395490248,0.500885544424976,0.499114455575024,0,0,1,1.80782668720737,static_fit_scored_candidate
2,2,71,90,20,20,240543,240543,-0.0190062766826137,-0.0247644607471467,0.00575818406453302,14.0272926295393,0.029081588684578,0.0526639616868432,0.00088522148179029,0.00442901836106693,0.0164061500017159,0.00888734461885783,0.0025965489079697,0.500792513299692,0.499207486700308,0,0,1,4.40842704745567,static_fit_scored_candidate
2,2,72,91,20,20,240671,240671,-0.0200940237699834,-0.0256143267642075,0.00552030299422408,14.0350845227508,0.0295482844396648,0.0531677968355272,4.117798590976e-05,0.00478733189711313,0.0180895287732863,0.0116680551587779,0.00519309781593952,0.50064924556568,0.49935075443432,0,0,1,1.99668794454056,static_fit_scored_candidate
2,2,73,92,20,20,241162,241162,-0.0200528457840737,-0.0247644607471467,0.00471161496307307,14.063262686083,0.0297889117954229,0.0277155794397174,4.117798590976e-05,0.00456895528256114,0.0194335295270653,0.0120873460044123,0.00649137226992444,0.500235106059212,0.499764893940788,0,0,1,1.12486401683257,static_fit_scored_candidate
2,2,74,93,20,20,241239,241239,-0.0210526224205019,-0.0247644607471467,0.0037118383266449,14.0683080306988,0.0301595610426178,0.0280550489139446,0.000164306934196973,0.00463578611733506,0.0206579158771509,0.0120192031239418,0.0077845934545015,0.500155735221732,0.499844264778268,0,0,1,0.78366309891192,static_fit_scored_candidate
2,2,75,94,20,20,241281,241281,-0.0212169293546988,-0.0247644607471467,0.00354753139244792,14.0701409991373,0.030500446061322,0.0282322905787371,0.000164306934196973,0.0056403527782284,0.0203947412557876,0.00808380409236962,0.00843057505073634,0.500180089338401,0.499819910661599,0,0,1,0.861249782121674,static_fit_scored_candidate
2,2,76,95,20,20,241281,241281,-0.0225005849343389,-0.0259180683316306,0.00341748339729171,14.0704304131848,0.0304985980050899,0.0282488685532402,0.000437026808699215,0.00624496505814582,0.0206534605714123,0.00617612719004547,0.00843057505073634,0.500240718503969,0.499759281496031,0,0,1,1.21769397463978,static_fit_scored_candidate
2,2,77,96,20,20,241321,241321,-0.0229376117430381,-0.0259180683316306,0.0029804565885925,14.07254701938,0.0304894020770457,0.0283933632792428,0.000147075749093211,0.0056403527782284,0.0187637536472404,0.00213521319306469,0.00777954673711685,0.500261073327227,0.499738926672773,0,0,1,0.624626923143263,static_fit_scored_candidate
2,2,78,97,20,20,241285,241285,-0.0230846874921313,-0.0259180683316306,0.00283338083949929,14.0708478024552,0.0305953741818374,0.0282649779516594,0.000147075749093211,0.00526928092495955,0.0177376237579787,0.00111854471014255,0.00712894034549883,0.50029014350431,0.49970985649569,0,0,1,0.609631599910462,static_fit_scored_candidate
2,2,79,98,20,20,241448,241448,-0.0225851972793137,-0.0259180683316306,0.00333287105231688,14.0803455226947,0.0310508944529827,0.0291905503462443,0.000499490212817599,0.0067850300631029,0.0163122053232895,0.00535260637246721,0.00582899168867889,0.500378733525752,0.499621266474248,0,0,1,1.68884076057721,static_fit_scored_candidate
2,2,80,99,20,20,241467,241467,-0.021869630307691,-0.0247644607471467,0.0028948304394557,14.0813137651034,0.0310234603605269,0.028972783143108,0.000165677663415055,0.00539466610505719,0.0155851575586313,0.00477043328796042,0.00388473645375845,0.500418057341488,0.499581942658512,0,0,1,0.817323856118596,static_fit_scored_candidate
2,2,81,100,20,20,241527,241527,-0.0227508749427287,-0.0259180683316306,0.00316719338890183,14.084857923806,0.030907154143548,0.0292140041734292,9.49574993217017e-05,0.0070471095054763,0.0148013662674394,0.00498053822499833,0.00258982430250532,0.500418357941061,0.499581642058939,0,0,1,0.880212102867667,static_fit_scored_candidate
2,2,82,101,20,20,241497,241497,-0.0217746728083693,-0.0259180683316306,0.00414339552326123,14.0829258203842,0.0320325233620154,0.029416149068323,0.000923059926925839,0.00717686724178474,0.0156293808969364,0.013525952835117,0,0.500296849528763,0.499703150471237,0,0,1,4.27217627928027,static_fit_scored_candidate
2,2,83,102,20,20,241618,241618,-0.0208516128814435,-0.0230535119702913,0.0022018990888478,14.0901307320024,0.032218514475122,0.0298981872361559,0.00032671040663149,0.00827946789845776,0.0151053881487056,0.015989565893149,0.00129491215125266,0.500138143407934,0.499861856592066,0,0,1,1.0410570164251,static_fit_scored_candidate
2,2,84,103,20,20,241753,241753,-0.020524902474812,-0.0214314228233563,0.00090652034854424,14.097910841492,0.032301834022572,0.0304273730538229,0.00032671040663149,0.0086211703438386,0.0166207060067293,0.0189135612824987,0.0032362327188639,0.500124263495487,0.499875736504513,0,0,1,1.01251547537578,static_fit_scored_candidate
2,2,85,104,20,20,241804,241804,-0.0195202109035396,-0.0209609382410682,0.00144072733752856,14.1009016482351,0.0323181423035612,0.0306198408628476,0.000812566336068892,0.00908147233056092,0.0157086691731348,0.0156628786584121,0.00453072580640925,0.500026575500753,0.499973424499247,0,0,1,3.05510542783438,static_fit_scored_candidate
2,2,86,105,20,20,241884,241884,-0.0187076445674707,-0.0209609382410682,0.00225329367359746,14.1058408554628,0.0320142134556666,0.0306593243042119,0.000697185015514704,0.0107476064048535,0.0166743275679681,0.0170940722848817,0.00388222288496405,0.499967087797311,0.500032912202689,0,0,1,2.51270306777519,static_fit_scored_candidate
2,2,87,106,20,20,241925,241925,-0.018010459551956,-0.0192657024240659,0.00125524287210988,14.1078477671925,0.0318617718242591,0.0311497635660196,0.000697185015514704,0.0103834463405795,0.0159071856812915,0.0129056510518812,0.0032341394332935,0.499993174762189,0.500006825237811,0,0,1,2.36304525548558,static_fit_scored_candidate
2,2,88,107,20,20,241911,241911,-0.016689559305119,-0.0176349219014584,0.000945362596339396,14.1069478611266,0.0318114985585399,0.0310526141737491,5.74400652345909e-05,0.00930711312409687,0.0163065627186296,0.0129796500034698,0.00258647504454111,0.499951665411288,0.500048334588712,0,0,1,0.806170522681188,static_fit_scored_candidate
2,2,89,108,20,20,242002,242002,-0.0166321192398844,-0.0176349219014584,0.00100280266157399,14.1120850911789,0.0314286427529904,0.0311069238524983,5.74400652345909e-05,0.00970734749023775,0.0148231115231192,0.00600939455500089,0.00258647504454111,0.500021822985785,0.499978177014214,0,0,1,0.644168731042597,static_fit_scored_candidate
2,2,90,109,20,20,242000,242000,-0.0176053305783841,-0.0192657024240659,0.00166037184568183,14.1122566752484,0.0308493650445162,0.0311074380165289,0.000160791364334483,0.00992937884495914,0.016195002559101,0.00379500880557632,0.00129323752227109,0.500040390602958,0.499959609397042,0,0,1,0.398846704130902,static_fit_scored_candidate
2,2,91,110,20,20,242257,242257,-0.0167929106042189,-0.0173054130750072,0.000512502470788344,14.1274676825261,0.0304687724515246,0.0278708825229093,0.000812419974165198,0.00823995338543723,0.0186496214246584,0.00710521511690239,0,0.499894111923097,0.500105888076903,0,0,1,2.272453397224,static_fit_scored_candidate
2,2,92,111,20,20,242266,242266,-0.0152226851218908,-0.0173054130750072,0.00208272795311646,14.1279205101705,0.0299707203583319,0.0278864728317401,0.000149537151063257,0.00775316667634893,0.0182208142212333,0.00434696582036899,0.00129407429498806,0.499854139163471,0.500145860836529,0,0,1,0.0536433322295574,static_fit_scored_candidate
2,2,93,112,20,20,241892,241892,-0.015372222272954,-0.0173054130750072,0.0019331908020532,14.1062104673753,0.0296829337381356,0.0409273560101202,0.000149537151063257,0.00715465427794243,0.0176236345906479,0.00793301553232575,0.00258814858997658,0.50014573427032,0.49985426572968,0,0,1,0.0386787796681252,static_fit_scored_candidate
2,2,94,113,20,20,241927,241927,-0.0138490076305585,-0.0173054130750072,0.00345640544444872,14.1079889052086,0.0290267482396433,0.0410535365893985,0.000203048630317408,0.00646903412704238,0.0175948911538445,0.0108933419408117,0.0032362327188639,0.499989136914233,0.500010863085767,0,0,1,0.618373128774578,static_fit_scored_candidate
2,2,95,114,20,20,241901,241901,-0.0140520562608759,-0.0173054130750072,0.00325335681413131,14.1062340200024,0.0289386950782871,0.0409418612342086,6.71655673899884e-05,0.00657046394734179,0.0177552550796179,0.00895850965931703,0.00388473645375845,0.499861925721819,0.500138074278181,0,0,1,0.535459756369477,static_fit_scored_candidate
2,2,96,115,20,20,241983,241983,-0.0137818420631685,-0.0173054130750072,0.00352357101183871,14.1116619131718,0.0286092887818217,0.041275456228511,0.000270214197707397,0.00657046394734179,0.0164666192600177,0.00936149764162824,0.0032362327188639,0.499759572975514,0.500240427024486,0,0,1,0.64682246486395,static_fit_scored_candidate
2,2,97,116,20,20,241993,241993,-0.012878702214218,-0.0173054130750072,0.00442671086078929,14.1117236257806,0.0290184104782729,0.0413064678755021,0.000411782239870732,0.00714999130708274,0.0152255389530755,0.00419890810513876,0.00258814858997658,0.499585352551114,0.500414647448886,0,0,1,1.31896329929081,static_fit_scored_candidate
2,2,98,117,20,20,242071,242071,-0.0132904844540887,-0.018052927186004,0.00476244273191534,14.116460706242,0.0288023114188394,0.0416074556330348,0.000411782239870732,0.00716751367254156,0.0156352678913433,0.00686637744982614,0.00258647504454111,0.499458008485443,0.500541991514557,0,0,1,1.45722579591226,static_fit_scored_candidate
2,2,99,118,20,20,241977,241977,-0.0146245385232739,-0.0188340468859083,0.00420950836263435,14.1109887909941,0.0284980626995177,0.0429126374080502,0.000254036875810186,0.00869236445130485,0.0158329610211859,0.00303792834081528,0.00258647504454111,0.499342795524971,0.500657204475029,0,0,1,0.929735150094475,static_fit_scored_candidate
2,2,100,119,20,20,242004,242004,-0.0143705016474638,-0.0188340468859083,0.00446354523844453,14.112443042278,0.0281972701064096,0.0430240822465744,0.000254036875810186,0.00974954719596586,0.0152954918926214,0.0018589650054739,0.00193922931237828,0.499574499836655,0.500425500163345,0,0,1,1.0344034250966,static_fit_scored_candidate
2,2,101,120,20,20,242115,242115,-0.0132372265682589,-0.018052927186004,0.00481570061774509,14.1189880562409,0.0276492401096128,0.0434667679955063,0.000119390622938718,0.0091392734221483,0.0152376227160514,0.000624678736021737,0.00193797658537792,0.499812282167744,0.500187717832256,0,0,1,1.17934954827256,static_fit_scored_candidate
2,2,102,121,20,20,242214,242214,-0.0144898922704025,-0.018052927186004,0.00356303491560156,14.1251635528542,0.0266060869611764,0.0438616771806982,0.00050814453192068,0.00787171704932584,0.0152164698334662,0.00461770117199031,0.00193797658537792,0.499961005095708,0.500038994904292,0,0,1,1.38344588815874,static_fit_scored_candidate
2,2,103,122,20,20,242075,242075,-0.0139817477384818,-0.018052927186004,0.00407117944752224,14.1163701036817,0.0275120122658951,0.0432921892298287,0.000158315173070321,0.00734621679133358,0.0141718245635062,0.00896792184880863,0.00129156721908025,0.500111281055667,0.499888718944333,0,0,1,0.874542798466874,static_fit_scored_candidate
2,2,104,123,20,20,241983,241983,-0.0138234325654115,-0.0173054130750072,0.00348198050959578,14.1114420613963,0.027673476601743,0.0429615181169003,0.000158315173070321,0.00787171704932584,0.0138858136827285,0.0113717409811156,0.000645992195125582,0.500382724782824,0.499617275217176,0,0,1,0.633133177823967,static_fit_scored_candidate
2,2,105,124,20,20,241946,241946,-0.0142479724123899,-0.0163149393286382,0.00206696691624831,14.1092826291987,0.0276156289758872,0.0428191181576206,0.000320287195983241,0.00824415657152298,0.013463178651532,0.0105882257064328,0,0.500484984317839,0.499515015682161,0,0,1,0.0526896824869123,static_fit_scored_candidate
2,2,106,125,20,20,241909,241909,-0.0135031453694282,-0.0154597244147516,0.00195657904532342,14.1072264535712,0.0282569044709643,0.0426766758159992,0.000744827042961704,0.00769102792561756,0.014093031903281,0.0109296699468707,0.000646409770792955,0.500559511995535,0.499440488004465,0,0,1,1.7863440844689,static_fit_scored_candidate
2,2,107,126,20,20,241823,241823,-0.0126632133459929,-0.0133222213802729,0.000659008034279963,14.1018399318629,0.0287635850454479,0.04232830488289,0.000124626603470707,0.00945582870273397,0.0146029416839529,0.00899163136582748,0.00129323752227109,0.500719220561804,0.499280779438196,0,0,1,0.044652890415939,static_fit_scored_candidate
2,2,108,127,20,20,241726,241726,-0.0127878399494636,-0.0133222213802729,0.000534381430809257,14.096688073042,0.029069982842061,0.0419645221074927,0.000124626603470707,0.00976168113583298,0.0155313308294274,0.0118182066160778,0.00258647504454111,0.500668016319176,0.499331983680824,0,0,1,0.0450648658043455,static_fit_scored_candidate
2,2,109,128,20,20,241635,241635,-0.0109589241707426,-0.0108938107475559,6.51134231867793e-05,14.0910705918552,0.0296956410770496,0.0415832078001622,0.00182891577872097,0.00965968224596641,0.0178879649939542,0.0144115500185421,0.00258647504454111,0.500772143861549,0.499227856138451,0,0,1,6.47884532328872,static_fit_scored_candidate
2,2,110,129,20,20,241678,241678,-0.00902030640795057,-0.00781623552991534,0.00120407087803523,14.0936371781437,0.0299641029503354,0.0417411453161205,0.001108530582697,0.012967450414826,0.0180064143514172,0.0113104543200641,0.00258647504454111,0.50064597472557,0.49935402527443,0,0,1,3.36190282444555,static_fit_scored_candidate
2,2,111,130,20,20,241431,241431,-0.00791177582525357,-0.00533620985459192,0.00257556597066165,14.0790453437657,0.0301732857305278,0.0534643295006461,0.000373704113627566,0.0140459681067839,0.0178694346385031,0.0105965358831452,0.00323204885396371,0.500536544258869,0.499463455741131,0,0,1,1.03571640272861,static_fit_scored_candidate
2,2,112,131,20,20,241634,241634,-0.00828547993888114,-0.00533620985459192,0.00294927008428922,14.0911899177692,0.0303526688455607,0.0459699713618832,0.000373704113627566,0.0138206584545683,0.0181914967215973,0.0104172879884549,0.00258480366199988,0.500544870978646,0.499455129021354,0,0,1,0.742264469370734,static_fit_scored_candidate
2,2,113,132,20,20,241720,241720,-0.00719752658216905,-0.00472190896637478,0.00247561761579427,14.0959433537577,0.030284913197721,0.044613602515307,0.000402839123358815,0.0135899429119684,0.0147065567088992,0.00619868253792844,0.00258480366199988,0.500611101026871,0.499388898973129,0,0,1,0.60806013442448,static_fit_scored_candidate
2,2,114,133,20,20,241642,241642,-0.00788264081552232,-0.00472190896637478,0.00316073184914755,14.0913691070411,0.0309799637849689,0.044329675059178,0.000607134477168645,0.014073826221658,0.012094145672042,0.00312306870901664,0.00129240183099965,0.500727104517013,0.499272895482987,0,0,1,2.06865844016852,static_fit_scored_candidate
2,2,115,134,20,20,241643,241643,-0.00848977529269097,-0.00472190896637478,0.00376786632631619,14.0918760704062,0.0315328611607846,0.0443462283358991,0.000607134477168645,0.014779763899282,0.0110558039516371,0.00123803938908882,0.000646409770792955,0.500804874182944,0.499195125817056,0,0,1,2.55288094472273,static_fit_scored_candidate
2,2,116,135,20,20,241577,241577,-0.00659743457539555,-0.0039338800174946,0.00266355455790095,14.0874767919644,0.0315521718654591,0.0440764963987085,0.000461217094906722,0.0157219301856081,0.0100686340063923,0.00102996654983643,0.000646409770792955,0.500832382243763,0.499167617756237,0,0,1,1.47673216603927,static_fit_scored_candidate
2,2,117,136,20,20,241543,241543,-0.00705865167030227,-0.0039338800174946,0.00312477165280767,14.0857572759868,0.0311557946149713,0.0439505845725831,0.000229184896761546,0.0132660666239559,0.0118977542559591,0.000351746936019231,0.00129323752227109,0.50099091020998,0.499009089790021,0,0,1,0.983495098500033,static_fit_scored_candidate
2,2,118,137,20,20,241538,241538,-0.00682661947215709,-0.0039338800174946,0.00289273945466249,14.0853570940613,0.0308221792595138,0.043934752007949,0.000232032198145177,0.0128964186280097,0.0116278400961693,0.00254128581925323,0.00258647504454111,0.500942513848735,0.499057486151266,0,0,1,0.747126931100951,static_fit_scored_candidate
2,2,119,138,20,20,241552,241552,-0.0062073543162912,-0.0039338800174946,0.0022734742987966,14.0863262335461,0.0305419167420594,0.0439822481287673,0.000252486220286189,0.0116839160627789,0.0128203333658146,0.00672997211095593,0.00258647504454111,0.501192461465447,0.498807538534553,0,0,1,0.374476439624384,static_fit_scored_candidate
2,2,120,139,20,20,241464,241464,-0.00707910569244328,-0.00472190896637478,0.0023571967260685,14.0810799108682,0.0310098552796523,0.0436338336149488,0.00891078155966877,0.0133131899174115,0.0143281100610864,0.00875777288938382,0.00194048365997627,0.501231323324859,0.498768676675141,0,0,1,37.6866782943465,static_fit_scored_candidate
2,3,1,20,20,20,240727,240727,-0.041609980660578,-0.0415091725287002,0.000100808131877822,14.037391354051,0.0303755343882626,0.0315709015984846,0.0148722612534617,0.00735456540590007,0.0201573660033735,0.0171344849649481,0.00202976128158883,0.500558258579151,0.499441741420849,0,0,0,68.2543998103962,static_fit_scored_candidate
2,3,2,21,20,20,240753,240753,-0.0418524503575154,-0.0420765591059619,0.000224108748446486,14.0389096166422,0.0306344026477831,0.0319659738490422,0.000242469696937454,0.00630747652075312,0.0191641063702439,0.0168841784564858,0.00135271657243877,0.500374053270651,0.499625946729349,0,0,1,0.504541557130811,static_fit_scored_candidate
2,3,3,22,20,20,240763,240763,-0.042346160700489,-0.0431109512602866,0.000764790559797515,14.0391174604763,0.0304158101721067,0.0316824774467944,0.000493710342973602,0.00630256941340593,0.0178142445196368,0.0153813041892529,0,0.500250522470587,0.499749477529413,0,0,1,0.626709816443017,static_fit_scored_candidate
2,3,4,23,20,20,240789,240789,-0.0430009807844278,-0.046090343388245,0.00308936260381729,14.0413041296939,0.0304928693136343,0.0318282999435197,0.000274750382034998,0.00734824388408598,0.0174668044384003,0.0132699560462311,0.000676129633279125,0.500239941618877,0.499760058381123,0,0,1,0.580488714217815,static_fit_scored_candidate
2,3,5,24,20,20,240737,240737,-0.0432757311664628,-0.046090343388245,0.00281461222178229,14.037776678881,0.0301821608151858,0.0319016366204204,0.000274750382034998,0.00678446274158878,0.015740857303846,0.0126082083692839,0.00202838889983836,0.500244557667447,0.499755442332553,0,0,1,0.307885867982928,static_fit_scored_candidate
2,3,6,25,20,20,240738,240738,-0.0411251313175412,-0.0431109512602866,0.00198581994274531,14.0383477561491,0.0304284920809926,0.0319348674919,0.00182412163264394,0.00637994396088349,0.014662060600848,0.00893176901210001,0.00270543314487754,0.50018699958554,0.49981300041446,0,0,1,4.58151616296548,static_fit_scored_candidate
2,3,7,26,20,20,240829,240829,-0.0393010096848973,-0.0417090305362116,0.0024080208513143,14.0432762316816,0.0310564608021216,0.031955886260962,0.000472305530111648,0.0051775071231611,0.0143633923357837,0.00248623737680149,0.00270543314487754,0.500158622249523,0.499841377750477,0,0,1,0.926016213208892,static_fit_scored_candidate
2,3,8,27,20,20,240766,240766,-0.039773315215009,-0.0431109512602866,0.0033376360452776,14.0398293475536,0.0308854456719128,0.031715178096757,3.03935444309761e-05,0.0060095955308882,0.0139776315420729,0.000853722639232057,0.00338293546931538,0.500197475608666,0.499802524391334,0,0,1,0.89190289105175,static_fit_scored_candidate
2,3,9,28,20,20,240632,240632,-0.0393314032293283,-0.0431109512602866,0.00377954803095827,14.0321926948643,0.0310902294531857,0.031167924465574,0.000116825253890201,0.0071127984511955,0.0149756732435276,0.00771500702294982,0.0040608963382045,0.500286438912655,0.499713561087345,0,0,1,1.16520162070434,static_fit_scored_candidate
2,3,10,29,20,20,240571,240571,-0.0396564899611188,-0.0431109512602866,0.0034544612991678,14.0284949389484,0.0306502445864338,0.0312588331144107,9.15481648368216e-05,0.00735563463471335,0.0156922571262342,0.0136124918846982,0.0040608963382045,0.500373306068105,0.499626693931895,0,0,1,0.801807094881961,static_fit_scored_candidate
2,3,11,30,20,20,240561,240561,-0.0392398550644915,-0.0431109512602866,0.00387109619579509,14.0275315713238,0.0310784041817157,0.0308940656124773,0.00037039606698179,0.00810081944533389,0.0179254816324855,0.018112426269801,0.00202976128158883,0.500286267497587,0.499713732502413,0,0,1,1.19198943939853,static_fit_scored_candidate
2,3,12,31,20,20,240481,240481,-0.0388694589975097,-0.0431109512602866,0.00424149226277688,14.0229575132601,0.0306876710226321,0.0308877097852664,0.00037039606698179,0.00850186680806131,0.0200718105610631,0.0204560190629494,0.00135271657243877,0.500415034220605,0.499584965779395,0,0,1,1.10412561627244,static_fit_scored_candidate
2,3,13,32,20,20,240421,240421,-0.0384109723967949,-0.0431109512602866,0.00469997886349167,14.0197923976243,0.0307432108134272,0.0303297507736332,0.000458486600714784,0.00901402889956697,0.0215364372085031,0.0218152328928629,0,0.500504131541827,0.499495868458173,0,0,1,1.43970403177718,static_fit_scored_candidate
2,3,14,33,20,20,240447,240447,-0.0371594244765218,-0.0396735971794354,0.00251417270291356,14.0212721188544,0.0309926026401645,0.0304265371306894,0.0002204294217183,0.00863327275824782,0.0239765886132871,0.025320955103368,0.00135271657243877,0.500531704294793,0.499468295705207,0,0,1,0.711525517183477,static_fit_scored_candidate
2,3,15,34,20,20,240476,240476,-0.0369389950548035,-0.0398955982338754,0.00295660317907185,14.022815908299,0.0306517094362058,0.0305560638067832,0.0002204294217183,0.00948839414963782,0.0239304856570057,0.0266658365615717,0.00270543314487754,0.500682071539738,0.499317928460262,0,0,1,0.627424588359716,static_fit_scored_candidate
2,3,16,35,20,20,240382,240382,-0.0362383870348375,-0.038167553078113,0.00192916604327551,14.0174535443003,0.0303412020210855,0.0305011980830671,0.000700608019965993,0.00773598906601815,0.0218183264067016,0.0195603343184003,0.00338293546931538,0.500643973455097,0.499356026544903,0,0,1,1.20390032588992,static_fit_scored_candidate
2,3,17,36,20,20,240356,240356,-0.0350278502519416,-0.038167553078113,0.00313970282617142,14.0157391194167,0.0301217349581213,0.0300554177969345,0.00101415145688781,0.00826737636640115,0.019809211502856,0.0111131088179304,0.0040608963382045,0.50066574201225,0.49933425798775,0,0,1,2.18352033593473,static_fit_scored_candidate
2,3,18,37,20,20,240196,240196,-0.0340136987950538,-0.035623710006211,0.0016100112111572,14.0068284868815,0.0298720697624618,0.0419157687888225,0.00101415145688781,0.0101889336192073,0.0184950228205156,0.0119760667241338,0.00473931621722762,0.500784545028565,0.499215454971435,0,0,1,1.87037994276246,static_fit_scored_candidate
2,3,19,38,20,20,240216,240216,-0.032215518358794,-0.034941040905389,0.00272552254659501,14.0075547677499,0.0291816289724749,0.0419622339894095,0.000788469920600381,0.0109245849369326,0.0167140179039717,0.00840806719901427,0.00473931621722762,0.500745086446293,0.499254913553707,0,0,1,1.15231234845885,static_fit_scored_candidate
2,3,20,39,20,20,240173,240173,-0.0314270484381936,-0.034941040905389,0.00351399246719539,14.0052208713949,0.028837173982555,0.0415028978748917,4.20630228262706e-05,0.00970314830550135,0.016016728684023,0.00530924351212815,0.00473931621722762,0.500585550632902,0.499414449367098,0,0,1,0.314258683966554,static_fit_scored_candidate
2,3,21,40,20,20,240146,240146,-0.0313849854153673,-0.034941040905389,0.00355605549002166,14.0039827627194,0.029051191533554,0.0417076136382564,4.20630228262706e-05,0.0100321546201371,0.0152267477609018,0.00011927338524198,0.00406364667952411,0.500609236754302,0.499390763245698,0,0,1,0.329667300297443,static_fit_scored_candidate
2,3,22,41,20,20,240097,240097,-0.0301627558603468,-0.0334330172614773,0.00327026140113055,14.0007894924373,0.0288566391006374,0.041182840483132,0.00122222955502052,0.00985420091024291,0.0170622242693172,0.000595129759157334,0.00338522586944833,0.500628064730938,0.499371935269062,0,0,1,2.63427743239446,static_fit_scored_candidate
2,3,23,42,20,20,240216,240216,-0.0283967156167269,-0.0319700918597576,0.00357337624303066,14.0083914525469,0.0289156247927801,0.0369667299430513,0.00176604024361986,0.00923950488146839,0.0193609408667875,0.000467742246046315,0.00270909778634986,0.500942695454873,0.499057304545127,0,0,1,4.35583949802256,static_fit_scored_candidate
2,3,24,43,20,20,240321,240321,-0.0262234885317186,-0.0309554209194149,0.00473193238769628,14.0136747612772,0.0286694350824193,0.037349578069606,0.00177459699667088,0.00848588904301469,0.0205807031009696,0.00449751541010385,0.00135454889317475,0.500905832158131,0.499094167841869,0,0,1,4.79436326283894,static_fit_scored_candidate
2,3,25,44,20,20,240346,240346,-0.0244488915350477,-0.027557016243019,0.00310812470797132,14.0154292287371,0.0287530907046474,0.037478988799574,0.000130203522293645,0.00836403341358687,0.0207468210730829,0.00473560756322063,0,0.500874257053764,0.499125742946237,0,0,1,0.171818159111616,static_fit_scored_candidate
2,3,26,45,20,20,240340,240340,-0.0243186880127541,-0.027557016243019,0.00323832823026497,14.0149132977046,0.0290779512450277,0.0374303070649913,5.89765790632822e-05,0.00979438314926225,0.0209937527407926,0.000190115700517347,0.00203113552166917,0.5007737016455,0.4992262983545,0,0,1,0.218606334936188,static_fit_scored_candidate
2,3,27,46,20,20,240309,240309,-0.0243899149559844,-0.027557016243019,0.0031671012870346,14.0135382291407,0.028918849110936,0.037368088152069,7.12269432303625e-05,0.00878369873529167,0.0214658152239474,0.00707135646762778,0.00270909778634986,0.500690742579606,0.499309257420394,0,0,1,0.193639127848592,static_fit_scored_candidate
2,3,28,47,20,20,240388,240388,-0.022252561719416,-0.0239774939403554,0.00172493222093943,14.0177692100674,0.0290153094335621,0.0376225102750553,0.000523637871336326,0.0103220336546713,0.0207139706243303,0.00799616756010749,0.00406364667952411,0.500604400284152,0.499395599715848,0,0,1,0.345203512729702,static_fit_scored_candidate
2,3,29,48,20,20,240463,240463,-0.0227761995907523,-0.027557016243019,0.00478081665226673,14.0223695019978,0.0291182800460741,0.0379433096014372,3.91868168282856e-05,0.0106917170532887,0.0195971623424142,0.0096957568210877,0.00473931621722762,0.500572383425694,0.499427616574306,0,0,1,0.769335369409386,static_fit_scored_candidate
2,3,30,49,20,20,240557,240557,-0.022737012773924,-0.0281561173791716,0.00541910460524756,14.0275626924645,0.0291673519031965,0.0383272364482873,3.91868168282856e-05,0.0106917170532887,0.0190692709132445,0.0112991573980141,0.00473931621722762,0.500482062046568,0.499517937953432,0,0,1,0.997126717124953,static_fit_scored_candidate
2,3,31,50,20,20,240567,240567,-0.022997914109824,-0.0281561173791716,0.00515820326934754,14.0287808556974,0.0292298966355329,0.0383924711516079,0.000260901335900017,0.0110645097188125,0.0196426602973404,0.0163433381273048,0.00541452845093872,0.500448246249971,0.499551753750029,0,0,1,0.904597193587007,static_fit_scored_candidate
2,3,32,51,20,20,240663,240663,-0.0210274988783971,-0.0273758986167513,0.0063483997383541,14.03429583686,0.0298863588394109,0.038776052920254,0.00128425151109849,0.00987208114229241,0.0184696288427076,0.017138241507156,0.00473610965704131,0.500365672461262,0.499634327538738,0,0,1,4.00136908767337,static_fit_scored_candidate
2,3,33,52,20,20,240658,240658,-0.0197432473672987,-0.0217914547327287,0.00204820736543,14.0339045836198,0.0298128397470147,0.0387933183744702,0.000255996336345866,0.00785658252737869,0.0181808701074929,0.0173537616993452,0.0040608963382045,0.500346489352027,0.499653510647973,0,0,1,0.0544487641040352,static_fit_scored_candidate
2,3,34,53,20,20,240658,240658,-0.0199992437036445,-0.0217914547327287,0.00179221102908414,14.0338532390014,0.0297000433122733,0.0387766974154409,0.000255996336345866,0.00943142331746417,0.0185303172746861,0.0179876092245529,0.00338293546931538,0.500321583275825,0.499678416724175,0,0,1,0.0139169995426194,static_fit_scored_candidate
2,3,35,54,20,20,240990,240990,-0.0185574531815246,-0.0193686216894744,0.000811168507949805,14.0530711391789,0.0300725207929593,0.036233567919267,0.00124853850986494,0.0110925158078457,0.0173748871521769,0.0162738992500755,0.00202976128158883,0.500843563933724,0.499156436066276,0,0,1,2.68578990844409,static_fit_scored_candidate
2,3,36,55,20,20,240966,240966,-0.0173089146716596,-0.0179876312215207,0.000678716549861062,14.0518979654066,0.0301172223220044,0.036120978719166,0.000177675091971304,0.00946521669467662,0.0169962945462628,0.0144836483898666,0,0.500890591835045,0.499109408164955,0,0,1,0.227376258245365,static_fit_scored_candidate
2,3,37,56,20,20,240860,240860,-0.0171312395796883,-0.0179876312215207,0.000856391641832367,14.0454354697392,0.0299767026897427,0.0357053890226688,0.000177675091971304,0.0105514030000469,0.01717190190959,0.00573277800663295,0.000676587093863272,0.500983708738637,0.499016291261363,0,0,1,0.148600650208765,static_fit_scored_candidate
2,3,38,57,20,20,240643,240643,-0.0169358214553693,-0.0179876312215207,0.00105180976615138,14.0329945811537,0.0301327971227349,0.0345406492578248,0.000195418124319009,0.00991427019466618,0.0186624468330312,0.00108306437086378,0.00270726422546942,0.501090611199186,0.498909388800814,0,0,1,0.237028085838671,static_fit_scored_candidate
2,3,39,58,20,20,240599,240599,-0.015686189179889,-0.01758881557828,0.00190262639839102,14.0304571204816,0.0302440324538278,0.0343640897755611,0.000189910536843448,0.00993700459579749,0.0193875407980885,0.00243414473887473,0.00473931621722762,0.501233397687309,0.498766602312691,0,0,1,0.300174264394997,static_fit_scored_candidate
2,3,40,59,20,20,240743,240743,-0.0154962786430456,-0.01758881557828,0.00209253693523447,14.0391178101178,0.0301031980942981,0.0349416807895524,9.99486741508314e-05,0.0103224705190992,0.0208658011851023,0.00145684051210718,0.00609753487156432,0.501529347430487,0.498470652569513,0,0,1,0.221253698393524,static_fit_scored_candidate
2,3,41,60,20,20,240709,240709,-0.0157861378540398,-0.01758881557828,0.00180267772424019,14.0368913374499,0.0298107573208145,0.0351124995845658,0.000289859210994279,0.0104944209987451,0.0216046986703507,0.0021788436526858,0.00813280149768189,0.501638940051561,0.498361059948439,0,0,1,0.0568430406895599,static_fit_scored_candidate
2,3,42,61,20,20,240680,240680,-0.0167805506078235,-0.01758881557828,0.000808264970456572,14.0352170209764,0.0297724710690791,0.0349842114010304,0.000318339105961921,0.0127682898730642,0.0214743878342028,0.00870944917723575,0.00881352156504665,0.501737056486923,0.498262943513077,0,0,1,0.0356970131910484,static_fit_scored_candidate
2,3,43,62,20,20,240477,240477,-0.0164622115018615,-0.0150582816562745,0.00140392984558702,14.0235237000066,0.0297079252150679,0.0374251497005988,5.67858765387862e-05,0.0110112801730595,0.0202430144659822,0.0105295002057088,0.00813831710747908,0.501479634945764,0.498520365054236,0,0,1,0.0178838004148516,static_fit_scored_candidate
2,3,44,63,20,20,240264,240264,-0.0168373364843622,-0.015093072682648,0.00174426380171424,14.0112392893602,0.0294880488312397,0.0365764325908168,0.000375124982500707,0.0115283278980202,0.0189142099798269,0.00995071612704173,0.00813831710747908,0.501435559396616,0.498564440603384,0,0,1,0.0182969163942149,static_fit_scored_candidate
2,3,45,64,20,20,240147,240147,-0.0179244107189211,-0.017205681616153,0.000718729102768108,14.0040499225157,0.0291741373401133,0.0361277212385695,0.00078311550182705,0.00989928351215511,0.0166809491821947,0.0111471314351967,0.00746265457558059,0.501449746844322,0.498550253155678,0,0,1,1.1221717252491,static_fit_scored_candidate
2,3,46,65,20,20,240222,240222,-0.0187075262207481,-0.017205681616153,0.00150184460459516,14.0084694124515,0.028812207010587,0.0364493139736246,0.00078311550182705,0.00702950106522482,0.0147278171021626,0.0123485458927975,0.00746772085023248,0.501207137668353,0.498792862331647,0,0,1,1.12255307584817,static_fit_scored_candidate
2,3,47,66,20,20,240099,240099,-0.0196834752805042,-0.0179875844745594,0.00169589080594485,14.0009226115868,0.0290459283320224,0.0359350270720533,0.000383556677848229,0.00758506896667538,0.0120208748989437,0.00844586226727037,0.00610995342291761,0.501036820862501,0.498963179137499,0,0,1,0.0194936224304372,static_fit_scored_candidate
2,3,48,67,20,20,239972,239972,-0.0200670319583524,-0.0202191573478351,0.00015212538948263,13.9942047475275,0.0285559916713309,0.0355039941993474,0.000172336076767983,0.00498176681509142,0.00903891206355444,0.00652723759666211,0.0047554143689694,0.500784345713647,0.499215654286353,0,0,1,0.0198733944738474,static_fit_scored_candidate
2,3,49,68,20,20,239962,239962,-0.0198558113572722,-0.0202191573478351,0.000363345990562876,13.993487481744,0.0281860970318655,0.0354553182977447,0.000211220601080246,0.00466221854571626,0.00929985787090711,0.0112718654006082,0.00271830297205477,0.500696763130513,0.499303236869487,0,0,1,0.0202795493277728,static_fit_scored_candidate
2,3,50,69,20,20,239942,239942,-0.0188228009499117,-0.0179875844745594,0.000835216475352375,13.992204941024,0.0275856077365887,0.0353709005888899,9.04671067395099e-05,0.00510365514774615,0.00936985301849515,0.0101086269664213,0.000679806733096814,0.500584004972141,0.499415995027859,0,0,1,0.0206816760896602,static_fit_scored_candidate
2,3,51,70,20,20,240001,240001,-0.0187323338431722,-0.0202191573478351,0.00148682350466284,13.9955194426342,0.0275991911674382,0.0355660738987684,2.38850660486054e-05,0.00702950106522482,0.0092093679275416,0.00706255904582185,0.0013600757605229,0.500626839502408,0.499373160497592,0,0,1,0.0211086976817299,static_fit_scored_candidate
2,3,52,71,20,20,240059,240059,-0.0187562189092208,-0.0202191573478351,0.00146293843861424,13.999205389304,0.0269984410529374,0.0357743897358994,2.38850660486054e-05,0.00863041741422691,0.010313354264006,0.00028963931576945,0.00339903366548308,0.500551130850665,0.499448869149335,0,0,1,0.0215167523646778,static_fit_scored_candidate
2,3,53,72,20,20,240082,240082,-0.0193218334730728,-0.0227251229759442,0.00340328950287147,14.0002592600917,0.026762331523426,0.035870778560837,0.000232852210820797,0.00954152798616276,0.0126861155637618,0.00176676508290571,0.00407745445808215,0.500444011908759,0.499555988091242,0,0,1,0.28866442512311,static_fit_scored_candidate
2,3,54,73,20,20,240152,240152,-0.019088981262252,-0.0227251229759442,0.00363614171369227,14.0045250882209,0.0272499591275223,0.0361437756087811,0.000232852210820797,0.0113591601487326,0.0144356107862989,0.00241971477155847,0.00543291386763158,0.500461511317774,0.499538488682226,0,0,1,0.37203936901203,static_fit_scored_candidate
2,3,55,74,20,20,239935,239935,-0.0206733093869883,-0.0240173693125148,0.00334405992552649,13.9918801141595,0.0272565375863958,0.0451493517048225,0.000324279807568453,0.0119947103748934,0.0178761283715478,0.00320234867626145,0.00610995342291761,0.500674063111236,0.499325936888764,0,0,1,0.268441445658427,static_fit_scored_candidate
2,3,56,75,20,20,240085,240085,-0.0209975891945568,-0.0240173693125148,0.00301978011795803,14.0003687128176,0.0275059863688482,0.0457998733797608,0.000324279807568453,0.0106279093253826,0.0194709040082502,0.000197266921527571,0.00746772085023248,0.500674593563043,0.499325406436957,0,0,1,0.153339279065294,static_fit_scored_candidate
2,3,57,76,20,20,240157,240157,-0.0198601363559862,-0.0240173693125148,0.00415723295652862,14.004990556442,0.0277180135177968,0.0461192538307795,0.000420657599814848,0.0117278007962937,0.0206966365686954,0.00206762558546629,0.00746265457558059,0.500703385641559,0.499296614358441,0,0,1,0.58772332460606,static_fit_scored_candidate
2,3,58,77,20,20,240211,240211,-0.0194394787561713,-0.0240173693125148,0.00457789055634347,14.0079305961291,0.0279255291727751,0.0460426623149551,0.000420657599814848,0.0100534196411074,0.0210952062277851,0.002888230768639,0.00813831710747908,0.500641393822297,0.499358606177702,0,0,1,0.737531533425932,static_fit_scored_candidate
2,3,59,78,20,20,240350,240350,-0.018787615664124,-0.0240173693125148,0.00522975364839084,14.0160494687877,0.0281503873503026,0.0447510318199973,0.000651863092047376,0.0100534196411074,0.0223075995280071,0.00822247971702769,0.0074575951704241,0.50081189627854,0.49918810372146,0,0,1,1.65602694293596,static_fit_scored_candidate
2,3,60,79,20,20,240239,240239,-0.0177555931864411,-0.0226581530564031,0.00490255986996201,14.0095061115797,0.0282028161850185,0.0498334998334998,7.19185134919753e-05,0.00865578834256471,0.0226876109096616,0.00697887449519844,0.00677733458140205,0.50017626352667,0.49982373647333,0,0,1,0.952815030412159,static_fit_scored_candidate
2,3,61,80,20,20,240394,240394,-0.0176836746729491,-0.0225838656731646,0.00490019100021548,14.018709425908,0.0281157971183553,0.0504667298956721,7.19185134919753e-05,0.00865578834256471,0.01996607919724,0.0054815833709598,0.00609753487156432,0.49992359660384,0.50007640339616,0,0,1,0.97397418276443,static_fit_scored_candidate
2,3,62,81,20,20,240531,240531,-0.0165160748653648,-0.0204599842915137,0.00394390942614892,14.0264545445277,0.0280624222402125,0.0509869788635192,3.50240454233298e-05,0.00768822603115167,0.0193347803136782,0.00467188199456033,0.00541452845093872,0.499703435221375,0.500296564778625,0,0,1,0.651506117252174,static_fit_scored_candidate
2,3,63,82,20,20,240675,240675,-0.0177186987183725,-0.0225838656731646,0.00486516695479215,14.0350286617947,0.028139388250245,0.0514052086622679,0.000585020015473531,0.0089073283221659,0.0196286000295245,0.0046040550470914,0.00473610965704131,0.499283857811824,0.500716142188176,0,0,1,1.51029089844211,static_fit_scored_candidate
2,3,64,83,20,20,240784,240784,-0.0171336787028989,-0.0225838656731646,0.00545018697026568,14.0413997320568,0.0282055777911691,0.0521297096152568,0.000585020015473531,0.00794147943665591,0.0183371136511365,0.00435114555556914,0.00270543314487754,0.499200226774384,0.500799773225616,0,0,1,1.7438457629972,static_fit_scored_candidate
2,3,65,84,20,20,240892,240892,-0.0159902769934622,-0.0225838656731646,0.00659358867970239,14.0476324648319,0.0286821627901264,0.0522557826743935,0.00114340170943671,0.00737472585602694,0.0192187720167846,0.0130172644767666,0.00270360453954456,0.499304374488829,0.500695625511171,0,0,1,3.81220945096299,static_fit_scored_candidate
2,3,66,85,20,20,240849,240849,-0.0146215464653616,-0.0204599842915137,0.00583843782615212,14.0451917361696,0.0289187027136954,0.0527626924418315,0.00136873052810065,0.00641624449768147,0.017254235981518,0.0134918999256104,0.00202701837264892,0.499396816468501,0.500603183531499,0,0,1,4.22928206638208,static_fit_scored_candidate
2,3,67,86,20,20,240994,240994,-0.0130354873252524,-0.0192687303656448,0.0062332430403924,14.0535800926209,0.0285357629882379,0.0533286859532938,0.00120563042508498,0.00518071223940504,0.0165129405254964,0.00957424601373724,0.00135088920222739,0.499516648705359,0.500483351294641,0,0,1,3.90583030339041,static_fit_scored_candidate
2,3,68,87,20,20,241053,241053,-0.0118298569001674,-0.0170723445957578,0.00524248769559043,14.0569255851953,0.0288873953405963,0.0535643170051772,0.00105311969213298,0.00425635178381223,0.0157986306781418,0.0117391671641995,0.0006752165654216,0.499770523115239,0.500229476884761,0,0,1,3.10890378405311,static_fit_scored_candidate
2,3,69,88,20,20,241113,241113,-0.0107767372080344,-0.0157361950163654,0.00495945780833095,14.0603832050358,0.0290886242376882,0.0537998307868412,0.000325470743765958,0.00425635178381223,0.0157507930543634,0.00895264895149311,0,0.500072668702685,0.499927331297315,0,0,1,1.11213711314833,static_fit_scored_candidate
2,3,70,89,20,20,241160,241160,-0.0104512664642685,-0.0157361950163654,0.00528492855209691,14.0631564612531,0.0294443179961288,0.0539724664123404,0.000325470743765958,0.00616283690564657,0.0171015524777175,0.0106472021498844,0,0.500222925902165,0.499777074097835,0,0,1,1.2344164361732,static_fit_scored_candidate
2,3,71,90,20,20,241126,241126,-0.00997524146950429,-0.0150343701900155,0.00505912872051124,14.0611413875624,0.0294862741896757,0.0538469194784513,0.000411120062934551,0.00606753029810776,0.0175125821670745,0.0128037395116469,0.0006756727908833,0.500379601722403,0.499620398277597,0,0,1,1.15013977480954,static_fit_scored_candidate
2,3,72,91,20,20,241050,241050,-0.00956412140656974,-0.013308394916767,0.0037442735101973,14.056925633948,0.0298618010346963,0.0535652058477009,0.000411120062934551,0.00597425968455249,0.0185486835410758,0.0102191334084593,0.00202701837264892,0.500620561406953,0.499379438593047,0,0,1,0.741128865214061,static_fit_scored_candidate
2,3,73,92,20,20,240973,240973,-0.00788668884229173,-0.0109819478651248,0.00309525902283309,14.0520680264673,0.0314735304170583,0.0532501161941438,0.000157528272243846,0.00639949703963793,0.0215437002582456,0.0192182626150162,0.00270360453954456,0.500698107403398,0.499301892596602,0,0,1,1.40813623635724,static_fit_scored_candidate
2,3,74,93,20,20,240929,240929,-0.00804421711453557,-0.0109819478651248,0.00293773075058924,14.0499722658717,0.0316948260439642,0.0531104211976823,0.000157528272243846,0.00616902462396095,0.022864988411528,0.0190688788208075,0.00338293546931538,0.50074932231906,0.49925067768094,0,0,1,1.47242535548185,static_fit_scored_candidate
2,3,75,94,20,20,240828,240828,-0.00581567692279723,-0.008080453157673,0.00226477623487577,14.043467629504,0.0313545077284673,0.0526849037487335,0.000196885168060304,0.00572157298329318,0.022182663080947,0.0124358237518429,0.00473610965704131,0.500805102732906,0.499194897267094,0,0,1,1.1656110321437,static_fit_scored_candidate
2,3,76,95,20,20,240787,240787,-0.00601256209085753,-0.008080453157673,0.00206789106681546,14.0416954335659,0.0315664543706703,0.052544146718275,0.000196885168060304,0.00498028023217202,0.0219734155235959,0.00921735212586732,0.0060934065650069,0.5008673040788,0.4991326959212,0,0,1,1.2807140257748,static_fit_scored_candidate
2,3,77,96,20,20,240726,240726,-0.00532192908870559,-0.0069828445727693,0.00166091548406371,14.0379076288235,0.0311644165197509,0.05229138280549,0.000690633002151948,0.00507344020725105,0.0207968844786995,0.0105638247896725,0.0060934065650069,0.500847545348829,0.499152454651171,0,0,1,1.87500241936299,static_fit_scored_candidate
2,3,78,97,20,20,240709,240709,-0.00440846670107244,-0.00625292193634276,0.00184445523527032,14.0369260350126,0.0311332698243488,0.0522450064807737,0.000325073412275402,0.00671165051083101,0.0191804264637861,0.00727355596165236,0.0060934065650069,0.500819652744687,0.499180347255313,0,0,1,1.02715797506399,static_fit_scored_candidate
2,3,79,98,20,20,240689,240689,-0.00408339328879704,-0.00625292193634276,0.00216952864754573,14.0360628048283,0.0314410807882828,0.0521828727169993,0.000325073412275402,0.00585475400522226,0.0183937368807035,0.00781178830192757,0.00473931621722762,0.500864771264309,0.499135228735691,0,0,1,1.19897855095106,static_fit_scored_candidate
2,3,80,99,20,20,240742,240742,-0.00294644053107448,-0.00588637264163569,0.0029399321105612,14.0386389101167,0.0314529160940193,0.0523709832851494,0.00113695275772255,0.00857338878231453,0.01750732644769,0.00841479827317939,0.00338293546931538,0.500853864994927,0.499146135005073,0,0,1,3.4672035979294,static_fit_scored_candidate
2,3,81,100,20,20,240721,240721,-0.00164046290844396,-0.00359980611091985,0.00195934320247589,14.0377418986541,0.0310682487869304,0.0522922517073495,0.00130597762263052,0.00830485778589495,0.0160058081206091,0.0101738040352141,0.00202976128158883,0.500844320151142,0.499155679848858,0,0,1,3.64780318054512,static_fit_scored_candidate
2,3,82,101,20,20,240670,240670,0.000108468593822134,-0.00359980611091985,0.00370827470474198,14.0347264669079,0.0316566144817718,0.0521041084962106,0.00174893150226609,0.0101075069649116,0.0173875942873364,0.0146307661682643,0,0.500908526825061,0.499091473174939,0,0,1,5.66280729788703,static_fit_scored_candidate
2,3,83,102,20,20,240499,240499,0.00222759959666312,0.00163900047192939,0.000588599124733729,14.0246084015751,0.030853252794932,0.052956340956341,0.00187972169796456,0.0112725371164463,0.0134816218385238,0.00619409568101297,0.000676587093863272,0.501129995100096,0.498870004899904,0,0,1,5.25204838453811,static_fit_scored_candidate
2,3,84,103,20,20,240497,240497,0.00410732129462768,0.0050038639429127,0.000896542648285014,14.0248618351428,0.031532171118746,0.052956340956341,0.00128460815424266,0.0141117131575408,0.015289474072861,0.0114695706636286,0.00203113552166917,0.501248568905339,0.498751431094661,0,0,1,3.86990362991683,static_fit_scored_candidate
2,3,85,104,20,20,240421,240421,0.00539192944887035,0.0050038639429127,0.000388065505957649,14.0199971373752,0.0323256847633176,0.0526403354074468,0.00128460815424266,0.0139224576405612,0.0156016822683489,0.0151168955304405,0.00338522586944833,0.501311264614723,0.498688735385277,0,0,1,4.30685746597247,static_fit_scored_candidate
2,3,86,105,20,20,240414,240414,0.00691539730444953,0.00632528600845957,0.000590111295989956,14.0199172465913,0.0323065454461075,0.0526254492213497,0.00152346785557918,0.0152986936183892,0.0181606117357128,0.0203058061526961,0.00474252712232783,0.501328121357287,0.498671878642713,0,0,1,5.00451478694956,static_fit_scored_candidate
2,3,87,106,20,20,240366,240366,0.00902716468943252,0.00795136887633827,0.00107579581309425,14.0170595801565,0.0326774088966032,0.052436264394595,0.00211176738498299,0.0158026195476175,0.0203355440754869,0.0259856702756633,0.00406640074884138,0.501306061581363,0.498693938418637,0,0,1,6.95261013761845,static_fit_scored_candidate
2,3,88,107,20,20,240358,240358,0.0118235853546178,0.00795136887633827,0.00387221647827955,14.0164960149606,0.0339412594519462,0.0523880845398569,0.0027964206651853,0.0180171374244825,0.0225439693467022,0.0308197863636782,0.00338981598655648,0.501258870163831,0.498741129836169,0,0,1,10.1284976367415,static_fit_scored_candidate
2,3,89,108,20,20,240382,240382,0.0160953885789486,0.00942610815455601,0.00666928042439257,14.017664489478,0.0350878238327127,0.0524161341853035,0.00366866108221807,0.0180171374244825,0.025504637196556,0.0353911879585701,0.00203388959193394,0.501294138438735,0.498705861561265,0,0,0,39.3599632249648,static_fit_scored_candidate
2,3,90,109,20,20,240303,240303,0.0197640496611666,0.0151327102179005,0.00463133944326613,14.0134189033224,0.034718305153985,0.0539649776949198,0.00366866108221807,0.0157858494902619,0.0266798347459443,0.0361443896784695,0,0.501113747435383,0.498886252564617,0,0,0,38.4788847581527,static_fit_scored_candidate
2,3,91,110,20,20,240321,240321,0.0238814836021155,0.0225222605158342,0.0013592230862813,14.0144648180501,0.0344986848675419,0.0541602170403289,0.00262599036474256,0.0149833243447231,0.029250907799917,0.0382138168730237,0.00203388959193394,0.501031962466097,0.498968037533903,0,0,0,34.5650422192601,static_fit_scored_candidate
2,3,92,111,20,20,240398,240398,0.0265074739668581,0.0278862147621762,0.00137874079531816,14.0186510183829,0.0336759081886382,0.0544425956738769,8.55871836086611e-05,0.0130571406944537,0.0283439738095499,0.0360136906953532,0.00474574238117902,0.501065138658803,0.498934861341197,0,0,0,27.5413180827754,static_fit_scored_candidate
2,3,93,112,20,20,240431,240431,0.0264218867832494,0.0278548042887409,0.00143291750549147,14.0211487231756,0.033470080694005,0.0545684434684235,8.55871836086611e-05,0.0126627165804085,0.0287303083495532,0.037083643762345,0.00610580828911142,0.501081432961328,0.498918567038672,0,0,0,27.4300087981461,static_fit_scored_candidate
2,3,94,113,20,20,240544,240544,0.0298698708377984,0.0302372187733096,0.000367347935511152,14.0271448830054,0.0327426276624819,0.0537115870693096,0.00204533544897771,0.0106297457925851,0.0262707124119865,0.0316927795232312,0.00678653350304165,0.501174825435436,0.498825174564564,0,0,1,6.8387365631197,static_fit_scored_candidate
2,3,95,114,20,20,240505,240505,0.0319152062867761,0.0316937664285462,0.000221439858229922,14.0249552661896,0.0328734751645092,0.0534368919121193,0.00204533544897771,0.0151569203680333,0.025375495299989,0.028838027488887,0.00746265457558059,0.501207898073909,0.498792101926091,0,0,1,6.90355095254906,static_fit_scored_candidate
2,3,96,115,20,20,240530,240530,0.0342772797772573,0.0316937664285462,0.00258351334871108,14.0266651698363,0.0309467848390098,0.0536976369048609,0.00155786602635456,0.0132838670117322,0.0231529618313336,0.0254076026762793,0.00746265457558059,0.501196625827064,0.498803374172936,0,0,1,4.38080748995243,static_fit_scored_candidate
2,3,97,116,20,20,240565,240565,0.0358351458036118,0.0356227188962966,0.000212426907315259,14.0285627853938,0.0299837532557021,0.0538226197998071,0.00112377495338605,0.0108734371079535,0.0205045460402526,0.0214834396005906,0.00678653350304165,0.501209505026502,0.498790494973498,0,0,1,2.55498648258078,static_fit_scored_candidate
2,3,98,117,20,20,240457,240457,0.0369589207569979,0.0384844259979533,0.00152550524095535,14.0222034620008,0.0291151538086405,0.0532645762288946,0.00112377495338605,0.0108652255523079,0.0174420239556743,0.0151605433049218,0.00610995342291761,0.501229661478188,0.498770338521812,0,0,1,2.39908395950708,static_fit_scored_candidate
2,3,99,118,20,20,240323,240323,0.0390012868795528,0.0399610562500208,0.000959769370468058,14.0143618933896,0.0290518375011429,0.0527454602952681,0.00187526144001531,0.0104914504091037,0.0166842590038185,0.0110239156478223,0.00611410418867478,0.500974883457278,0.499025116542722,0,0,1,4.61089584112048,static_fit_scored_candidate
2,3,100,119,20,20,240230,240230,0.0408765483195681,0.0427186892949611,0.00184214097539308,14.0091552187769,0.0285157563360559,0.0524992507242998,0.00187526144001531,0.0094897462959368,0.0150919790132187,0.0104646721690728,0.00543660594410928,0.500909077942009,0.499090922057991,0,0,1,4.60290751375691,static_fit_scored_candidate
2,3,101,120,20,20,240129,240129,0.0431717064719848,0.0444848309896705,0.00131312451768571,14.0029026525684,0.0270199395101875,0.0521213332667033,0.000915302612368919,0.0100327977767974,0.0146921572331363,0.00571163176466366,0.00339903366548308,0.50083828261134,0.49916171738866,0,0,1,1.74289415461625,static_fit_scored_candidate
2,3,102,121,20,20,240053,240053,0.0440870090843537,0.0445375267323147,0.000450517647960995,13.9988031760696,0.0266176188226422,0.0518379044889526,0.000915302612368919,0.00844566260278058,0.0155431768618334,0.00556079441701811,0.00204080755400611,0.500678899391119,0.499321100608881,0,0,1,1.7336213442469,static_fit_scored_candidate
2,3,103,122,20,20,240112,240112,0.0454547887019524,0.0451468997977656,0.000307888904186843,14.0020263358206,0.0269178369107872,0.0523588991803825,6.42870485048769e-05,0.00966451090565626,0.0150167891488501,0.00810579644078267,0,0.5006876125326,0.4993123874674,0,0,1,0.256253709191597,static_fit_scored_candidate
2,3,104,123,20,20,240086,240086,0.0453905016534476,0.0445375267323147,0.00085297492113285,14.0006060219325,0.0270265664530384,0.051947619206291,6.42870485048769e-05,0.0113019912027014,0.0147046793160648,0.00752172649495131,0.00204080755400611,0.500594430999988,0.499405569000012,0,0,1,0.24263061240743,static_fit_scored_candidate
2,3,105,124,20,20,240150,240150,0.0458827837497271,0.0445375267323147,0.00134525701741235,14.0045745836782,0.0272058481332652,0.0515340284486492,0.000492282096279502,0.0103470976396698,0.0141321575529789,0.00656823869422669,0.00339903366548308,0.500615691668273,0.499384308331727,0,0,1,0.469698449233836,static_fit_scored_candidate
2,3,106,125,20,20,240156,240156,0.0468584257868763,0.0445375267323147,0.00232089905456161,14.0047018516874,0.0273491592737885,0.0515498259464681,0.000746157744359988,0.00966049238277382,0.015327346891872,0.00425251568767971,0.0047554143689694,0.500595510244553,0.499404489755447,0,0,1,1.2237271302627,static_fit_scored_candidate
2,3,107,126,20,20,240208,240208,0.0476045835312363,0.0451468997977656,0.00245768373347071,14.0077892214321,0.0278270556788146,0.0517384933058016,0.000199836091663436,0.0103985750383463,0.0164173648160693,0.00441370111534296,0.00678653350304165,0.500696045043669,0.499303954956331,0,0,1,0.236774295870592,static_fit_scored_candidate
2,3,108,127,20,20,240226,240226,0.0470582618785398,0.0451468997977656,0.00191136208077416,14.0090883637019,0.0278478416037586,0.0518340909469337,0.000452438817145101,0.0113750071021804,0.0168887460462509,0.00613627906876122,0.00746265457558059,0.500569612706942,0.499430387293058,0,0,1,0.362999052500637,static_fit_scored_candidate
2,3,109,128,20,20,240145,240145,0.0466058230613947,0.0451468997977656,0.00145892326362906,14.004136921563,0.0276771817092606,0.0515182304245715,0.000452438817145101,0.010510041728529,0.0158259846114967,0.00271434376369381,0.00814384020364929,0.500504801717935,0.499495198282065,0,0,1,0.352635158745937,static_fit_scored_candidate
2,3,110,129,20,20,240250,240250,0.0476535839536744,0.0457212266618209,0.00193235729185351,14.0103874121838,0.0282111665973213,0.0522284934152473,0.00104776089227972,0.0112179578673341,0.0148293185965972,0.000812996097307617,0.00814384020364929,0.500571600983575,0.499428399016425,0,0,1,2.14319994035331,static_fit_scored_candidate
2,3,111,130,20,20,240181,240181,0.0489981636364477,0.0457212266618209,0.00327693697462683,14.0065669690006,0.0289603917677251,0.0516270859008094,0.00110001441300375,0.0113315053132427,0.0145833924690387,0.000286929937976542,0.00746265457558059,0.500490453451821,0.499509546548179,0,0,1,2.49982608394686,static_fit_scored_candidate
2,3,112,131,20,20,240147,240147,0.0500981780494514,0.0457212266618209,0.00437695138763058,14.0041884056922,0.0288306185023335,0.0514849176341256,0.00110001441300375,0.00894924775107224,0.0145922243898451,0.000429405110012902,0.00746265457558059,0.500361205642353,0.499638794357647,0,0,1,2.88724881429971,static_fit_scored_candidate
2,3,113,132,20,20,240140,240140,0.0515453886835976,0.0462328040339191,0.00531258464967847,14.0038673281002,0.0292104487132964,0.0514366619471975,0.000218576120121924,0.00966783345016553,0.0124318472521785,0.000103168755919064,0.00610580828911142,0.500306448530749,0.499693551469251,0,0,1,1.17585551983287,static_fit_scored_candidate
2,3,114,133,20,20,240215,240215,0.0513268125634757,0.0466480219076196,0.00467879065585607,14.0080829156048,0.0293932644381727,0.0460418956272688,0.000218576120121924,0.0096836345710688,0.0109209669230758,0.00112666716719968,0.00406915855373923,0.500174494724704,0.499825505275296,0,0,1,0.768639943361031,static_fit_scored_candidate
2,3,115,134,20,20,240201,240201,0.0504835398728054,0.0466480219076196,0.00383551796518584,14.007914814136,0.0303488060606239,0.0463605934955288,0.000843272690670221,0.0125436752638052,0.0103445380766291,0.000541809225817612,0.00135638618457966,0.499993127327188,0.500006872672812,0,0,1,2.10228176106298,static_fit_scored_candidate
2,3,116,135,20,20,240229,240229,0.0522535720098644,0.0473515905237755,0.00490198148608884,14.008660269301,0.0302470112554326,0.0461054314162976,0.00177003213705894,0.0109092821965759,0.00944615123349842,0.00425109503825651,0.00135638618457966,0.499983683491928,0.500016316508072,0,0,1,5.16560411594848,static_fit_scored_candidate
2,3,117,136,20,20,240225,240225,0.0540844777345282,0.0481322796500372,0.00595219808449102,14.0087582058277,0.0303665558315443,0.0461228499592054,0.00158003541442722,0.0097150580392085,0.00989437996023047,0.00450668317494124,0.00406640074884138,0.499967401759411,0.500032598240589,0,0,1,5.04453888203006,static_fit_scored_candidate
2,3,118,137,20,20,240225,240225,0.0556645131489554,0.050444898052255,0.00521961509670035,14.0090841317585,0.030616070960487,0.0461061991108447,0.000146977540991189,0.0101598565453955,0.0110549715303017,0.00743957824013543,0.00542186766512122,0.499938729997385,0.500061270002615,0,0,1,1.4567085269933,static_fit_scored_candidate
2,3,119,138,20,20,240309,240309,0.0555175356079642,0.050444898052255,0.00507263755570916,14.0136379004851,0.0305209319669225,0.0464396284829721,2.61535918284483e-05,0.0111308613756094,0.0124798710884007,0.0108032499303928,0.00474252712232783,0.499939673002698,0.500060326997302,0,0,1,1.36251208176932,static_fit_scored_candidate
2,3,120,139,20,20,240487,240487,0.0556383595571269,0.050444898052255,0.0051934615048719,14.0238631924471,0.0308410202844948,0.0468214630251821,0.0148722612534617,0.0113646386857064,0.0114933084431736,0.0108110669882955,0.00406364667952411,0.50020431376074,0.49979568623926,0,0,0,69.4956277522403,static_fit_scored_candidate
2,4,1,20,20,20,241095,241095,-0.0205483837245988,-0.0200443899957108,0.000503993728887975,14.0589712155976,0.0330286639274647,0.0343763480107509,0.0297307426793761,0.0118357630642792,0.0224203500990934,0.0129354045020779,0.00603214603459312,0.500956909780688,0.499043090219312,0,0,0,78.4558799465858,static_fit_scored_candidate
2,4,2,21,20,20,241010,241010,-0.0180689784190129,-0.0189941111031872,0.000925132684174306,14.0539028253314,0.0324065216366094,0.0343717325278409,0.00247940530558586,0.0105259323192181,0.0208318131001493,0.00960499866647476,0.00603214603459312,0.500833424219062,0.499166575780938,0,0,1,3.18874431993812,static_fit_scored_candidate
2,4,3,22,20,20,240977,240977,-0.015061523346652,-0.0174362133692975,0.00237469002264553,14.0518745958335,0.0335309953940241,0.0342103079093701,0.000719901748730423,0.010550655309754,0.020396997286287,0.0120003452702754,0.0046916691380169,0.500805790561876,0.499194209438124,0,0,1,0.434794957897988,static_fit_scored_candidate
2,4,4,23,20,20,240933,240933,-0.0143416215979215,-0.0174362133692975,0.00309459177137595,14.0492351499485,0.0325907758943893,0.0340671381611714,0.000719901748730423,0.0108278923662571,0.0186841313143254,0.00360240918745944,0.00335119224144068,0.500667892728437,0.499332107271563,0,0,1,0.315656553052293,static_fit_scored_candidate
2,4,5,24,20,20,240889,240889,-0.0131785435542885,-0.0154495721566097,0.00227102860232119,14.0466746551123,0.0322485987342131,0.0338741012569948,0.00116307804363298,0.0103055242253001,0.016821042278619,0.00503763508235736,0.00201071534486445,0.500783866952584,0.499216133047416,0,0,1,0.739042453647191,static_fit_scored_candidate
2,4,6,25,20,20,240825,240825,-0.0110812794345322,-0.0138030467073044,0.00272176727277222,14.0434854808316,0.0317397268592621,0.0333183849054097,0.00209726411975636,0.0110035335949822,0.0171058569208961,0.00635271820214105,0,0.50075268273102,0.49924731726898,0,0,1,2.54988291556253,static_fit_scored_candidate
2,4,7,26,20,20,240859,240859,-0.00830725328567749,-0.012887099335168,0.00457984604949052,14.0448911616,0.0324194336857544,0.0337457444158432,0.000982033841646057,0.0103845412971636,0.0190127234202739,0.0109293118568042,0.00134002782749022,0.500804301599972,0.499195698400028,0,0,1,1.13999141472986,static_fit_scored_candidate
2,4,8,27,20,20,240623,240623,-0.00732521944403143,-0.012887099335168,0.00556187989113658,14.0312722777495,0.0328888972248983,0.0344437795066161,0.000982033841646057,0.00941660597136091,0.019555794269844,0.0154383479293294,0.00268005565498056,0.500841696314963,0.499158303685037,0,0,1,1.62442293344218,static_fit_scored_candidate
2,4,9,28,20,20,240567,240567,-0.00627282793046604,-0.010283144017134,0.00401031608666799,14.0281196106352,0.0334228757659535,0.0342190149978384,0.00105239151356539,0.0117438710632659,0.0204564665038348,0.0171885645578282,0.00402277880023898,0.500839339841652,0.499160660158348,0,0,1,1.44343786122734,static_fit_scored_candidate
2,4,10,29,20,20,240588,240588,-0.00485019598200335,-0.010283144017134,0.00543294803513067,14.0290572481364,0.0335940517821694,0.0342826741150847,0.000320586359320251,0.0137441122149393,0.0223096621244746,0.0211849103476482,0.0046916691380169,0.500857273450363,0.499142726549637,0,0,1,1.42990535969479,static_fit_scored_candidate
2,4,11,30,20,20,240605,240605,-0.0045296096226831,-0.010283144017134,0.00575353439445092,14.0300187906214,0.0339559629850739,0.0343463226492885,0.000320586359320251,0.0161036224917125,0.0238627068682329,0.026327897600398,0.00536370506698584,0.500926930587439,0.499073069412561,0,0,1,1.66261167442629,static_fit_scored_candidate
2,4,12,31,20,20,240578,240578,-0.00212601982276576,-0.00599178537514701,0.00386576555238125,14.0290153115228,0.0337725172009284,0.0342671876298944,0.00240358979991734,0.0125672467442939,0.0245875260511198,0.0271731176395949,0.00603214603459312,0.500998680205779,0.499001319794221,0,0,1,4.00395944833693,static_fit_scored_candidate
2,4,13,32,20,20,240171,240171,0.00138485462779196,-0.00166139687548032,0.00304625150327228,14.0051241926664,0.0346084340874769,0.0514464633679197,0.00266603223312591,0.0132153125176426,0.0235521632567987,0.0229759010089025,0.00536011130996124,0.500403992184093,0.499596007815907,0,0,1,4.66622791871015,static_fit_scored_candidate
2,4,14,33,20,20,240058,240058,0.00405088686091787,0.00075244161383481,0.00329844524708306,13.9984070371489,0.0344017591984658,0.0507039906689994,0.00266603223312591,0.0107470287316278,0.0274905267382467,0.0325927453941534,0.00468852670715194,0.50037658395046,0.49962341604954,0,0,1,4.62484817333015,static_fit_scored_candidate
2,4,15,34,20,20,240139,240139,0.00749172486929653,0.0071416904314625,0.000350034437834027,14.0033575337823,0.0345252807121833,0.0510202381943866,0.00235453138640478,0.0118675194734832,0.0279792840193497,0.0361569276370984,0.00334894764796571,0.500426423187087,0.499573576812913,0,0,0,28.8373966116431,static_fit_scored_candidate
2,4,16,35,20,20,240107,240107,0.00984625625570131,0.0133353323980346,0.00348907614233326,14.0017100329861,0.0334658328669099,0.0509104236426941,0.00235453138640478,0.0110956338637621,0.0264880528815428,0.0343485686929495,0.00133913059136181,0.50043230665674,0.49956769334326,0,0,1,3.79580281612943,static_fit_scored_candidate
2,4,17,36,20,20,240123,240123,0.0126871921491081,0.0144689169208647,0.00178172477175663,14.0025189572132,0.0324737760857024,0.0512735086871783,0.00284093589340678,0.0111845168270756,0.0227431141165889,0.0271940760648712,0,0.500415258329572,0.499584741670428,0,0,1,4.01818646629874,static_fit_scored_candidate
2,4,18,37,20,20,240080,240080,0.0159148748380649,0.0164827494544042,0.000567874616339299,14.0000674088219,0.032868299980728,0.0508163945351549,0.00322768268895685,0.0128507132138135,0.0224675038424451,0.0241945179674104,0.00200936858877898,0.500392377839172,0.499607622160828,0,0,1,4.83873668554619,static_fit_scored_candidate
2,4,19,38,20,20,240096,240096,0.0197197650735682,0.0196072825358796,0.000112482537688627,14.000805222332,0.0341062657605792,0.0508629881380781,0.00176904374630786,0.0146421362996259,0.0227762703088791,0.0259308916489587,0.00335119224144068,0.500425969697781,0.499574030302219,0,0,1,2.60419428736628,static_fit_scored_candidate
2,4,20,39,20,20,239988,239988,0.021488808819876,0.0220613549054104,0.000572546085534385,13.9945559153379,0.0340265205000332,0.0527276363818191,0.00176904374630786,0.0167855569336236,0.0232881066356044,0.0256647961001146,0.0046916691380169,0.500255279693574,0.499744720306426,0,0,1,2.70079592473346,static_fit_scored_candidate
2,4,21,40,20,20,240007,240007,0.0261988522527155,0.0235822037730424,0.00261664847967305,13.9957656583742,0.0340593170889971,0.0528815706143129,0.00145735038250164,0.0174245618787704,0.0239666071653492,0.0238005358074337,0.0046916691380169,0.500355635241971,0.499644364758029,0,0,1,2.21168370256191,static_fit_scored_candidate
2,4,22,41,20,20,240040,240040,0.0276562026352171,0.0269539234207539,0.000702279214463211,13.9974070016862,0.033483408572493,0.0529911681386436,7.38294230686748e-05,0.0159350631787927,0.0262805190989153,0.0240372867191052,0.00468852670715194,0.500386734672182,0.499613265327818,0,0,1,0.675874579350048,static_fit_scored_candidate
2,4,23,42,20,20,239989,239989,0.0262726816757842,0.0269539234207539,0.000681241744969759,13.9948991168306,0.0335307012539728,0.0535145067940048,0.00138352095943297,0.0153143388776758,0.0262381138970878,0.0216380910023111,0.00468852670715194,0.500336787650384,0.499663212349616,0,0,1,1.8701614112184,static_fit_scored_candidate
2,4,24,43,20,20,240005,240005,0.0304291764231902,0.0295947108447216,0.000834465578468582,13.9953859076089,0.0312948036693549,0.0537482083930536,0.000644711139538196,0.0161034910054371,0.0260303551058351,0.017809202048803,0.00468852670715194,0.500365372689791,0.499634627310209,0,0,1,0.310409192480006,static_fit_scored_candidate
2,4,25,44,20,20,239996,239996,0.0310738875627284,0.0305304670752919,0.000543420487436479,13.9952848306572,0.0304291197554022,0.0532756659458243,0.000644711139538196,0.0164738800708823,0.0240899320045201,0.0135384197094961,0.00267826118272349,0.500280560697134,0.499719439302866,0,0,1,0.27924090298618,static_fit_scored_candidate
2,4,26,45,20,20,240023,240023,0.0346215728286899,0.0312723590180918,0.00334921381059806,13.9963502298726,0.0304415353593892,0.0531946805319468,0.000997405620432344,0.016651475421987,0.0256036721169674,0.0185603577564188,0.00133913059136181,0.500295191744259,0.499704808255741,0,0,1,1.00453876580719,static_fit_scored_candidate
2,4,27,46,20,20,239965,239965,0.0336241672082575,0.0312723590180918,0.00235180819016572,13.9935529345708,0.0307111379280788,0.0529197764692645,0.000184966452797135,0.017370570106434,0.0250866223427048,0.0181064236415673,0.00066978952959336,0.500386727312065,0.499613272687935,0,0,1,0.256317991217417,static_fit_scored_candidate
2,4,28,47,20,20,239978,239978,0.034806539281487,0.0307411796292918,0.00406535965219527,13.9938815778301,0.0303837557604171,0.0535046816596452,0.00118237207322948,0.0154549848800499,0.0217989154558575,0.0131805966008299,0.00134002782749022,0.500473561875198,0.499526438124802,0,0,1,1.59690371155896,static_fit_scored_candidate
2,4,29,48,20,20,240038,240038,0.0364661444692063,0.0318613043976979,0.00460484007150841,13.9976553313404,0.0306626535375057,0.053624395934011,0.00165960518771928,0.0133905401465676,0.0192761473221125,0.0083365501520994,0.00335119224144068,0.500308787016438,0.499691212983562,0,0,1,2.65580644721621,static_fit_scored_candidate
2,4,30,49,20,20,240032,240032,0.0381384997222268,0.0351215807772698,0.00301691894495694,13.9971007534008,0.0310424654049949,0.0543427542994267,0.00107755564322998,0.0102930753812055,0.0189768713502235,0.00379980578720392,0.00402277880023898,0.500295024004034,0.499704975995966,0,0,1,1.12289484116537,static_fit_scored_candidate
2,4,31,50,20,20,240074,240074,0.0392160553654567,0.0388632824702414,0.000352772895215354,13.9998690401831,0.0310114905209124,0.054699345207351,0.00107755564322998,0.0092152421028292,0.0184422039929702,0.00173378414905433,0.0046916691380169,0.500196583227987,0.499803416772013,0,0,1,0.957055126902968,static_fit_scored_candidate
2,4,32,51,20,20,240145,240145,0.0408386423058,0.0388632824702414,0.00197535983555858,14.0039531130394,0.0308768721680918,0.0549494478404984,0.000445348563229912,0.00829102260474435,0.0170546715089711,0.000407745807479896,0.00402008348247139,0.500129352170011,0.499870647829989,0,0,1,0.393998580133378,static_fit_scored_candidate
2,4,33,52,20,20,240119,240119,0.04039329374257,0.0388632824702414,0.00153001127232866,14.0026329727414,0.0310443533771137,0.054855905380643,0.000176073336640686,0.0092152421028292,0.0173875942873365,0.00309226846653114,0.00402008348247139,0.500085344664939,0.499914655335061,0,0,1,0.388161278753552,static_fit_scored_candidate
2,4,34,53,20,20,240113,240113,0.0410147156424406,0.0388632824702414,0.00215143317219926,14.0020525337743,0.0310115510927734,0.0548235019740459,0.000120222173276362,0.0092152421028292,0.0178385079371683,0.00142742408555405,0.00468852670715194,0.500102871941895,0.499897128058105,0,0,1,0.386419082894858,static_fit_scored_candidate
2,4,35,54,20,20,240090,240090,0.041134937815717,0.0388632824702414,0.00227165534547562,14.0007990428876,0.031096315999662,0.0544624560585109,0.000120222173276362,0.00932977888912963,0.0165957711934587,0.00043422127486567,0.00267826118272349,0.500214504939524,0.499785495060476,0,0,1,0.362732328778239,static_fit_scored_candidate
2,4,36,55,20,20,240202,240202,0.0415537293462824,0.0388632824702414,0.00269044687604104,14.0071489038217,0.0311821215242086,0.0509733393282377,1.75109825486866e-05,0.00871446158026453,0.0177806341710247,0.00733536703617805,0.00200802363557331,0.500666189409539,0.499333810590461,0,0,1,0.214804689567298,static_fit_scored_candidate
2,4,37,56,20,20,240218,240218,0.0415712403288311,0.0373949748409693,0.0041762654878618,14.0080988611283,0.0313908991799519,0.0510365498293231,1.75109825486866e-05,0.0102410069581235,0.0179880060170585,0.00587360806873078,0.00200802363557331,0.50063913006526,0.49936086993474,0,0,1,0.698913039620197,static_fit_scored_candidate
2,4,38,57,20,20,240262,240262,0.0403211396534077,0.0362279663295636,0.00409317332384406,14.0108657936552,0.0318805479412851,0.051210335297839,0.000938586173525269,0.0114946257145797,0.0190078824976187,0.00283575869102103,0,0.500915648580249,0.499084351419751,0,0,1,1.0091413381997,static_fit_scored_candidate
2,4,39,58,20,20,240305,240305,0.0393825534798824,0.0362279663295636,0.00315458715031879,14.0133741982368,0.0317784546901342,0.0513840571266874,0.000482401131715285,0.0102013379835643,0.0200883094491396,0.00110343019461975,0.00133913059136181,0.501061235448003,0.498938764551997,0,0,1,0.393348776586768,static_fit_scored_candidate
2,4,40,59,20,20,240396,240396,0.0389001523481671,0.0362279663295636,0.00267218601860351,14.0188586155213,0.0323758367616128,0.0517313100051582,0.000237519358188915,0.00818494363589507,0.0218233872935536,0.00145147131130959,0.00200936858877898,0.501187904616915,0.498812095383085,0,0,1,0.283968359507766,static_fit_scored_candidate
2,4,41,60,20,20,240385,240385,0.0391376717063561,0.0362279663295636,0.00290970537679242,14.017967373366,0.032558149927881,0.051549994176082,9.857205496034e-05,0.00760411222783475,0.0227058568533471,0.000176104796244463,0.00334894764796571,0.501346772457856,0.498653227542144,0,0,1,0.413839940589858,static_fit_scored_candidate
2,4,42,61,20,20,240417,240417,0.0390390996513957,0.0370577744000472,0.00198132525134855,14.0198944774159,0.0326315121799845,0.0518426087679894,9.857205496034e-05,0.00663506082566837,0.0224232231611493,0.00075033190098437,0.0046916691380169,0.501423365996049,0.498576634003951,0,0,1,0.304464260016316,static_fit_scored_candidate
2,4,43,62,20,20,240374,240374,0.0394191672458108,0.0376664238903133,0.00175274335549751,14.0175695356207,0.0323792232211232,0.0516524112224182,0.000135993965311026,0.00819479248903595,0.0210187241899476,0.00183019935234179,0.0046916691380169,0.501782027624752,0.498217972375248,0,0,1,0.202430348535088,static_fit_scored_candidate
2,4,44,63,20,20,240306,240306,0.0391750936167067,0.0376664238903133,0.0015086697263934,14.0136810362613,0.032031321649818,0.0514007024318791,0.000244073629104107,0.00717602284896535,0.0193747203903346,0.00370133070609946,0.00670463133373172,0.502068836941008,0.497931163058992,0,0,1,0.162226740357756,static_fit_scored_candidate
2,4,45,64,20,20,240230,240230,0.0388912692700184,0.0370577744000472,0.00183349486997127,14.0089445120104,0.0318793540465751,0.050950747610643,0.000283824346688312,0.00670416346730322,0.0169822108628612,0.00228943451641513,0.00536370506698584,0.502133782068398,0.497866217931602,0,0,1,0.13259169811494,static_fit_scored_candidate
2,4,46,65,20,20,240374,240374,0.0378014266039873,0.0362279663295636,0.0015734602744237,14.017334249317,0.0313560018583031,0.0461277332179585,0.000346369220440068,0.00614846602634671,0.0144451701614185,0.0016901905475283,0.00536370506698584,0.501679739576355,0.498320260423645,0,0,1,0.019176321357427,static_fit_scored_candidate
2,4,47,66,20,20,240374,240374,0.0385449000495784,0.0370577744000472,0.0014871256495312,14.0173191348526,0.030989899091503,0.0461110926215596,0.000106899392290888,0.0057595713650047,0.012230345300217,0.000633741174768561,0.0046916691380169,0.501687266882103,0.498312733117897,0,0,1,0.0195976937935735,static_fit_scored_candidate
2,4,48,67,20,20,240348,240348,0.0379083259962782,0.0370577744000472,0.000850551596231063,14.0160896910414,0.0309131772866818,0.0460166092499209,0.000569909986897287,0.00484045112014987,0.00947533311096681,0.00200979942217389,0.00335343984575933,0.501624973209727,0.498375026790273,0,0,1,0.0200078948732202,static_fit_scored_candidate
2,4,49,68,20,20,240220,240220,0.0391148100364756,0.0370577744000472,0.00205703563642849,14.0086319693833,0.0307211340879824,0.0455082840729331,0.000824363866140841,0.00555094150750347,0.00796399952323373,0.00303356077520805,0.00268365182310281,0.501487070470696,0.498512929529304,0,0,1,0.135606172562648,static_fit_scored_candidate
2,4,50,69,20,20,240102,240102,0.0399391739026165,0.0370577744000472,0.00288139950256933,14.0014803121874,0.0311384795506719,0.0450304867890581,0.000641301930027253,0.00666347029576098,0.00993151418705242,0.00912309827111248,0.00201341428019041,0.501387531194582,0.498612468805418,0,0,1,0.16714979190117,static_fit_scored_candidate
2,4,51,70,20,20,240018,240018,0.0405804758326437,0.0370577744000472,0.00352270143259658,13.9966092937424,0.0313095750558826,0.0446962753103908,0.000641301930027253,0.00666347029576098,0.0114056977652875,0.00895205930577553,0.00134272676433373,0.501348509720863,0.498651490279137,0,0,1,0.374509765986309,static_fit_scored_candidate
2,4,52,71,20,20,239983,239983,0.0422284638543024,0.0387477900610807,0.00348067379322178,13.9945632800739,0.0329181759271978,0.0444652790799425,0.000368523091047422,0.00599834097865108,0.0155295531451925,0.0144908108547552,0,0.501255308382742,0.498744691617258,0,0,1,0.577044544088371,static_fit_scored_candidate
2,4,53,72,20,20,240095,240095,0.041859940763255,0.0370577744000472,0.00480216636320785,14.0012057956347,0.0332733550955252,0.0449986671997867,0.000368523091047422,0.00543772193435612,0.0161129674048113,0.0129007008231742,0,0.501238344619519,0.498761655380482,0,0,1,1.13032990445605,static_fit_scored_candidate
2,4,54,73,20,20,240187,240187,0.0433500615068743,0.039451218304914,0.00389884320196035,14.0065751710589,0.033377809443697,0.0453811181241361,0.000401109613114431,0.00667593911391475,0.0182747765343116,0.0151975312232543,0.00201612047068743,0.5010520250359,0.4989479749641,0,0,1,0.876401490662613,static_fit_scored_candidate
2,4,55,74,20,20,240253,240253,0.0429489518937599,0.039451218304914,0.00349773358884592,14.0104464022655,0.0345854928331491,0.045651305274374,0.000198243090126608,0.00663385863777489,0.0194197917322229,0.0109860586034003,0.00134362882752775,0.501099118161989,0.498900881838011,0,0,1,1.1772691028455,static_fit_scored_candidate
2,4,56,75,20,20,240218,240218,0.0431518184167477,0.039451218304914,0.00370060011183374,14.0082620922037,0.0351035271075438,0.0457913579219049,0.000202866522987823,0.00799861756966901,0.0195355484650542,0.00926609049706744,0.00268545352866794,0.500994455828072,0.499005544171928,0,0,1,1.4275319545745,static_fit_scored_candidate
2,4,57,76,20,20,240203,240203,0.0420359239833333,0.039451218304914,0.00258470567841934,14.00757281229,0.0369736672739733,0.0457277980383341,0.000522671741102307,0.0128000017088195,0.0198138566457275,5.16191872345986e-05,0.00268365182310281,0.500821390133207,0.499178609866793,0,0,1,1.73350806579015,static_fit_scored_candidate
2,4,58,77,20,20,240220,240220,0.0425585957244356,0.039451218304914,0.00310737741952165,14.0085168065135,0.0370340035172233,0.0457580551161435,0.000522671741102307,0.00859673547230483,0.0199923343044783,0.00145139861613455,0.00335343984575933,0.500601358586683,0.499398641413317,0,0,1,1.92403427619135,static_fit_scored_candidate
2,4,59,78,20,20,240289,240289,0.0408722626419365,0.0384390446629968,0.00243321797893967,14.0123986593798,0.0372708695757737,0.046060626238077,0.00168633308249911,0.00933147885002932,0.0206093010781686,0.00824791149941885,0.00402277880023898,0.500553352417657,0.499446647582343,0,0,1,3.48938561195837,static_fit_scored_candidate
2,4,60,79,20,20,240290,240290,0.0379018744329988,0.0347914321970562,0.0031104422359426,14.0122859242979,0.0372042814133226,0.0463769080951509,0.0029703882089377,0.0120699857705291,0.0222844854046854,0.0200361949649967,0.00402277880023898,0.500046067213427,0.499953932786573,0,0,1,6.04268076562782,static_fit_scored_candidate
2,4,61,80,20,20,240307,240307,0.034027890616766,0.0320889558336036,0.00193893478316236,14.0136230626424,0.0381999890013976,0.0464570467899529,0.00314087210722097,0.0169224490438106,0.0250396229796858,0.0259607167576143,0.0046916691380169,0.499847521877756,0.500152478122244,0,0,1,6.49037808072109,static_fit_scored_candidate
2,4,62,81,20,20,240257,240257,0.030887018509545,0.026754813416939,0.00413220509260602,14.0105768110691,0.0383588672532991,0.045933571963706,0.00314087210722097,0.0203328589514556,0.0322527671617809,0.0413717578289359,0.0046916691380169,0.499918682714197,0.500081317285803,0,0,0,32.0973102625299,static_fit_scored_candidate
2,4,63,82,20,20,240335,240335,0.0270851709785794,0.0182296837608525,0.00885548721772687,14.0152433952171,0.0394681484143215,0.046568137940217,0.00380184753096567,0.0200043389621273,0.0332333825195706,0.0439587207616459,0.0046916691380169,0.499468085699386,0.500531914300614,0,0,0,35.2306977552352,static_fit_scored_candidate
2,4,64,83,20,20,240436,240436,0.0230459026589988,0.0124240067893647,0.0106218958696341,14.020805843321,0.0404344094898905,0.0469646808298258,0.0035480069684267,0.0222023878995814,0.0392663414420691,0.052396862865859,0.00468852670715194,0.499269390939976,0.500730609060024,0,0,0,35.6789371971938,static_fit_scored_candidate
2,4,65,84,20,20,240478,240478,0.0194978956905721,0.00835646460152389,0.0111414310890482,14.0237271770713,0.0410099229340396,0.0468396540252828,0.00194884052270584,0.0246065107418,0.0374818674057711,0.0483998539247657,0.00468852670715194,0.499243975273223,0.500756024726777,0,0,0,33.1150579746172,static_fit_scored_candidate
2,4,66,85,20,20,240352,240352,0.0175490551678663,0.00601815978868794,0.0115308953791783,14.0162036020599,0.0414961885753468,0.051740780189056,0.00194884052270584,0.021255829053867,0.0353728911273001,0.0448003179347875,0.00334670605928808,0.499282283141086,0.500717716858914,0,0,0,33.5807900530343,static_fit_scored_candidate
2,4,67,86,20,20,240334,240334,0.0147918600261077,0.00601815978868794,0.00877370023741978,14.0152977360342,0.0415393939364207,0.0517109380201052,0.000903607337187596,0.0170316856129972,0.0308208580846131,0.0371626727378136,0.00267646911189133,0.499309792213402,0.500690207786598,0,0,0,30.7853204025347,static_fit_scored_candidate
2,4,68,87,20,20,240300,240300,0.0138882526889201,0.00601815978868794,0.00787009290023218,14.013352447146,0.0418511811316309,0.0515688722430295,0.000903607337187596,0.0152185413579798,0.0321710587633203,0.0365512612128981,0.00200668048162744,0.499338903103262,0.500661096896738,0,0,0,30.5956331558896,static_fit_scored_candidate
2,4,69,88,20,20,240428,240428,0.0110938846981314,0.00455314906952723,0.00654073562860416,14.0205005161501,0.0412500082892273,0.0520571647229108,0.00279436799078873,0.0144004389088597,0.0314234890467359,0.0337634939196911,0.00133733971883327,0.499429794619523,0.500570205380477,0,0,1,8.45801117324264,static_fit_scored_candidate
2,4,70,89,20,20,240461,240461,0.00782359494996362,0.00377146103566136,0.00405213391430226,14.0224806284855,0.0398303592174822,0.0521990817752345,0.00250914835864469,0.0137420910453121,0.0290149394729934,0.0278040164740226,0.00133733971883327,0.499562848201206,0.500437151798794,0,0,1,6.63570755303544,static_fit_scored_candidate
2,4,71,90,20,20,240469,240469,0.00531444659131893,0.00252173184031253,0.0027927147510064,14.0227875396138,0.0386345854392831,0.0522472470807412,0.0019238104751969,0.0125348051836187,0.0247799044720167,0.022484214786938,0,0.499734891703145,0.500265108296855,0,0,1,4.7323190548412,static_fit_scored_candidate
2,4,72,91,20,20,240409,240409,0.00339063611612203,0.00163569737343637,0.00175493874268566,14.0196495005159,0.0335062184778976,0.0540239255943963,0.000227145573838414,0.00934279548130963,0.0224478343233824,0.0117612944425874,0,0.499950712507051,0.500049287492949,0,0,1,0.77395619239335,static_fit_scored_candidate
2,4,73,92,20,20,240329,240329,0.00316349054228362,0.00163569737343637,0.00152779316884724,14.0148261707696,0.0337260055939408,0.0536923921908027,0.000227145573838414,0.00816815790865607,0.0214478015893454,0.00275685247791543,0,0.500105520985422,0.499894479014578,0,0,1,0.830466122643823,static_fit_scored_candidate
2,4,74,93,20,20,240302,240302,0.00201050744470897,0.00163569737343637,0.000374810071272596,14.0133689156188,0.0308727404680282,0.0536154204674079,0.00115298309757465,0.00883208686496296,0.020690855323073,0.00604949647797047,0.00133733971883327,0.500405323831539,0.499594676168461,0,0,1,1.04124857461197,static_fit_scored_candidate
2,4,75,94,20,20,240365,240365,0.000427760073965401,0.00163569737343637,0.00120793729947097,14.0166013979367,0.032850431575288,0.0519203887372695,0.00158274737074357,0.00812619952823138,0.0212183052336434,0.00127225598788997,0.00200668048162744,0.500476199310257,0.499523800689743,0,0,1,1.9092438524038,static_fit_scored_candidate
2,4,76,95,20,20,240262,240262,-0.00130837487573129,0.000166091083183261,0.00147446595891455,14.0112041176644,0.0340668544171181,0.051526654013918,0.00085908687839499,0.00832151690928159,0.0223253316301443,0.00568175746741118,0.00267646911189133,0.500564832109062,0.499435167890938,0,0,1,0.98738067373333,static_fit_scored_candidate
2,4,77,96,20,20,240218,240218,-0.00216746175412628,0.000166091083183261,0.00233355283730954,14.0082831978152,0.0347744969409065,0.0513362750811756,0.00085908687839499,0.0105366802978508,0.0227799064641281,0.0110492205182129,0.0040173917740853,0.500661271133054,0.499338728866946,0,0,1,1.22698170926921,static_fit_scored_candidate
2,4,78,97,20,20,240174,240174,-0.00523080906489567,-0.00280820681058771,0.00242260225430796,14.0056420642238,0.0340792872037664,0.0508460462327626,0.0026404715722095,0.0128000591527842,0.0219524649119374,0.0169046604021099,0.0040173917740853,0.500682262770287,0.499317737229713,0,0,1,4.2186354137936,static_fit_scored_candidate
2,4,79,98,20,20,240138,240138,-0.00787128063710516,-0.00635195377296432,0.00151932686414084,14.0039651166599,0.0339705950775688,0.051803114849671,0.00144619131345208,0.0131708125710489,0.020444316418717,0.0171458010023765,0.0040173917740853,0.500558965640483,0.499441034359517,0,0,1,2.05104527013893,static_fit_scored_candidate
2,4,80,99,20,20,240213,240213,-0.00931747195055724,-0.0107229561242602,0.00140548417370292,14.00826610736,0.0339402372998552,0.0497552203017284,0.00118761995344171,0.0115986901891656,0.0178472759435651,0.0159916326039093,0.0040173917740853,0.500689391201026,0.499310608798974,0,0,1,1.4289849869207,static_fit_scored_candidate
2,4,81,100,20,20,240241,240241,-0.010505091903999,-0.0107229561242602,0.000217864220261212,14.009693779641,0.0343569833027161,0.0501823146467758,0.00118761995344171,0.0146603986196643,0.0172563692945803,0.0174847661619742,0.00267826118272349,0.500682862834879,0.499317137165121,0,0,1,1.60628354676675,static_fit_scored_candidate
2,4,82,101,20,20,240269,240269,-0.0132702628167907,-0.0153007630716108,0.00203050025482011,14.0114479104226,0.0344655378352675,0.0499933408803356,0.000237509078506845,0.0130666092935624,0.019125651216876,0.0222024312109629,0.00267826118272349,0.500694392158426,0.499305607841574,0,0,1,0.850411955680284,static_fit_scored_candidate
2,4,83,102,20,20,240242,240242,-0.0135077718952975,-0.0176066840878389,0.00409891219254141,14.0097004254006,0.0344403494934727,0.0498826193370074,0.000237509078506845,0.0133080100680171,0.0227459464100523,0.0316739745808768,0.00200802363557331,0.500843118218505,0.499156881781495,0,0,1,1.37371871390352,static_fit_scored_candidate
2,4,84,103,20,20,240210,240210,-0.0139545275068767,-0.0182387592863367,0.00428423177945999,14.0079071618514,0.034348938174234,0.0500557840574159,0.000446755611579155,0.0136564801568969,0.0248984621943605,0.0372485834069634,0.000669341211857446,0.501006496629386,0.498993503370615,0,0,0,26.412999778198,static_fit_scored_candidate
2,4,85,104,20,20,240194,240194,-0.015235532040639,-0.0209024304812379,0.00566689844059897,14.0067694804171,0.0337450422884316,0.0500091591866642,0.00128100453376227,0.0126709601933478,0.0205739946998979,0.0281841493194411,0.000669341211857446,0.500957839352451,0.499042160647549,0,0,1,2.59532518296265,static_fit_scored_candidate
2,4,86,105,20,20,240090,240090,-0.0180994643317554,-0.0229217688604964,0.00482230452874102,14.0009442489513,0.0333714697893706,0.0496143145127701,0.00241982149287482,0.0113076806642731,0.0190190147776417,0.022747467519614,0.00200802363557331,0.501103492129414,0.498896507870586,0,0,1,4.25525973550542,static_fit_scored_candidate
2,4,87,106,20,20,240092,240092,-0.0205192858246302,-0.0265148573584968,0.00599557153386653,14.0012148343332,0.0327563685482426,0.0492644486280259,0.00180359065818028,0.00994194289994157,0.0170022495157886,0.01806697021383,0.00334894764796571,0.501104840108785,0.498895159891215,0,0,1,3.26028026449584,static_fit_scored_candidate
2,4,88,107,20,20,240113,240113,-0.0223228764828105,-0.0265148573584968,0.00419198087568625,14.0020995966951,0.0318001123579909,0.0496926485531993,0.000179909144262785,0.00868352086477561,0.0153417500401326,0.0111054641918287,0.0040173917740853,0.501178772542886,0.498821227457114,0,0,1,0.635700909014326,static_fit_scored_candidate
2,4,89,108,20,20,240057,240057,-0.0221429673385477,-0.0265148573584968,0.00437189001994904,13.9989241438222,0.0315900755829437,0.0494543030908939,7.63671406006396e-05,0.00868352086477561,0.0146174290452804,0.00565420838082442,0.0040173917740853,0.501156150744202,0.498843849255798,0,0,1,0.678247511284959,static_fit_scored_candidate
2,4,90,109,20,20,240072,240072,-0.0222193344791484,-0.0274136343603508,0.00519429988120246,14.0002278752465,0.0316246738019946,0.0495184777899963,1.32841213629428e-05,0.00813982182984113,0.0164442491651084,0.00561154216926571,0.00334894764796571,0.501201430589513,0.498798569410487,0,0,1,0.948352013881544,static_fit_scored_candidate
2,4,91,110,20,20,240080,240080,-0.0222060503577854,-0.0274136343603508,0.0052075840025654,14.0005290149578,0.0314729458700756,0.0495334888370543,1.32841213629428e-05,0.00792473762349118,0.0182828319764503,3.3543177168617e-05,0.00267826118272349,0.501182390490604,0.498817609509396,0,0,1,0.954058903840965,static_fit_scored_candidate
2,4,92,111,20,20,240104,240104,-0.0233251832813613,-0.0274136343603508,0.00408845107898951,14.0017163993716,0.0309730725142353,0.0496118348715557,0.00111913292357589,0.00773953508790669,0.0192828299873582,0.0061630948574005,0.00200936858877898,0.501152863038757,0.498847136961243,0,0,1,1.25510156293201,static_fit_scored_candidate
2,4,93,112,20,20,240088,240088,-0.0251933287840155,-0.0303651434287854,0.00517181464476992,14.0010384606073,0.0288989864412051,0.0492319482856286,0.00180912069850237,0.00609098741274996,0.0180222509058619,0.00943086315728636,0.00133913059136181,0.501030765869299,0.498969234130701,0,0,1,2.84793951243274,static_fit_scored_candidate
2,4,94,113,20,20,240390,240390,-0.0270024494825179,-0.0323269536558541,0.00532450417333621,14.0181778385467,0.0279864503933973,0.0406669107125029,0.000843964652989446,0.00599884390421149,0.0172814159966692,0.0111979013763423,0,0.500496768331785,0.499503231668215,0,0,1,1.12507290690035,static_fit_scored_candidate
2,4,95,114,20,20,240226,240226,-0.0261584848295284,-0.0314496574715159,0.00529117264198746,14.0089834865926,0.0273619282189016,0.0400286394591804,0.000388723331644174,0.00557804535802628,0.0161751017321483,0.00592092923037014,0.00133913059136181,0.500658851788012,0.499341148211988,0,0,1,0.963566729799901,static_fit_scored_candidate
2,4,96,115,20,20,240246,240246,-0.0265472081611726,-0.0314496574715159,0.00490244931034328,14.010064103762,0.0273809472268646,0.0397755652492425,0.000388723331644174,0.00647221656715963,0.0153399503861695,0.00554149094292663,0.00200802363557331,0.500781004207147,0.499218995792853,0,0,1,0.838566685959013,static_fit_scored_candidate
2,4,97,116,20,20,240299,240299,-0.0272850378892418,-0.0314496574715159,0.0041646195822741,14.0128499575633,0.0273974306589176,0.0399833541406575,0.000737829728069184,0.00789360529143207,0.0144674508064233,0.00243862807643769,0.00200802363557331,0.500839373008007,0.499160626991994,0,0,1,0.600900936737655,static_fit_scored_candidate
2,4,98,117,20,20,240225,240225,-0.0285642251888552,-0.0314496574715159,0.00288543228266069,14.0086387293502,0.0277917035365795,0.0400452903075412,0.000792285711772485,0.00897134897112413,0.0135585377817382,0.00170019324590834,0.00334670605928808,0.500929330794138,0.499070669205862,0,0,1,0.244835729856271,static_fit_scored_candidate
2,4,99,118,20,20,240251,240251,-0.0293565109006277,-0.0314496574715159,0.00209314657088821,14.0103965012472,0.0274387663321024,0.0401411850889899,0.000153388233837974,0.00844868423665712,0.0145036631672082,0.00821684630364986,0.0040173917740853,0.500849388940141,0.499150611059859,0,0,1,0.0413123728186579,static_fit_scored_candidate
2,4,100,119,20,20,240094,240094,-0.0295098991344656,-0.0314496574715159,0.00193975833705023,14.0011527074139,0.0270704968959203,0.0395175263228042,0.000130326706689339,0.0070039966908525,0.0141653293871425,0.00824157366290966,0.00402008348247139,0.500625486907086,0.499374513092914,0,0,1,0.041696716560596,static_fit_scored_candidate
2,4,101,120,20,20,240104,240104,-0.029640225841155,-0.0310587146141301,0.00141848877297515,14.0016106884098,0.0264894972714529,0.039532869090061,3.9258897762056e-05,0.00606691737744155,0.0156799368177769,0.0130042538534294,0.00536370506698584,0.500725492267284,0.499274507732716,0,0,1,0.0421328854854545,static_fit_scored_candidate
2,4,102,121,20,20,240008,240008,-0.029679484738917,-0.0310587146141301,0.00137922987521309,13.9961035442612,0.026117920872716,0.0391486950434985,3.9258897762056e-05,0.00569197922788167,0.016809549316764,0.0172425160595809,0.00536730364620575,0.500818960389902,0.499181039610098,0,0,1,0.0425680084523003,static_fit_scored_candidate
2,4,103,122,20,20,239950,239950,-0.0303371290425192,-0.0310587146141301,0.000721585571610908,13.9929280203747,0.0265667641127817,0.0387077415483097,0.000477211369950426,0.00577259420852106,0.0163392627009118,0.0157588950676642,0.00469481578406301,0.500764823425041,0.499235176574959,0,0,1,0.0429795146051493,static_fit_scored_candidate
2,4,104,123,20,20,239930,239930,-0.0308143404124696,-0.0314496574715159,0.00063531705904623,13.991641195059,0.0269064917883095,0.0386361078810158,0.000477211369950426,0.00731392380509696,0.0152750216325399,0.0137069219590341,0.00402547773465477,0.500730264608507,0.499269735391493,0,0,1,0.0433941532617309,static_fit_scored_candidate
2,4,105,124,20,20,239887,239887,-0.0317111050184696,-0.032554105829016,0.000843000810546432,13.9889842862008,0.027201357525057,0.038467791353501,0.000113310374058595,0.00748134800808689,0.0153471477358239,0.0139845325759851,0.00335569046698373,0.500812107047363,0.499187892952637,0,0,1,0.0438274161191747,static_fit_scored_candidate
2,4,106,125,20,20,239983,239983,-0.031597794644411,-0.032554105829016,0.000956311184605027,13.9945568980648,0.028161590108104,0.0388524282767673,9.37633148924422e-05,0.00748134800808689,0.0168423655437129,0.0145969809074852,0.00268365182310281,0.50062077524757,0.49937922475243,0,0,1,0.0442169710984347,static_fit_scored_candidate
2,4,107,126,20,20,240018,240018,-0.031804868333362,-0.0343048175848985,0.00249994925153645,13.9967344994251,0.028743345978572,0.0388800933255562,0.000207073688951037,0.00761008775479787,0.0170519732838352,0.012206080974187,0.00201206390745564,0.500616128641643,0.499383871358357,0,0,1,0.0678831905150222,static_fit_scored_candidate
2,4,108,127,20,20,240017,240017,-0.0338279622034738,-0.036075271876725,0.00224730967325121,13.9965849185641,0.0294545556448651,0.0392300641613199,0.00202309387011179,0.00683829975483776,0.0158184233622383,0.00741219388329838,0.000670687969152085,0.50065318423031,0.49934681576969,0,0,1,2.36168644047962,static_fit_scored_candidate
2,4,109,128,20,20,240063,240063,-0.0360366922407074,-0.0382337006281534,0.00219700838744602,13.9994368203737,0.0290194406195445,0.0394061583577713,0.00220873003723362,0.00676305094700567,0.0152503003623892,0.00399777623870599,0.00134092626674625,0.500609653532464,0.499390346467536,0,0,1,2.70301366949246,static_fit_scored_candidate
2,4,110,129,20,20,240277,240277,-0.0385154226162153,-0.0395921920097033,0.00107676939348798,14.0119331022583,0.0291398624253487,0.0402696853670717,0.000410815633034703,0.00912575564076017,0.015934930793679,0.00780908247663768,0.00201206390745564,0.500797568930408,0.499202431069592,0,0,1,0.0459259303565964,static_fit_scored_candidate
2,4,111,130,20,20,240297,240297,-0.03892623824925,-0.0395921920097033,0.000665953760453274,14.0131887839393,0.0286121713092484,0.0403495630461923,0.000410815633034703,0.00974209939315369,0.015734424945521,0.00712418511467017,0.00402547773465477,0.500798328839246,0.499201671160754,0,0,1,0.0463462200092374,static_fit_scored_candidate
2,4,112,131,20,20,240288,240288,-0.0397586680848283,-0.0403778162372314,0.000619148152403069,14.0126832522659,0.0281650545007544,0.0403016380343588,0.000832429835578311,0.00930330469854408,0.0156629071264907,0.00552537466237953,0.00536730364620575,0.500871269972436,0.499128730027564,0,0,1,0.176791090341837,static_fit_scored_candidate
2,4,113,132,20,20,240338,240338,-0.0412779663350661,-0.0418953150630289,0.000617348727962812,14.0154213482968,0.028615546172312,0.0401764167429475,0.000785439283583024,0.0110730132601493,0.0133319815662671,0.0090626472027799,0.00402547773465477,0.500752275557634,0.499247724442366,0,0,1,0.0908957906145539,static_fit_scored_candidate
2,4,114,133,20,20,239988,239988,-0.0420634056186492,-0.0434319464015128,0.00136854078286367,13.9949474964851,0.0289700307210822,0.0449522476123806,0.000785439283583024,0.0114877884548744,0.0139519306820593,0.0128561413927804,0.00402547773465477,0.501028477257031,0.49897152274297,0,0,1,0.0913601509536843,static_fit_scored_candidate
2,4,115,134,20,20,240023,240023,-0.0446685315337809,-0.0443894559119179,0.000279075621862974,13.997272364939,0.0295637444887574,0.0449121754491218,0.000612617221483688,0.010369862819172,0.0140865003962781,0.0133116592166849,0.00402547773465477,0.501301371406741,0.498698628593259,0,0,1,0.0481073790889441,static_fit_scored_candidate
2,4,116,135,20,20,240173,240173,-0.0452811487552646,-0.0443894559119179,0.000891692843346663,14.005748043656,0.0297957179381992,0.0416527879554993,0.000612617221483688,0.0125842878419655,0.0143966706018068,0.0113478238704038,0.00268365182310281,0.50132350247801,0.49867649752199,0,0,1,0.048531088127574,static_fit_scored_candidate
2,4,117,136,20,20,240209,240209,-0.0464633276258499,-0.0443894559119179,0.00207387171393199,14.0078135425856,0.0301627067616819,0.0421294523171199,0.000407274860820629,0.0148461539390532,0.0158329610211859,0.0123758800189175,0.000671138093396966,0.50122307545331,0.49877692454669,0,0,1,0.048935187870849,static_fit_scored_candidate
2,4,118,137,20,20,240182,240182,-0.0460560527650293,-0.0443894559119179,0.00166659685311136,14.0062463785639,0.0302416500355165,0.0416680544915565,0.000407274860820629,0.0127666889733795,0.0154505369447923,0.0158554298754086,0.00134272676433373,0.501110074139512,0.498889925860488,0,0,1,0.0493372757278681,static_fit_scored_candidate
2,4,119,138,20,20,240071,240071,-0.0473741829659121,-0.0461192654965335,0.00125491746937858,13.9996693510022,0.0311328157436295,0.0412043053750542,0.0013181302008828,0.0140354558937058,0.0161009690230789,0.0175713011150786,0.00335569046698373,0.501080780635912,0.498919219364089,0,0,1,1.07173673073069,static_fit_scored_candidate
2,4,120,139,20,20,240078,240078,-0.0488176547980493,-0.0496230823594346,0.000805427561385304,14.0000897246259,0.0305993489958657,0.0415528157280906,0.0297307426793761,0.0148461539390532,0.013133779742538,0.0128140877887977,0.00335569046698373,0.500977232224148,0.499022767775852,0,0,0,78.2508631270736,static_fit_scored_candidate
2,5,1,20,20,20,239799,239799,0.0373503110681617,0.03388400150529,0.00346630956287171,13.9833139422072,0.035761908580258,0.0467891859432275,0.0122168940256791,0.0169409999889844,0.0271455677328866,0.0215258647646795,0.00474252712232783,0.500472615490996,0.499527384509004,0,0,0,68.6070211617911,static_fit_scored_candidate
2,5,2,21,20,20,239729,239729,0.0340302610712918,0.031378311171005,0.00265194990028674,13.9792727418686,0.0355714400212562,0.0465148291828307,0.00121078935006953,0.0170074306842636,0.0265668023988659,0.0223442871991971,0.00610166877580156,0.50059239611884,0.49940760388116,0,0,1,5.56215140056342,static_fit_scored_candidate
2,5,3,22,20,20,239699,239699,0.0361395217180922,0.03388400150529,0.00225552021280218,13.9771921919292,0.0359277194454229,0.0464080100125156,0.000736726809739914,0.0179984884683874,0.0239185612832638,0.0194848275596414,0.00677733458140205,0.500537216701915,0.499462783298085,0,0,1,4.04077202527961,static_fit_scored_candidate
2,5,4,23,20,20,239715,239715,0.0332935342615519,0.031378311171005,0.00191522309054683,13.978469636414,0.0360791773835199,0.0464676803704399,0.00148854915068773,0.0181218801221892,0.0228871142027202,0.0181910173858356,0.00677733458140205,0.50047781775957,0.49952218224043,0,0,1,6.68852455555006,static_fit_scored_candidate
2,5,5,24,20,20,239707,239707,0.0318049851108641,0.0283127795495546,0.00349220556130955,13.9778969654512,0.036168613656813,0.0464312979487629,0.00148854915068773,0.0138094384986483,0.0196450026969452,0.0190008361669968,0.00474252712232783,0.500586011054499,0.499413988945501,0,0,1,7.08383843949477,static_fit_scored_candidate
2,5,6,25,20,20,239838,239838,0.0280235255558192,0.0268130883499081,0.0012104372059112,13.985663021118,0.0364324984512302,0.0396767818277337,0.00132630012486253,0.013584959186887,0.0196772993362811,0.0188268864823604,0.00474252712232783,0.500370058748164,0.499629941251837,0,0,1,6.30494607823053,static_fit_scored_candidate
2,5,7,26,20,20,239779,239779,0.0266972254309567,0.0255011322988986,0.00119609313205811,13.9821235496395,0.0337974124636226,0.0404494100867041,0.000763887509353221,0.0135317639011795,0.0155632944237688,0.00905299774458052,0.00270909778634986,0.500125026542682,0.499874973457318,0,0,1,3.10382333794939,static_fit_scored_candidate
2,5,8,27,20,20,239981,239981,0.0259333379216035,0.0255011322988986,0.000432205622704886,13.9940156670343,0.0332419993634964,0.0367527564567343,0.000164103753812962,0.0135317639011795,0.0149947110347558,0.0100388172204271,0.00135454889317475,0.500483284641134,0.499516715358866,0,0,1,1.62570363637305,static_fit_scored_candidate
2,5,9,28,20,20,239906,239906,0.0260974416754165,0.0268130883499081,0.000715646674491588,13.9897123305292,0.0334859119930589,0.036464129850317,0.000164103753812962,0.0135317639011795,0.0163741456402233,0.0125323447417516,0,0.500483209061683,0.499516790938317,0,0,1,1.74423297520649,static_fit_scored_candidate
2,5,10,29,20,20,239844,239844,0.0267671465940867,0.0268130883499081,4.59417558213819e-05,13.9857551679843,0.0331320822079453,0.0361860209135938,0.000669704918670206,0.0122027037441983,0.0176690060007319,0.0161636964334021,0.00271093383256055,0.500497213170109,0.499502786829891,0,0,1,2.46052085388166,static_fit_scored_candidate
2,5,11,30,20,20,239851,239851,0.0240847477516239,0.0255011322988986,0.00141638454727476,13.986347599897,0.0326166266429441,0.0362221860889795,0.00124707631373689,0.011284798748536,0.0172515689692164,0.0100272679634462,0.00406640074884138,0.500507186389189,0.499492813610811,0,0,1,4.18808184664104,static_fit_scored_candidate
2,5,12,31,20,20,239971,239971,0.022837671437887,0.0234440238494555,0.000606352411568482,13.9936621650009,0.0320199769520921,0.0367291320273531,7.0045921311164e-06,0.00868695235684557,0.0189759014352525,0.00473473624094918,0.00610166877580156,0.500449379309519,0.499550620690481,0,0,1,1.03564212663468,static_fit_scored_candidate
2,5,13,32,20,20,240020,240020,0.0228306668457559,0.0234440238494555,0.000613357003699598,13.9960972343458,0.0320082456016194,0.0370302474793767,7.0045921311164e-06,0.00933541674069095,0.0213751647171143,0.0101029166842111,0.00677733458140205,0.500354974950119,0.499645025049881,0,0,1,1.030366548454,static_fit_scored_candidate
2,5,14,33,20,20,240043,240043,0.0212346861505201,0.0210071745018873,0.000227511648632817,13.9977055250462,0.032161993441594,0.0371431904150906,0.000491030134223702,0.0093845156197005,0.0217930043434595,0.00806048995263431,0.00677733458140205,0.500322650108638,0.499677349891362,0,0,1,1.3807040974365,static_fit_scored_candidate
2,5,15,34,20,20,239946,239946,0.0207436560162964,0.0195144916363738,0.00122916437992256,13.9920314907127,0.0325393388131756,0.036595734040159,0.000491030134223702,0.011689960390344,0.0201975019877318,0.00540291326017923,0.00541819557269935,0.500346928433468,0.499653071566532,0,0,1,1.5638491250547,static_fit_scored_candidate
2,5,16,35,20,20,239941,239941,0.0191139807837251,0.0157028385250714,0.00341114225865368,13.99189675278,0.032325785746137,0.0368462509846088,0.000391857274187581,0.0157571393167028,0.0192985728281339,0.00511416374299075,0.00541819557269935,0.500382413966814,0.499617586033186,0,0,1,1.50992036303966,static_fit_scored_candidate
2,5,17,36,20,20,239953,239953,0.0195058380579126,0.0163333373265833,0.00317250073132937,13.9927019449315,0.0321626111201214,0.0366443708195287,0.000391857274187581,0.0155495832094469,0.0180941067911862,0.00145491606427873,0.00338522586944833,0.500345616830635,0.499654383169365,0,0,1,1.35171339434646,static_fit_scored_candidate
2,5,18,37,20,20,239925,239925,0.0181181214941431,0.0130142651922062,0.00510385630193687,13.9906796897891,0.0319812042655429,0.0367739918724601,0.00123898417948675,0.0142791612046078,0.0174076949476005,0.00230387424654729,0.00270726422546942,0.500450223844838,0.499549776155162,0,0,1,4.7448141032867,static_fit_scored_candidate
2,5,19,38,20,20,239816,239816,0.0168791373146563,0.0130142651922062,0.00386487212245011,13.9845144539099,0.0314001812742893,0.0360900186392124,5.23738162329715e-06,0.0127012625662657,0.016502348337577,0.00376728402261379,0.00135363211273471,0.500602885621981,0.499397114378019,0,0,1,1.21437129241639,static_fit_scored_candidate
2,5,20,39,20,20,239793,239793,0.0168738999330331,0.0130142651922062,0.00385963474082682,13.9831411273757,0.0312589752998075,0.0362437602432098,5.23738162329715e-06,0.0127397459265416,0.0158190051251102,0.000848902044863573,0,0.500627781453487,0.499372218546513,0,0,1,1.14467251891835,static_fit_scored_candidate
2,5,21,40,20,20,239900,239900,0.0171838429405358,0.0130142651922062,0.00416957774832955,13.9894940734627,0.0311230997646129,0.0364400315129991,1.31903182299213e-05,0.0128377997009728,0.0159833688509273,4.23304407507832e-05,0.00203113552166917,0.500662509651577,0.499337490348423,0,0,1,1.18269642529931,static_fit_scored_candidate
2,5,22,41,20,20,239890,239890,0.0171970332587657,0.0130142651922062,0.00418276806655947,13.9887100851315,0.0311159501418344,0.0363913761192537,1.31903182299213e-05,0.0126550916353389,0.0180283774502563,0.00425682722404531,0.00406364667952411,0.500623397987603,0.499376602012397,0,0,1,1.18404840584486,static_fit_scored_candidate
2,5,23,42,20,20,239808,239808,0.0149873460988712,0.0101458740510998,0.00484147204777148,13.9842066810721,0.0294160367853007,0.0363040432345877,0.000505465536008557,0.0098387911889258,0.0190784380206181,0.00466067614850547,0.00541819557269935,0.500656195334346,0.499343804665654,0,0,1,1.13591073049071,static_fit_scored_candidate
2,5,24,43,20,20,239809,239809,0.0144818805628627,0.0101458740510998,0.00433600651176292,13.9842419554242,0.0296076951135285,0.0360533920462364,0.000470566155207935,0.0124524536503433,0.0197752689041955,0.00555761120534036,0.00609753487156432,0.500701966883085,0.499298033116915,0,0,1,0.848237244598725,static_fit_scored_candidate
2,5,25,44,20,20,239805,239805,0.0140113144076548,0.0101458740510998,0.00386544035655498,13.9841342038454,0.0299887726960151,0.0360417839494589,0.000100425672256257,0.0111686292193779,0.0190175631106718,0.0063452059788731,0.00609753487156432,0.500660211881785,0.499339788118215,0,0,1,0.533648296553273,static_fit_scored_candidate
2,5,26,45,20,20,239721,239721,0.0145823062351189,0.0101458740510998,0.00443643218401918,13.9788294562208,0.0287497248549281,0.0408474852015468,0.000570991827464193,0.0105872621025243,0.0202047908735656,0.0123175248802684,0.00609753487156432,0.500731852211192,0.499268147788808,0,0,1,1.22640874522049,static_fit_scored_candidate
2,5,27,46,20,20,239661,239661,0.0116843406691446,0.00852599052612906,0.00315835014301557,13.9756496646438,0.0299824637479283,0.0404070749934282,0.00201783176026244,0.0098869498989698,0.0202348297746083,0.0150610913183376,0.00542186766512122,0.50065141672714,0.49934858327286,0,0,1,5.7983156642893,static_fit_scored_candidate
2,5,28,47,20,20,239448,239448,0.00966650890888219,0.00600225645248569,0.0036642524563965,13.9631681696219,0.0300182626146939,0.0507291771073469,0.00192436596304575,0.00930756436283358,0.0191928971717494,0.0155502316856405,0.00474252712232783,0.500319955488099,0.499680044511901,0,0,1,5.96519499617209,static_fit_scored_candidate
2,5,29,48,20,20,239418,239418,0.00774214294583644,0.00419209743111498,0.00355004551472146,13.9614226688734,0.0300653110486518,0.0506352905796557,0.000202030615494509,0.00915257000280983,0.0190837432806138,0.0147284066482307,0.00270909778634986,0.500282438025225,0.499717561974775,0,0,1,0.758941784414404,static_fit_scored_candidate
2,5,30,49,20,20,239444,239444,0.00794417356133095,0.00302656930212959,0.00491760425920136,13.962754828137,0.0302760780587956,0.0499655453235607,6.4656228307613e-05,0.00938065327775309,0.0195633222440502,0.0183563622926219,0.00135454889317475,0.500394989061216,0.499605010938784,0,0,1,1.2563634146867,static_fit_scored_candidate
2,5,31,50,20,20,239427,239427,0.00767748671752883,0.0020849617644315,0.00559252495309732,13.9620426893057,0.0306895560609007,0.0501196606898971,0.000266686843802122,0.00915257000280983,0.0206186761465659,0.0191957668323674,0.00067750387461849,0.500355929005054,0.499644070994946,0,0,1,1.69623925394492,static_fit_scored_candidate
2,5,32,51,20,20,239381,239381,0.00714145770066239,-6.82226528391838e-05,0.00720968035350158,13.9595321739576,0.0308865282333304,0.0499285660575983,0.000536029016866432,0.00790938534142421,0.0197100099659409,0.0173269987251274,0.00271093383256055,0.500317018089365,0.499682981910635,0,0,1,2.7435462460305,static_fit_scored_candidate
2,5,33,52,20,20,239371,239371,0.00542938958813302,-0.00102352021947658,0.0064529098076096,13.958952217366,0.0307869550130179,0.0496923211891065,0.000290657894774011,0.00780898554316371,0.0201285831313302,0.0173268672386548,0.00406640074884138,0.500310096711404,0.499689903288596,0,0,1,1.9921510738167,static_fit_scored_candidate
2,5,34,53,20,20,239448,239448,0.00572004748290703,-0.00102352021947658,0.00674356770238361,13.9632564348397,0.0309849698757549,0.0501904380074171,0.000290657894774011,0.00770870897622201,0.0202970413346222,0.0155403460697043,0.00474574238117902,0.500359986637165,0.499640013362835,0,0,1,2.2309957597,static_fit_scored_candidate
2,5,35,54,20,20,239441,239441,0.00322651136707324,-0.00140209580494355,0.00462860717201679,13.9630391169701,0.0311724818370871,0.0499787004786128,0.000749468914152259,0.00780898554316371,0.0208150193070256,0.0181141146678682,0.00474574238117902,0.50033839463669,0.49966160536331,0,0,1,2.75760272237724,static_fit_scored_candidate
2,5,36,55,20,20,239394,239394,0.00247704245292098,-0.0025462035241792,0.00502324597710018,13.9602741214905,0.0315307886449008,0.0497756836010928,0.000745564843252008,0.00946966883483611,0.019962391506541,0.0165993837133666,0.00474574238117902,0.500278416832539,0.499721583167461,0,0,1,3.03122117692986,static_fit_scored_candidate
2,5,37,56,20,20,239542,239542,0.00173147760966897,-0.0025462035241792,0.00427768113384817,13.9685567336152,0.0314436380276084,0.0479911832481715,0.000745564843252008,0.0102687919627589,0.0189341480899579,0.0099953517727283,0.00542186766512122,0.500197199295651,0.499802800704349,0,0,1,2.57745317757034,static_fit_scored_candidate
2,5,38,57,20,20,239647,239647,-0.000297972091515872,-0.00422455130109415,0.00392657920957828,13.974659796428,0.0326758442434542,0.0484082971345593,0.00183948771549984,0.011018826999305,0.0201189796900465,0.00762624120713989,0.00474252712232783,0.500210226944326,0.499789773055674,0,0,1,6.84082806262417,static_fit_scored_candidate
2,5,39,58,20,20,239546,239546,-0.00213745980701571,-0.00530454932449143,0.00316708951747572,13.9690448454821,0.0327503126670669,0.0477776803717016,0.00183948771549984,0.0134507696175816,0.0212070255923696,0.00742706098767895,0.00338522586944833,0.500229313448488,0.499770686551512,0,0,1,6.56626018676039,static_fit_scored_candidate
2,5,40,59,20,20,239628,239628,-0.00399170537981525,-0.00530454932449143,0.00131284394467618,13.9739944001828,0.0324098030381885,0.0483249036005809,0.00104892135882211,0.010439326154554,0.0229882182390178,0.00530787354729777,0.00270726422546942,0.500383947509708,0.499616052490292,0,0,1,3.50212289404225,static_fit_scored_candidate
2,5,41,60,20,20,239680,239680,-0.00504062673863737,-0.00530454932449143,0.000263922585854065,13.9769220804783,0.0322705175986937,0.0485393145918342,0.00104892135882211,0.00994285171508034,0.0223549910992223,0.00485683187115964,0.00202976128158883,0.500560826169909,0.499439173830091,0,0,1,3.45474200252589,static_fit_scored_candidate
2,5,42,61,20,20,239737,239737,-0.00619901077924707,-0.00598447889775027,0.000214531881496799,13.9801715098308,0.0322691027033763,0.0487780461251611,0.00115838404060971,0.00959352888523759,0.0227240881467482,0.0059251534447581,0.00135271657243877,0.500938228920953,0.499061771079047,0,0,1,3.85114456244777,static_fit_scored_candidate
2,5,43,62,20,20,239845,239845,-0.00767374382337033,-0.00664214084193452,0.00103160298143581,13.9866294063975,0.031954523631037,0.0492063690602759,0.00130263209581498,0.00990555257712428,0.0212421462770857,0.00366213251578676,0.000676129633279125,0.50130920705192,0.49869079294808,0,0,1,4.23234324775488,static_fit_scored_candidate
2,5,44,63,20,20,239835,239835,-0.00897637591918531,-0.00721672155061357,0.00175965436857174,13.9860803209549,0.0318614526206773,0.0491713052723748,0.000231891110868437,0.0093389431113258,0.0206048352606384,0.0075362685498337,0.000676129633279125,0.501717654644875,0.498282345355125,0,0,1,1.13041132857463,static_fit_scored_candidate
2,5,45,64,20,20,239794,239794,-0.00920826703005374,-0.00721672155061357,0.00199154547944018,13.9835969542128,0.0313815450144227,0.0487664514837612,0.00010697872946362,0.00810834191500099,0.0176830631127018,0.00310675249445295,0.000676129633279125,0.502038672066956,0.497961327933044,0,0,1,0.86145835200189,static_fit_scored_candidate
2,5,46,65,20,20,239708,239708,-0.00931524575951736,-0.00721672155061357,0.0020985242089038,13.9787216328025,0.0311385508141809,0.0486715142109808,0.00010697872946362,0.0082159047012475,0.0155656594863801,0.00339738577752313,0.000676129633279125,0.502333234019984,0.497666765980016,0,0,1,0.735575381600184,static_fit_scored_candidate
2,5,47,66,20,20,239665,239665,-0.00798698518042044,-0.00664214084193452,0.00134484433848592,13.9760174926746,0.0303659769710871,0.0482544530536119,0.000440131263422027,0.00802193092860419,0.0141536305583991,0.00489051693942751,0,0.502442867701863,0.497557132298137,0,0,1,0.424966721552331,static_fit_scored_candidate
2,5,48,67,20,20,239511,239511,-0.00887511449609534,-0.00664214084193452,0.00223297365416082,13.9671664910784,0.0302420442981872,0.047872540300863,0.000686549616454405,0.0077119671871222,0.0104806446429673,0.000399281459385956,0,0.502481618402019,0.497518381597981,0,0,1,1.17409874251584,static_fit_scored_candidate
2,5,49,68,20,20,239404,239404,-0.00956166411254974,-0.00664214084193452,0.00291952327061522,13.9609180301368,0.0298265616122342,0.0474424199894739,0.000686549616454405,0.0077119671871222,0.00831007615309371,0.000538708642844827,0.000676129633279125,0.502514163278233,0.497485836721767,0,0,1,1.12597055874977,static_fit_scored_candidate
2,5,50,69,20,20,239312,239312,-0.0111618200329539,-0.00721672155061357,0.00394509848234037,13.9554692149267,0.0288150145233375,0.0479497561770568,0.000636389553491844,0.00684445327901354,0.00894886858447458,0.00467476111798628,0.00135271657243877,0.502486073665714,0.497513926334286,0,0,1,1.342895383216,static_fit_scored_candidate
2,5,51,70,20,20,239184,239184,-0.0117982095864458,-0.00902690693878211,0.00277130264766368,13.9480435624088,0.0287885244546922,0.0474488260084287,0.000627315954781384,0.00897489022348778,0.0104964380050928,0.00699882303259999,0.00202976128158883,0.502339302975776,0.497660697024224,0,0,1,0.874834230555437,static_fit_scored_candidate
2,5,52,71,20,20,239092,239092,-0.0124255255412272,-0.00902690693878211,0.00339861860244506,13.9428195753267,0.0284831813807406,0.0470902657532184,4.10859697170234e-05,0.00871848770692447,0.0118962071843375,0.00463162203788351,0.00270726422546942,0.502229287560329,0.497770712439671,0,0,1,0.342134809061294,static_fit_scored_candidate
2,5,53,72,20,20,239095,239095,-0.0123844395715101,-0.00902690693878211,0.00335753263272804,13.9427515185139,0.0282517204724362,0.0470896749018181,4.10859697170234e-05,0.0104604952159495,0.0142637368805325,0.00414583618390402,0.00406364667952411,0.501998785991747,0.498001214008253,0,0,1,0.328812366960563,static_fit_scored_candidate
2,5,54,73,20,20,239027,239027,-0.014573153362056,-0.0116519158173948,0.00292123754466114,13.9389707623284,0.0290990082692113,0.0468271499573272,0.000811819944773529,0.00871085392910027,0.0156093485084687,0.00276535199509079,0.00542186766512122,0.501936687815926,0.498063312184074,0,0,1,1.55743682402068,static_fit_scored_candidate
2,5,55,74,20,20,239030,239030,-0.0137613334172825,-0.0111319119813891,0.00262942143589333,13.9391882577593,0.0294154406534955,0.0468140115717208,0.000350285512435451,0.00984559034063835,0.0174773386679559,0.0041020920238986,0.00610166877580156,0.501711899915402,0.498288100084598,0,0,1,0.0867186455343228,static_fit_scored_candidate
2,5,56,75,20,20,239280,239280,-0.0149234388744914,-0.0121212946974919,0.00280214417699953,13.9536271212434,0.0295418276072832,0.0478059177532598,0.00116210545720898,0.00904398358730357,0.0185620744826885,0.00659976294744351,0.00610166877580156,0.501596431777069,0.498403568222931,0,0,1,2.75072488961333,static_fit_scored_candidate
2,5,57,76,20,20,239077,239077,-0.0165282314676674,-0.0134493096250089,0.0030789218426585,13.9419488265719,0.0296549030063588,0.0477833686772991,0.000319030495611163,0.00837120907538555,0.0198838663958246,0.0117530784971038,0.0067819309228988,0.501177469440303,0.498822530559697,0,0,1,0.268321158932492,static_fit_scored_candidate
2,5,58,77,20,20,239048,239048,-0.0152424693701026,-0.0134493096250089,0.00179315974509366,13.9402906598238,0.0292350624349042,0.0476387686206594,0.000578451224560185,0.00904398358730357,0.0202511958494447,0.0132584197001398,0.0067819309228988,0.500856507335366,0.499143492664634,0,0,1,0.616533302261978,static_fit_scored_candidate
2,5,59,78,20,20,239023,239023,-0.0158209205946628,-0.0151155407881067,0.000705379806556095,13.938611125266,0.0291392197415638,0.0473172262315657,0.000578451224560185,0.00871085392910027,0.0205520653300322,0.0117857954050776,0.00542554473831951,0.500739589550572,0.499260410449428,0,0,1,0.599263864257936,static_fit_scored_candidate
2,5,60,79,20,20,239050,239050,-0.0164143852985496,-0.016153831885055,0.000260553413494607,13.9401503076586,0.0287302302313895,0.04742482807088,0.000593464703886798,0.00871085392910027,0.0197868996375032,0.00827207829559341,0.00474896200264224,0.500679358665199,0.499320641334801,0,0,1,0.651075797552149,static_fit_scored_candidate
2,5,61,80,20,20,238917,238917,-0.0175171987853494,-0.0194065851180522,0.00188938633270273,13.9324748733053,0.0284031908976503,0.0475897487411946,0.000908234227245827,0.00904398358730357,0.0181103748158624,0.00496547378874567,0.00339211571617306,0.500080740210093,0.499919259789907,0,0,1,1.74225749405589,static_fit_scored_candidate
2,5,62,81,20,20,238929,238929,-0.0184254330125953,-0.0228075199959995,0.00438208698340421,13.9330586070683,0.0279343831095143,0.0476375827128561,0.000908234227245827,0.00904398358730357,0.0187151358074165,0.00854716553888367,0.00203526942970389,0.500062589537353,0.499937410462647,0,0,1,2.39547253792846,static_fit_scored_candidate
2,5,63,82,20,20,238940,238940,-0.019387682836176,-0.0239110853553835,0.00452340251920747,13.9339742125779,0.0278895905383534,0.0476854118799201,0.000410568949819067,0.00972874445211175,0.0199120786761096,0.0119082133793399,0.000678883713657745,0.49996368990589,0.50003631009411,0,0,1,0.743556943062312,static_fit_scored_candidate
2,5,64,83,20,20,238913,238913,-0.0197982517859951,-0.0263451198690789,0.00654686808308381,13.9321741333002,0.0279343256379428,0.0473266531053015,0.000410568949819067,0.00837664379282787,0.0177594010820281,0.00936801218117875,0.0013582284669078,0.499980165418295,0.500019834581705,0,0,1,1.39703722802236,static_fit_scored_candidate
2,5,65,84,20,20,238997,238997,-0.0210331063330745,-0.0286719019365224,0.00763879560344791,13.9373925361163,0.0280649865205602,0.0476991439258906,0.000491779602345144,0.00909144349555396,0.017501543333437,0.0128154023564597,0.0027164569338156,0.499991957940364,0.500008042059636,0,0,1,2.06294213691128,static_fit_scored_candidate
2,5,66,85,20,20,239010,239010,-0.0215248859354196,-0.0286719019365224,0.00714701600110277,13.9376349151096,0.0284073276332637,0.0477218526421489,0.000491779602345144,0.00909144349555396,0.0143621108625835,0.00944214105006526,0.0027164569338156,0.499897932557818,0.500102067442182,0,0,1,1.90140387310775,static_fit_scored_candidate
2,5,67,86,20,20,239135,239135,-0.0225252289420507,-0.0286719019365224,0.00614667299447167,13.9452488995379,0.0279333869510922,0.0482361501405058,0.000249036876926043,0.00816609134983161,0.0142411375231449,0.00246673435936779,0.00475218599560261,0.499804321751255,0.500195678248745,0,0,1,1.33715149275054,static_fit_scored_candidate
2,5,68,87,20,20,239335,239335,-0.0227742658189768,-0.0265038187067139,0.00372955288773717,13.957088729204,0.0281326896970112,0.0490354604595194,2.36468220377144e-05,0.00756472054328757,0.0141210829585014,0.00588082277138264,0.0054292268024329,0.49971247255022,0.50028752744978,0,0,1,0.604396348485961,static_fit_scored_candidate
2,5,69,88,20,20,239418,239418,-0.0225488757640884,-0.0265038187067139,0.00395494294262549,13.961782446948,0.0282675352323456,0.0495827381399895,0.000225390054888329,0.00662776796197398,0.0149023668196538,0.00435388710674463,0.00542554473831951,0.499720249359802,0.500279750640198,0,0,1,0.730072832501343,static_fit_scored_candidate
2,5,70,89,20,20,239445,239445,-0.023053788188292,-0.027406292321118,0.004352504132826,13.9631228378407,0.0289214078530855,0.0494643863935351,9.23667533854651e-05,0.0075536447240291,0.0156111171061715,0.00387528348153258,0.00610166877580156,0.499774879697847,0.500225120302153,0,0,1,0.852277349703992,static_fit_scored_candidate
2,5,71,90,20,20,239585,239585,-0.0226412425174739,-0.0259062693341296,0.00326502681665574,13.9713636162542,0.0293440673500194,0.0500112694397836,0.000412545670818085,0.00723051040701516,0.0164408910256299,0.00421781154218868,0.00542186766512122,0.499761641283841,0.500238358716159,0,0,1,0.546733764618668,static_fit_scored_candidate
2,5,72,91,20,20,239703,239703,-0.0242197211277898,-0.027406292321118,0.00318657119332823,13.9782994607986,0.0295775870310364,0.0504749627664235,0.000996956597362916,0.00723051040701516,0.0183019494417075,0.00362299129609911,0.00541819557269935,0.499858334219281,0.500141665780719,0,0,1,2.56422810737156,static_fit_scored_candidate
2,5,73,92,20,20,239572,239572,-0.0252166777251527,-0.0286719019365224,0.00345522421136971,13.9706490704557,0.0298435434773551,0.0499636855418368,7.11037221175596e-05,0.00707767805061393,0.0195308371304952,0.000838435749272507,0.00541819557269935,0.499950659639663,0.500049340360337,0,0,1,0.599870045006971,static_fit_scored_candidate
2,5,74,93,20,20,239536,239536,-0.0242908248499073,-0.027406292321118,0.00311546747121067,13.9685897408961,0.0297545270633795,0.0498334293515016,0.000426799259355445,0.00629151037937219,0.0208083864471279,0.000611335613756966,0.00473931621722762,0.50014008996497,0.49985991003503,0,0,1,0.530616729840485,static_fit_scored_candidate
2,5,75,94,20,20,239624,239624,-0.0247176241092628,-0.027406292321118,0.00268866821185523,13.9735596258023,0.0296817089289846,0.0501658841940532,0.000177900059938684,0.00595156303326881,0.0208503589238238,0.00505898454316249,0.0040608963382045,0.500324837410338,0.499675162589662,0,0,1,0.363540794240391,static_fit_scored_candidate
2,5,76,95,20,20,239518,239518,-0.0245397240493241,-0.0259062693341296,0.00136654528480556,13.9677294504261,0.029995038646861,0.0534569138276553,0.000177900059938684,0.00632720153942607,0.0209111793944177,0.00471605715982672,0.00338522586944833,0.500248191998885,0.499751808001115,0,0,1,0.631943239438938,static_fit_scored_candidate
2,5,77,96,20,20,239642,239642,-0.0236387731957273,-0.0249048399428154,0.00126606674708805,13.9747375370511,0.0299928848902679,0.0536798487750529,0.000116954408343663,0.00536315726700272,0.0191232452021961,0.00312610879211762,0.00135363211273471,0.500497431535832,0.499502568464168,0,0,1,0.651756703441767,static_fit_scored_candidate
2,5,78,97,20,20,239526,239526,-0.0244227696409804,-0.0259062693341296,0.00148349969314922,13.9679313195658,0.0300949115001718,0.0532176047694196,0.000636244467113967,0.00574338574563691,0.0167755717754982,0.00606651589779206,0.000676587093863272,0.50044557670375,0.49955442329625,0,0,1,1.43192349323361,static_fit_scored_candidate
2,5,79,98,20,20,239567,239567,-0.0250590141080944,-0.0259062693341296,0.000847255226035255,13.9705589454907,0.030436277966952,0.0536590863554398,5.74147237149963e-06,0.00668530410175803,0.0157589707334888,0.000781100504509608,0.00135363211273471,0.500443020079084,0.499556979920916,0,0,1,0.865391864029256,static_fit_scored_candidate
2,5,80,99,20,20,239551,239551,-0.0250647555804659,-0.0259062693341296,0.000841513753663755,13.9695579411847,0.0304301082911438,0.0535998296827842,5.74147237149963e-06,0.00599220416724595,0.0138380138380138,0.00117396247261441,0.00202976128158883,0.500390722626922,0.499609277373078,0,0,1,0.857394743404151,static_fit_scored_candidate
2,5,81,100,20,20,239567,239567,-0.0249586048466485,-0.0255409688860522,0.00058236403940367,13.9703478222182,0.0304945558114036,0.0536465638148668,0.000106150733817405,0.00599220416724595,0.0132516676934514,0.000928679936185443,0.00202976128158883,0.50045504201294,0.49954495798706,0,0,1,0.893308166180071,static_fit_scored_candidate
2,5,82,101,20,20,239972,239972,-0.0261257994316192,-0.0255409688860522,0.000584830545567024,13.9941798767947,0.0308430768467468,0.0284782037979273,1.62257300938273e-06,0.00631573511237635,0.0137633285610879,0.001068168410409,0.00338293546931538,0.5003128383543,0.4996871616457,0,0,1,0.495144745395865,static_fit_scored_candidate
2,5,83,102,20,20,239978,239978,-0.0261241768586098,-0.0255409688860522,0.000583207972557641,13.9944072236538,0.030610148471309,0.0284774917805308,1.62257300938273e-06,0.00569683977618128,0.0126752296183653,0.00128084468455188,0.00338293546931538,0.500344491189476,0.499655508810524,0,0,1,0.382779672072537,static_fit_scored_candidate
2,5,84,103,20,20,240084,240084,-0.0259802761818149,-0.024965881685247,0.00101439449656795,14.0007116501881,0.030447262388124,0.0290898185635028,0.000143900676794855,0.00491035668033385,0.0126911924761192,0.00211632243552096,0.00338293546931538,0.500448781037191,0.499551218962809,0,0,1,0.304342619007713,static_fit_scored_candidate
2,5,85,104,20,20,240043,240043,-0.0251955622264176,-0.0248669259083368,0.00032863631808084,13.9979717610489,0.0303798775832979,0.0289113662495209,0.000444216735818376,0.00635296311354165,0.0127310120546228,0.00450467479159033,0.00270543314487754,0.50072661275943,0.49927338724057,0,0,1,0.387377041441503,static_fit_scored_candidate
2,5,86,105,20,20,240099,240099,-0.0247513454905993,-0.0248669259083368,0.000115580417737536,14.0013491872558,0.0298568664229368,0.0291711786755519,0.000444216735818376,0.00635296311354165,0.0132057538556042,0.00274967450347497,0.00202976128158883,0.50092851960316,0.49907148039684,0,0,1,0.151062220202989,static_fit_scored_candidate
2,5,87,106,20,20,240086,240086,-0.0239911178257513,-0.0240884468199755,9.7328994224273e-05,14.0005929638263,0.0298861805427774,0.0288394255439672,0.000375971201649044,0.00720853255125343,0.0124680669986575,0.00361786963725708,0.000676587093863272,0.501021121237993,0.498978878762007,0,0,1,0.0362978331795915,static_fit_scored_candidate
2,5,88,107,20,20,240109,240109,-0.0236151466241022,-0.0230081596408492,0.000606986983253059,14.0023407190469,0.0299724010182003,0.0289531551942427,0.000375971201649044,0.00720853255125343,0.0128482979954382,0.00206867374783134,0,0.500966690341916,0.499033309658084,0,0,1,0.0761652616441765,static_fit_scored_candidate
2,5,89,108,20,20,240213,240213,-0.0229203763756863,-0.0230081596408492,8.77832651628406e-05,14.0077217227612,0.0301984375351202,0.0293735637925867,0.00029249285798744,0.00796520841449417,0.0142643820503491,0.00569195482290978,0.00202976128158883,0.501033723973071,0.49896627602693,0,0,1,0.186049234080424,static_fit_scored_candidate
2,5,90,109,20,20,240294,240294,-0.0226278835176989,-0.0220445412633916,0.00058334225430727,14.0129455457757,0.0298956568705366,0.0299796917135533,0.00029249285798744,0.00749635527029547,0.014943684420906,0.00578390023266503,0.00202976128158883,0.501097540521941,0.498902459478059,0,0,1,0.0398649133287289,static_fit_scored_candidate
2,5,91,110,20,20,240309,240309,-0.0217970322608468,-0.0220445412633916,0.000247509002544794,14.0137608997557,0.0298667904374583,0.0297613102966144,0.000830851256852064,0.00717650237167754,0.0175901832106529,0.00774642275295754,0.00270543314487754,0.501026958752566,0.498973041247434,0,0,1,1.47689305955194,static_fit_scored_candidate
2,5,92,111,20,20,240278,240278,-0.0197231309843663,-0.0202203528803328,0.000497221895966519,14.0117602871144,0.029527663414486,0.0296320958881305,0.00181567596836391,0.0055867473317656,0.0198430960411053,0.0179928335302481,0.00338293546931538,0.50105175736615,0.49894824263385,0,0,1,4.84904535785668,static_fit_scored_candidate
2,5,93,112,20,20,240418,240418,-0.0179074550160024,-0.0185293496708497,0.000621894654847327,14.0201281271821,0.0292197935150327,0.0301971549787871,0.000510988426073951,0.00623514615650243,0.0205148661800587,0.0208060161190556,0.00338293546931538,0.501196772249491,0.498803227750509,0,0,1,0.382651454496638,static_fit_scored_candidate
2,5,94,113,20,20,240481,240481,-0.0184184434420763,-0.0185293496708497,0.000110906228773376,14.0236102790142,0.0289446897923197,0.0304386154588247,0.000348621419764099,0.00597688419480502,0.0194411048446174,0.0185259606450964,0.00338293546931538,0.501320653574125,0.498679346425875,0,0,1,0.0392869348239608,static_fit_scored_candidate
2,5,95,114,20,20,240462,240462,-0.0187670648618404,-0.0202438289914968,0.00147676412965642,14.0225945098491,0.0289551127714747,0.0303746090890944,0.000317974684812782,0.00583381455538517,0.0183636931895855,0.0188863126090058,0.00270543314487754,0.501349883956915,0.498650116043085,0,0,1,0.0397117797524341,static_fit_scored_candidate
2,5,96,115,20,20,240446,240446,-0.0181004687572635,-0.0198709024060254,0.00177043364876186,14.0218859645814,0.0286352042853118,0.0302768166089965,0.00066659610457688,0.00590064666099758,0.0171160756349702,0.0163861627941362,0.00270543314487754,0.501442957126823,0.498557042873177,0,0,1,0.916702797110442,static_fit_scored_candidate
2,5,97,116,20,20,240424,240424,-0.0170039567610998,-0.0198709024060254,0.00286694564492558,14.0204062794014,0.0286449253467561,0.0304628489668253,4.53752114035755e-05,0.00663805970502269,0.0172189981573567,0.0168257380615205,0.00202838889983836,0.501667863165574,0.498332136834426,0,0,1,0.183593557402332,static_fit_scored_candidate
2,5,98,117,20,20,240473,240473,-0.0170493319725034,-0.0185293496708497,0.00148001769834631,14.0231987916603,0.0280505408491259,0.0306891332191154,4.53752114035755e-05,0.00812864145741501,0.0160574713733744,0.0164552347347179,0.000676129633279125,0.501862050440092,0.498137949559908,0,0,1,0.0410542305914231,static_fit_scored_candidate
2,5,99,118,20,20,240559,240559,-0.0156756870773204,-0.0175356599957821,0.00185997291846172,14.0282496869315,0.0273988149454355,0.030728300631859,0.00103409752700139,0.00604670005661079,0.0146312730984499,0.01037283086922,0,0.5018201540509,0.4981798459491,0,0,1,2.17623222663852,static_fit_scored_candidate
2,5,100,119,20,20,240574,240574,-0.014641589550319,-0.0160147228573649,0.00137313330704596,14.029319764,0.027252768394424,0.031108672519287,0.00103409752700139,0.00681673654448283,0.0153177372690517,0.0127670190462015,0.000676129633279125,0.502107957154371,0.497892042845629,0,0,1,2.1766984432023,static_fit_scored_candidate
2,5,101,120,20,20,240488,240488,-0.0130093340788345,-0.0131482766744966,0.000138942595662054,14.0241431988316,0.0271853578484079,0.0304713748710954,0.00135033847641336,0.00776854283595335,0.0149307464302783,0.0119097878262724,0.00135180226977228,0.501961472777977,0.498038527222023,0,0,1,3.25980410947253,static_fit_scored_candidate
2,5,102,121,20,20,240042,240042,-0.0116589956024211,-0.00939231018639713,0.00226668541602401,13.9980676983184,0.0262233513291385,0.0536068387462299,0.000163669685678538,0.00948233788159734,0.014204903766053,0.00249298251633085,0.00135180226977228,0.502061533297737,0.497938466702264,0,0,1,0.606456649662515,static_fit_scored_candidate
2,5,103,122,20,20,239999,239999,-0.0114953259167426,-0.00939231018639713,0.00210301573034547,13.9957175385987,0.0262545980592062,0.0534,0.000163669685678538,0.00820290484196734,0.0137753588607723,0.000281017872370656,0.00202838889983836,0.502376344084565,0.497623655915435,0,0,1,0.588003503821102,static_fit_scored_candidate
2,5,104,123,20,20,239912,239912,-0.0101021273104244,-0.00586204691950406,0.00424008039092038,13.9907020623921,0.0267735436492213,0.0530567330657363,0.000547695937608469,0.00913687641417935,0.0137660028695871,0.00424753887193214,0.00270543314487754,0.502287975817915,0.497712024182085,0,0,1,1.62753339060615,static_fit_scored_candidate
2,5,105,124,20,20,239870,239870,-0.00955443137281597,-0.00586204691950406,0.00369238445331191,13.9882476114007,0.0269912148331052,0.0528909288742699,0.000120017352115852,0.00939501511662453,0.0143633923357837,0.00471552613808987,0.00338293546931538,0.502099843147656,0.497900156852344,0,0,1,0.960570575874542,static_fit_scored_candidate
2,5,106,125,20,20,239749,239749,-0.00943441402070012,-0.00580880161915262,0.0036256124015475,13.9809060682735,0.0274687154086976,0.0524168825156099,0.000120017352115852,0.00994781976110056,0.015738518568627,0.00550322648678277,0.0040608963382045,0.502016512085642,0.497983487914358,0,0,1,0.895332630864599,static_fit_scored_candidate
2,5,107,126,20,20,239755,239755,-0.00922019999318443,-0.00580880161915262,0.00341139837403181,13.9813007442745,0.0276072319933134,0.0521778300529286,9.366790358507e-05,0.0082748208611763,0.0156728922932053,0.00249449451041293,0.0040608963382045,0.50198968312536,0.49801031687464,0,0,1,0.80241865451964,static_fit_scored_candidate
2,5,108,127,20,20,239685,239685,-0.00934074611711505,-0.00933906488604569,1.68123106935973e-06,13.9773320315823,0.0279521134985693,0.0537330245947807,0.000120546123930618,0.00687612937916062,0.0162120409673472,0.00027830565411,0.00270726422546942,0.501899885584981,0.498100114415019,0,0,1,0.620496541828809,static_fit_scored_candidate
2,5,109,128,20,20,239581,239581,-0.00970534238825235,-0.0120644257752706,0.00235908338701829,13.9712240587299,0.0278266885632744,0.053517987503287,0.00010606436898603,0.00817418674398647,0.0160333825718097,0.00138103570996213,0.00202976128158883,0.50166678784773,0.49833321215227,0,0,1,0.601205663748128,static_fit_scored_candidate
2,5,110,129,20,20,239676,239676,-0.00944681048610108,-0.0120644257752706,0.00261761528916955,13.9769615880677,0.0276275036760994,0.0481900565763781,5.4908272938553e-06,0.00621687235366041,0.0151831700485683,0.00267654701869624,0.00135363211273471,0.502006621519387,0.497993378480613,0,0,1,0.174044924328412,static_fit_scored_candidate
2,5,111,130,20,20,239634,239634,-0.00944131965880722,-0.0120644257752706,0.00262310611646341,13.9745503813828,0.0279336574907211,0.0480232354340369,5.4908272938553e-06,0.00621687235366041,0.0150687896742813,0.0035071807442521,0.00135363211273471,0.50196190765913,0.49803809234087,0,0,1,0.161027132965584,static_fit_scored_candidate
2,5,112,131,20,20,239660,239660,-0.0095571738931273,-0.0120644257752706,0.00250725188214333,13.975825600436,0.0281299602981021,0.0481179666278619,0.000101084340076359,0.00718263537267005,0.0147608972322583,0.00128495697632171,0.00135363211273471,0.501986407786655,0.498013592213345,0,0,1,0.131470758202511,static_fit_scored_candidate
2,5,113,132,20,20,239616,239616,-0.00934023531873087,-0.0120644257752706,0.00272419045653977,13.9733363697767,0.028783124528906,0.047939202724359,0.000216938574396438,0.00732950214760193,0.0135517486682076,0.00172763419280348,0,0.501977978647058,0.498022021352942,0,0,1,0.187902268819819,static_fit_scored_candidate
2,5,114,133,20,20,239567,239567,-0.00670450645140007,-0.00933906488604569,0.00263455843464562,13.9703928132874,0.0293947520052408,0.0477234021238229,0.000889028377817702,0.00785479466489089,0.0118372686375394,0.00122590381060173,0.00135363211273471,0.501978407418218,0.498021592581782,0,0,1,1.77677252998009,static_fit_scored_candidate
2,5,115,134,20,20,239522,239522,-0.00581547807358237,-0.00672353688687732,0.000908058813294953,13.9678391615715,0.0290112927910406,0.0475444946831828,0.000315467406668658,0.00724192074785156,0.011272596976172,0.000524411096362804,0.00270726422546942,0.501886883068737,0.498113116931263,0,0,1,0.0572468345679536,static_fit_scored_candidate
2,5,116,135,20,20,239429,239429,-0.00550001066691371,-0.00672353688687732,0.00122352621996361,13.9623643147708,0.0288145774105251,0.047174539531387,0.000315467406668658,0.00724192074785156,0.0118030118030118,0.00226416420898988,0.00338522586944833,0.501747588474279,0.498252411525721,0,0,1,0.048598941886977,static_fit_scored_candidate
2,5,117,136,20,20,239350,239350,-0.00703370943374792,-0.00933906488604569,0.00230535545229777,13.9580019712056,0.0291777370168629,0.0469016344129149,0.000524750358903499,0.00732950214760193,0.0115977263726292,7.01685509430774e-05,0.00338522586944833,0.501729323872353,0.498270676127646,0,0,1,0.43993719938684,static_fit_scored_candidate
2,5,118,137,20,20,239369,239369,-0.00602476102581721,-0.00672353688687732,0.000698775861060112,13.9587762164543,0.0292132788741802,0.0469607720265697,0.000337123515700071,0.00680457344333056,0.0115786668258591,0.00156651166470409,0.00203113552166917,0.501667665135544,0.498332334864456,0,0,1,0.0494264902872333,static_fit_scored_candidate
2,5,119,138,20,20,239281,239281,-0.00669658591804785,-0.00672353688687732,2.69509688294702e-05,13.9536941519714,0.0299618327516668,0.0466017226464061,0.000671824892230641,0.007656236130487,0.0110333065317311,0.0007323341525291,0.000677045173889396,0.501459621753955,0.498540378246045,0,0,1,0.978609568186386,static_fit_scored_candidate
2,5,120,139,20,20,239207,239207,-0.0075241442824249,-0.00989349173231582,0.00236934744989092,13.949256775716,0.0301674512007819,0.0463027992374837,0.0122168940256791,0.0074858046200183,0.00965047849343582,0.000335043891662537,0,0.501323549345898,0.498676450654102,0,0,0,65.6052373080211,static_fit_scored_candidate
2,6,1,20,20,20,241710,241710,-0.0423392675120213,-0.0431799932567458,0.000840725744724498,14.094382348292,0.0305905058293665,0.0425961474813001,0.0152711206241082,0.00826197609974014,0.0198073531406865,0.0111895321134351,0.00264636670720144,0.500318511024358,0.499681488975642,0,0,0,60.683487663842,static_fit_scored_candidate
2,6,2,21,20,20,241710,241710,-0.0426009878792797,-0.0431799932567458,0.000579005377466066,14.0946037495368,0.0307114962587958,0.0426126961011452,0.000261720367258432,0.00954643074215359,0.018651101729572,0.00477271300750665,0.00463574219027548,0.500388809076542,0.499611190923458,0,0,1,0.459605396480799,static_fit_scored_candidate
2,6,3,22,20,20,241608,241608,-0.0429304042960319,-0.0431799932567458,0.000249588960713844,14.0886937017072,0.0308616893158443,0.0422171451276448,0.000329416416752222,0.0106479972316823,0.0180829140346138,0.00427322255101549,0.00529974595002214,0.500368508476696,0.499631491523304,0,0,1,0.556246967514226,static_fit_scored_candidate
2,6,4,23,20,20,241427,241427,-0.0421989316570059,-0.0427165552559766,0.000517623598970757,14.0782440127715,0.0305288509560223,0.0415030568119688,0.000276298055443373,0.00827512211739029,0.0170967086837445,0.000718201149211832,0.00662468243752771,0.500476600665349,0.499523399334651,0,0,1,0.255597441569567,static_fit_scored_candidate
2,6,5,24,20,20,241201,241201,-0.0424752297124492,-0.0427165552559766,0.000241325543527383,14.0649047132578,0.030462158507474,0.0463342233130462,0.000276298055443373,0.0090242259518726,0.0147021757527001,0.00277552964332847,0.0059641897369249,0.500515454489001,0.499484545510999,0,0,1,0.47445600313918,static_fit_scored_candidate
2,6,6,25,20,20,241109,241109,-0.0443426591487798,-0.0427165552559766,0.00162610389280315,14.0597052208683,0.0311542060607179,0.0462689538471748,1.59314355054341e-05,0.0107032414208206,0.0146444756679024,0.00466839395887095,0.00529974595002214,0.500600963456099,0.499399036543901,0,0,1,1.01126466860734,static_fit_scored_candidate
2,6,7,26,20,20,241121,241121,-0.0443585905842852,-0.0441812201708192,0.000177370413465994,14.0603798012886,0.0310845889624389,0.0463164181085251,1.59314355054341e-05,0.00956134609282592,0.0143505724543149,0.00570425438819527,0.00463574219027548,0.50064291312225,0.49935708687775,0,0,1,0.959585543232881,static_fit_scored_candidate
2,6,8,27,20,20,241162,241162,-0.0437111951565798,-0.0441812201708192,0.000470025014239435,14.0629341845657,0.0303386531534019,0.0461926323995289,0.000647395427705429,0.0101210365499356,0.014579605722326,0.0069351883812229,0.00330905300496465,0.500682696967654,0.499317303032346,0,0,1,0.725212232416938,static_fit_scored_candidate
2,6,9,28,20,20,241190,241190,-0.0428898399787568,-0.0427165552559766,0.000173284722780165,14.0647431872998,0.030635683267003,0.0463199442767588,0.000389263003173622,0.0106216686896402,0.0155325158392204,0.00734765142602228,0.00132318335360072,0.500680227959405,0.499319772040595,0,0,1,0.607733508718459,static_fit_scored_candidate
2,6,10,29,20,20,241051,241051,-0.0433219321534062,-0.0427165552559766,0.000605376897429538,14.0561193006118,0.0306101121732561,0.0538638965866286,0.000432092174649373,0.00913639302859542,0.015467205479903,0.0124393492982603,0.000661372897398511,0.500589684807032,0.499410315192968,0,0,1,1.00466328849178,static_fit_scored_candidate
2,6,11,30,20,20,241055,241055,-0.0420740165082963,-0.0393826539872049,0.00269136252109137,14.056595154787,0.0304717646568985,0.0539625647152529,0.000537119831052459,0.009059562887247,0.016795309039136,0.0129424005926821,0.00264636670720144,0.500547683955473,0.499452316044527,0,0,1,0.901768286679413,static_fit_scored_candidate
2,6,12,31,20,20,241081,241081,-0.0415368966772438,-0.0393826539872049,0.00215424269003891,14.0586016758011,0.0305392079585076,0.0538235635712034,0.000537119831052459,0.0108636926734057,0.0187126770100851,0.00511202437641096,0.00529623736095913,0.500569605270361,0.499430394729639,0,0,1,0.947533844971886,static_fit_scored_candidate
2,6,13,32,20,20,241128,241128,-0.0403880349288015,-0.0355936311062643,0.00479440382253727,14.060711868673,0.0302520119489529,0.0534322019840085,0.000677207843251905,0.00860728185861679,0.0198389216230427,0.000282623458713015,0.0059602399589262,0.500634199668645,0.499365800331355,0,0,1,1.64642231859538,static_fit_scored_candidate
2,6,14,33,20,20,241123,241123,-0.0397108270855496,-0.0355936311062643,0.00411719597928537,14.0606451052172,0.0301708183058793,0.0531510757950266,0.00064521633972605,0.00773160071129454,0.0206133194867275,0.00426952829302644,0.00728473772757584,0.500608414757946,0.499391585242054,0,0,1,1.36823588304741,static_fit_scored_candidate
2,6,15,34,20,20,241022,241022,-0.0390656107458236,-0.0338835536450582,0.00518205710076533,14.0544194509938,0.0303395593920991,0.0530569569835369,0.00064521633972605,0.00843791931761744,0.0191732281349248,0.00394326390797992,0.00728473772757584,0.500598314490387,0.499401685509613,0,0,1,1.65651233068742,static_fit_scored_candidate
2,6,16,35,20,20,241008,241008,-0.0379393989620198,-0.0338835536450582,0.00405584531696156,14.05402386419,0.0302602500959399,0.0527119431720109,0.00112621178380377,0.00924684787749519,0.0221544345140526,0.0164231645199963,0.00662029670119883,0.500637476802401,0.499362523197599,0,0,1,2.48121949082979,static_fit_scored_candidate
2,6,17,36,20,20,241175,241175,-0.0351338206793985,-0.0332861109730033,0.00184770970639512,14.0637101260708,0.0305700260085759,0.0460576508441968,0.00167756933230334,0.00934609535954709,0.0217105036668716,0.02167949693155,0.00529623736095913,0.500813606415715,0.499186393584285,0,0,1,3.27233487380781,static_fit_scored_candidate
2,6,18,37,20,20,241137,241137,-0.0334562513470951,-0.0316590974952161,0.00179715385187905,14.061262303172,0.0305500594464559,0.0461972298249979,0.00141130506167041,0.00746646917712776,0.0218246523318975,0.0263489389098822,0.00396955006080216,0.500685773416285,0.499314226583715,0,0,1,2.62632974500946,static_fit_scored_candidate
2,6,19,38,20,20,241111,241111,-0.0320449462854247,-0.0288030455427562,0.00324190074266851,14.0598741459486,0.0308208851630569,0.0461030558412688,0.00129068868557676,0.00525386134886385,0.0212914772460771,0.0273172968684078,0.00198411869219457,0.50077328113001,0.49922671886999,0,0,1,2.56582706490933,static_fit_scored_candidate
2,6,20,39,20,20,241194,241194,-0.0307542575998479,-0.0253153676558363,0.00543888994401166,14.0648610750919,0.0308913070112912,0.0461367518532646,0.000798540099460125,0.0064268822194429,0.0233461242268566,0.0340506713936042,0,0.5007883684137,0.4992116315863,0,0,1,2.04807810033913,static_fit_scored_candidate
2,6,21,40,20,20,241207,241207,-0.0299557175003878,-0.0244229310082616,0.00553278649212618,14.0657266354991,0.0310312800411088,0.0461842061623163,0.000798540099460125,0.00716078097659152,0.0228093783046813,0.0330429632087102,0.00132230852528623,0.500851669508286,0.499148330491714,0,0,1,2.18700537809684,static_fit_scored_candidate
2,6,22,41,20,20,241106,241106,-0.0285338885117423,-0.0244229310082616,0.00411095750348071,14.0599860571621,0.0305328005335915,0.0457720191781276,0.00142182898864547,0.00641548138761619,0.02128239855406,0.0268996379494282,0.00330686448699159,0.500811738821662,0.499188261178338,0,0,1,2.87594518481195,static_fit_scored_candidate
2,6,23,42,20,20,241227,241227,-0.026339414975984,-0.0234153404089793,0.00292407456700474,14.0668927589866,0.0298429726198159,0.0462467043626776,0.00117825708557089,0.00598659528791228,0.0223195599342448,0.0240791407745292,0.00396955006080216,0.500738748015041,0.499261251984959,0,0,1,2.00734770223858,static_fit_scored_candidate
2,6,24,43,20,20,241117,241117,-0.0251611578904131,-0.0218177301081375,0.00334342778227558,14.0603437112584,0.0300362285168778,0.0461181154611812,0.000131093333312061,0.00531243646890658,0.0232125066236178,0.0203825713843811,0.00595629540893632,0.500758901628097,0.499241098371903,0,0,1,0.519046808672475,static_fit_scored_candidate
2,6,25,44,20,20,241045,241045,-0.025030064557101,-0.0218177301081375,0.00321233444896352,14.0563368574211,0.0302832097423594,0.0458663834588962,0.000131093333312061,0.00552081254007364,0.0222120987421709,0.0159096880994009,0.00662029670119883,0.500741678053479,0.499258321946521,0,0,1,0.469484326124537,static_fit_scored_candidate
2,6,26,45,20,20,241014,241014,-0.0235780939249214,-0.021722745683788,0.00185534824113347,14.0542568038799,0.0282138792109212,0.045424370166296,0.000110247104237363,0.00492029439761647,0.0210445406214334,0.00921082157981993,0.00662029670119883,0.500761534427549,0.49923846557245,0,0,1,0.43307090938143,static_fit_scored_candidate
2,6,27,46,20,20,240950,240950,-0.0234678468206841,-0.021722745683788,0.0017451011368961,14.0508008536237,0.0278738905504306,0.0451708224044623,0.000110247104237363,0.00441779802139048,0.0199467112150784,0.00302172599839102,0.0059602399589262,0.500665426322015,0.499334573677985,0,0,1,0.419473147148892,static_fit_scored_candidate
2,6,28,47,20,20,241181,241181,-0.0213413925888091,-0.0209325842813968,0.00040880830741228,14.0641134493937,0.0283797676182219,0.0334018840387422,0.000401510724185827,0.00546833582214394,0.0187288991071337,0.000942644063489456,0.0059602399589262,0.500779737671923,0.499220262328077,0,0,1,0.0114692958426338,static_fit_scored_candidate
2,6,29,48,20,20,241102,241102,-0.0209398818646233,-0.0209325842813968,7.2975832264531e-06,14.059665292105,0.0281734584803118,0.0330977503483974,0.000401510724185827,0.00528554088696758,0.0177940859286576,0.00141565761964444,0.00463574219027548,0.500772440728294,0.499227559271706,0,0,1,0.0118882963988799,static_fit_scored_candidate
2,6,30,49,20,20,241059,241059,-0.0192491405183411,-0.0205301242468041,0.00128098372846296,14.0570590782709,0.0277285986598697,0.0329212644154982,0.000183638904152968,0.00538311482044976,0.0174910236815078,0.00508281371204546,0.00331124442162584,0.500759345907745,0.499240654092255,0,0,1,0.0123063692948191,static_fit_scored_candidate
2,6,31,50,20,20,240994,240994,-0.0190655016141881,-0.0205844875306467,0.00151898591645854,14.0533148804732,0.0283899335862528,0.032664442563362,0.000183638904152968,0.00508368067092951,0.0170519732838351,0.00674528003672276,0.00132405934023981,0.500796049339746,0.499203950660254,0,0,1,0.0127324099111661,static_fit_scored_candidate
2,6,32,51,20,20,240952,240952,-0.0194432708783736,-0.021722745683788,0.00227947480541439,14.0507225515601,0.028655727853139,0.0324711975829211,9.38490281765236e-05,0.0038496596814122,0.016379764963509,0.00406632366234149,0.000662248884325361,0.500848228382303,0.499151771617697,0,0,1,0.0131609266252021,static_fit_scored_candidate
2,6,33,52,20,20,240955,240955,-0.0189716525860116,-0.021722745683788,0.00275109309777633,14.0512100759198,0.0288363940653208,0.0324872590846462,0.000471618292361937,0.00461771075260219,0.0168931047136043,0.00398513931093063,0.00198674665297512,0.500784578062058,0.499215421937942,0,0,1,0.0135709106411898,static_fit_scored_candidate
2,6,34,53,20,20,241014,241014,-0.0176301114015411,-0.021722745683788,0.00409263428224681,14.0544943532969,0.0290808710681414,0.033010256580476,0.00045541273826381,0.00450573068138507,0.0169664883471587,0.00214367217370596,0.00397480946251658,0.500778416769059,0.499221583230941,0,0,1,0.268679458527535,static_fit_scored_candidate
2,6,35,54,20,20,241100,241100,-0.018085524139805,-0.022553528226686,0.00446800408688107,14.0596592863268,0.0294740859524113,0.0330651182082124,0.000241788628102077,0.00455694341698183,0.0162698380881617,0.000907509526494776,0.00529974595002214,0.500724463090198,0.499275536909802,0,0,1,0.372394867507163,static_fit_scored_candidate
2,6,36,55,20,20,241100,241100,-0.0173883227734391,-0.022553528226686,0.00516520545324695,14.0594707618227,0.030146535243828,0.0330319369556201,6.50853342617323e-05,0.00531178762144905,0.0165374437557265,0.00214919709320109,0.0059602399589262,0.50069030712218,0.49930969287782,0,0,1,0.564683293190172,static_fit_scored_candidate
2,6,37,56,20,20,240939,240939,-0.0180204388055432,-0.022553528226686,0.0045330894211428,14.0503687561128,0.0304628611745405,0.0409396530256495,0.000307184808101456,0.00531178762144905,0.0184521813817074,0.00666774870392889,0.00662029670119883,0.500563213805198,0.499436786194802,0,0,1,0.5658909270731,static_fit_scored_candidate
2,6,38,57,20,20,240984,240984,-0.0177132539974418,-0.021722745683788,0.00400949168634619,14.0528249603687,0.0305544462256313,0.0411147628058294,0.000146448586434856,0.00469488410545436,0.0181565573489377,0.00380851266470122,0.00662029670119883,0.500465658038867,0.499534341961133,0,0,1,0.500366262602696,static_fit_scored_candidate
2,6,39,58,20,20,241077,241077,-0.0178597025838766,-0.021722745683788,0.00386304309991133,14.0583113544205,0.0305062985886539,0.040418118466899,0.000146448586434856,0.00451886425434427,0.0198834035659327,0.00625335607959905,0.00595629540893632,0.500387521269089,0.499612478730911,0,0,1,0.384147486505368,static_fit_scored_candidate
2,6,40,59,20,20,241121,241121,-0.0171606073737323,-0.0205844875306467,0.00342388015691435,14.0609511242077,0.0310603058689535,0.0405766327698611,0.000468361668011921,0.00527687089845828,0.0211748891109852,0.00917144626263685,0.00595235607658455,0.500260614083976,0.499739385916024,0,0,1,0.707956816204369,static_fit_scored_candidate
2,6,41,60,20,20,241190,241190,-0.0166922457057204,-0.020273509554672,0.00358126384895155,14.0649183266824,0.0311213092160459,0.0408471259411589,0.000271018085516331,0.00587903335948835,0.0218869701108673,0.0125160157992864,0.00396692557585857,0.500325998028052,0.499674001971948,0,0,1,0.814594568754622,static_fit_scored_candidate
2,6,42,61,20,20,241311,241311,-0.0164212276202041,-0.020273509554672,0.00385228193446788,14.0720056495791,0.0309821276866754,0.0413406709985413,8.06527065030857e-05,0.00692313688859083,0.0216523536489052,0.0121692221255019,0.00330467886195709,0.500695321540843,0.499304678459157,0,0,1,0.807503108332278,static_fit_scored_candidate
2,6,43,62,20,20,241455,241455,-0.0165018803267072,-0.0183876060235305,0.00188572569682338,14.080409024503,0.0308165583147637,0.0412994500033132,8.06527065030857e-05,0.00692313688859083,0.0201363539911328,0.0108867431624351,0.00264286970600061,0.50096950626656,0.49903049373344,0,0,1,0.48699045341659,static_fit_scored_candidate
2,6,44,63,20,20,241651,241651,-0.0175381525907346,-0.020273509554672,0.00273535696393739,14.0919698513731,0.0308185175892408,0.0420935891281678,0.000420676114080285,0.00692313688859083,0.0179249682363825,0.00655762475380961,0.00198149767447813,0.501342637422282,0.498657362577718,0,0,1,0.53286806106708,static_fit_scored_candidate
2,6,45,64,20,20,241730,241730,-0.0171174764766543,-0.0183876060235305,0.00127012954687625,14.0963038488071,0.0301593691021553,0.0423940562275578,0.000420676114080285,0.00692313688859083,0.0152912796674594,0.0088013104839686,0.00132056233445309,0.501569370148395,0.498430629851605,0,0,1,0.273829753109471,static_fit_scored_candidate
2,6,46,65,20,20,241771,241771,-0.0166630652069039,-0.0164756119386127,0.000187453268291223,14.0990708263589,0.0296338323885845,0.0422546862333107,0.000180880697244205,0.00668013773263604,0.0138712256503825,0.00297452802939909,0.000660063253558493,0.501607272763069,0.49839272723693,0,0,1,0.266559069963286,static_fit_scored_candidate
2,6,47,66,20,20,241797,241797,-0.0164821845096597,-0.0152117931970696,0.00127039131259014,14.1004612964746,0.0290935285527358,0.0423490488006617,0.000180880697244205,0.00668013773263604,0.0110124346078311,0.00123238173185101,0,0.501651783928658,0.498348216071342,0,0,1,0.272197673225037,static_fit_scored_candidate
2,6,48,67,20,20,241534,241534,-0.0176174902161295,-0.0164756119386127,0.00114187827751674,14.0851216280049,0.0282690340001998,0.0505266295707472,0.000667434319985345,0.00573719814345293,0.00889626716090348,0.00106094389715144,0,0.502040872914166,0.497959127085834,0,0,1,1.02963461982116,static_fit_scored_candidate
2,6,49,68,20,20,241494,241494,-0.0182849245361148,-0.0164756119386127,0.00180931259750209,14.0825710492141,0.0290613864188967,0.0503528008745486,0.000667434319985345,0.00759377102123245,0.00852652631256039,0.00414717144225623,0.000660063253558493,0.502083236953318,0.497916763046682,0,0,1,1.02046161733472,static_fit_scored_candidate
2,6,50,69,20,20,241495,241495,-0.0195517258778557,-0.0164756119386127,0.00307611393924299,14.0826799363223,0.0290739966415747,0.0503362374532083,0.000650993623729255,0.00790366090663058,0.0110166121561047,0.0109734393677967,0.00131969096736078,0.502025296411396,0.497974703588604,0,0,1,0.980538203452392,static_fit_scored_candidate
2,6,51,70,20,20,241478,241478,-0.020202719501585,-0.0164756119386127,0.00372710756297224,14.0818561257368,0.0292834699266824,0.0502898790790128,0.000549992577263958,0.00911515130862148,0.0150223036073806,0.0160785862879647,0.00132056233445309,0.501847683837374,0.498152316162626,0,0,1,0.890295652871759,static_fit_scored_candidate
2,6,52,71,20,20,241813,241813,-0.0207527120788489,-0.0164756119386127,0.0042771001402362,14.1016165471934,0.02900832153619,0.0380785390544877,0.000151193228837936,0.0121793610982457,0.0169197770507271,0.0164095364691614,0.00198149767447813,0.500485643360015,0.499514356639984,0,0,1,0.343722069449114,static_fit_scored_candidate
2,6,53,72,20,20,241774,241774,-0.0209039053076868,-0.0167110129062246,0.00419289240146226,14.0988023827462,0.029266854794246,0.0378697637482629,0.000151193228837936,0.0127615820980812,0.0180105025372688,0.0161019441997243,0.00264286970600061,0.50047776738006,0.49952223261994,0,0,1,0.30943660839894,static_fit_scored_candidate
2,6,54,73,20,20,241658,241658,-0.0229542622651965,-0.0182655250515552,0.00468873721364127,14.0925763779337,0.0297189190618138,0.0374575850368286,0.000631620242422731,0.0133068943377786,0.0189419231228654,0.0156354539210724,0.00396692557585857,0.500438463060106,0.499561536939894,0,0,1,0.66054394182544,static_fit_scored_candidate
2,6,55,74,20,20,241684,241684,-0.0215355255501096,-0.0167110129062246,0.00482451264388499,14.0935749735787,0.0299167951425654,0.0375200675261912,0.000698214877823275,0.0115827220661394,0.0207299584261718,0.0177806123850332,0.00529273341440276,0.500459320801642,0.499540679198358,0,0,1,0.858006406847693,static_fit_scored_candidate
2,6,56,75,20,20,241672,241672,-0.0222337404279329,-0.0167110129062246,0.00552272752170827,14.0932972982716,0.0294093088122967,0.0374888278327651,0.000105743780897425,0.0115827220661394,0.0212000812917151,0.0148405677794201,0.00595629540893632,0.500369659857426,0.499630340142574,0,0,1,0.671427427474444,static_fit_scored_candidate
2,6,57,76,20,20,241570,241570,-0.0221279966470354,-0.0167110129062246,0.00541698374081084,14.0872010655129,0.0294400391875877,0.0370903912705115,0.000105743780897425,0.0131398732616922,0.0215582190168812,0.0144696352818198,0.00662029670119883,0.500447387079136,0.499552612920864,0,0,1,0.642758750892428,static_fit_scored_candidate
2,6,58,77,20,20,241703,241703,-0.0232845970567774,-0.0182655250515552,0.00501907200522219,14.0948764268882,0.0293393549447279,0.0376328070698044,2.9827619000819e-05,0.0131398732616922,0.021779064659269,0.0133035856105874,0.00728473772757584,0.500499131703738,0.499500868296262,0,0,1,0.533679658893361,static_fit_scored_candidate
2,6,59,78,20,20,241627,241627,-0.0233144246757782,-0.0200336002274793,0.00328082444829898,14.0905020165175,0.0291778617765341,0.0373301107487543,2.9827619000819e-05,0.0131302371018348,0.0216098095875859,0.00725131434662581,0.00662468243752771,0.500587991882243,0.499412008117757,0,0,1,0.0557385772048953,static_fit_scored_candidate
2,6,60,79,20,20,241557,241557,-0.0236564539557416,-0.0200336002274793,0.00362285372826233,14.0862760436545,0.0294297062056923,0.0370756747805928,0.000171142091615152,0.0131302371018348,0.0209322929170644,0.00253328272105043,0.0059602399589262,0.500494675803479,0.49950532419652,0,0,1,0.150272188998047,static_fit_scored_candidate
2,6,61,80,20,20,241558,241558,-0.0238275960473567,-0.0182655250515552,0.00556207099580151,14.0864287190902,0.0297012633226046,0.0370922338135453,0.000171142091615152,0.0153411806600372,0.0225553964137231,0.0141161133078292,0.00529974595002214,0.500422347149539,0.499577652850461,0,0,1,0.684364242296458,static_fit_scored_candidate
2,6,62,81,20,20,241516,241516,-0.0230757695744109,-0.0182655250515552,0.00481024452285564,14.0840475923928,0.0295414662769686,0.0369168088242601,0.000292109676411946,0.0122251395239253,0.0224662750020229,0.0137152099837613,0.00397480946251658,0.500391480724024,0.499608519275976,0,0,1,0.477872613759663,static_fit_scored_candidate
2,6,63,82,20,20,241321,241321,-0.0227836598979989,-0.0182655250515552,0.0045181348464437,14.0727511311625,0.0300638622116006,0.0361671445857022,0.000292109676411946,0.0154225041321311,0.0225182372441973,0.0149130339599937,0.0033134387427359,0.500408015915792,0.499591984084208,0,0,1,0.397905207765061,static_fit_scored_candidate
2,6,64,83,20,20,241273,241273,-0.0206904892210085,-0.0168783858698146,0.00381210335119386,14.0697738875987,0.0296077774645427,0.0359588189459374,0.000135761579802836,0.0138272431316372,0.0236512026399034,0.0209629103335074,0.00132581479770614,0.500373053817179,0.499626946182821,0,0,1,0.204015958380155,static_fit_scored_candidate
2,6,65,84,20,20,241272,241272,-0.0208262508008113,-0.0183150696599279,0.00251118114088344,14.0698359789879,0.0298314909743581,0.035975993899002,0.000135761579802836,0.0153717505302453,0.0211156999271108,0.0209844055089391,0,0.500331937862403,0.499668062137597,0,0,1,0.0269438663605055,static_fit_scored_candidate
2,6,66,85,20,20,241338,241338,-0.02025716159956,-0.0204890661816764,0.000231904582116475,14.0734306298359,0.0302989423132607,0.0362310433413442,1.25931041614312e-05,0.0146850534986716,0.019529423508495,0.0202633484401629,0.00132669427315571,0.500284077527655,0.499715922472345,0,0,1,0.0273563767741726,static_fit_scored_candidate
2,6,67,86,20,20,241481,241481,-0.0202445684953985,-0.0204890661816764,0.000244497686277906,14.0820869683068,0.0305943950610504,0.0368223153500853,1.25931041614312e-05,0.0117341973697868,0.0192139830077103,0.0183991279819678,0.00265338854631155,0.500161634274912,0.499838365725088,0,0,1,0.127658581361534,static_fit_scored_candidate
2,6,68,87,20,20,241839,241839,-0.0205474947550357,-0.0191019269999358,0.00144556775509994,14.103110837245,0.0311982523153507,0.0295898114455839,0.000302926259637196,0.00827019458080636,0.0197505890982194,0.0200933372854929,0.00398008281946738,0.499517878180129,0.500482121819871,0,0,1,0.60283339579126,static_fit_scored_candidate
2,6,69,88,20,20,241931,241931,-0.0173801677990909,-0.0168783858698146,0.000501781929276267,14.1083589986235,0.0306527656683207,0.030256435692674,0.0027859872353013,0.00664747408847724,0.0199374817535371,0.0193053521377032,0.00530325919082445,0.499586346606658,0.500413653393342,0,0,1,5.55937842051878,static_fit_scored_candidate
2,6,70,89,20,20,242044,242044,-0.0145941805637896,-0.0168240520593503,0.00222987149556076,14.1148123552757,0.0308880043582508,0.0303746426269604,0.00195459480635539,0.00656768147626541,0.0178106279910794,0.0137481572824604,0.00529974595002214,0.499383693198742,0.500616306801258,0,0,1,3.7513413174161,static_fit_scored_candidate
2,6,71,90,20,20,242136,242136,-0.0126395857574342,-0.0158854314957886,0.00324584573835439,14.1201434282421,0.0302310187179757,0.0310734463276836,0.00195459480635539,0.00624421391269334,0.0181940259529925,0.00598312585896786,0.0059602399589262,0.499436100848664,0.500563899151336,0,0,1,3.44268818158732,static_fit_scored_candidate
2,6,72,91,20,20,241902,241902,-0.0104912439432709,-0.0145275587899154,0.00403631484664453,14.1062949914136,0.0302524305552769,0.0371221641642966,0.000965668983071221,0.0046930351634855,0.019532250650186,0.00800390593692859,0.00595629540893632,0.499718295711329,0.500281704288671,0,0,1,1.28947445755716,static_fit_scored_candidate
2,6,73,92,20,20,241917,241917,-0.0114569129263421,-0.0145275587899154,0.00307064586357331,14.1074321877332,0.0308058770703569,0.037202380952381,0.000219078219211306,0.00498801621828114,0.0203956436979331,0.00405779051043163,0.00595629540893632,0.499793292306297,0.500206707693703,0,0,1,0.296436724733677,static_fit_scored_candidate
2,6,74,93,20,20,241852,241852,-0.0102721657240596,-0.0145275587899154,0.00425539306585584,14.1035142522878,0.0297769644539528,0.0369151381836826,0.00118474720228253,0.00498801621828114,0.0215000851563217,0.000263086800344042,0.00595235607658455,0.49989551313834,0.50010448686166,0,0,1,1.87585803313929,static_fit_scored_candidate
2,6,75,94,20,20,241789,241789,-0.0089403105664353,-0.0145275587899154,0.00558724822348013,14.099954120245,0.0313895906860956,0.0366761514028587,0.00133185515762429,0.00601738028858632,0.0217579269088268,0.00372204358304663,0.00595235607658455,0.500028745335622,0.499971254664377,0,0,1,3.32053790557288,static_fit_scored_candidate
2,6,76,95,20,20,241811,241811,-0.00749573538081532,-0.0123703750910044,0.00487463971018909,14.1014221439351,0.0320826776264486,0.0367723686169421,0.00144457518561998,0.00791864419765534,0.0206101941255562,0.00795564406292707,0.0052892341011448,0.500207649084414,0.499792350915586,0,0,1,3.93998817236203,static_fit_scored_candidate
2,6,77,96,20,20,241966,241966,-0.00541156962996917,-0.0123703750910044,0.00695880546103525,14.110369711816,0.0330385760735328,0.03739337433049,0.00208416575084616,0.00978444520032924,0.0197319423898534,0.0153353081286129,0.00396692557585857,0.500303205912736,0.499696794087264,0,0,1,6.79898237879228,static_fit_scored_candidate
2,6,78,97,20,20,241878,241878,-0.00331011886519229,-0.00861893009759154,0.00530881123239925,14.1051979030364,0.0331034350134875,0.037043161898462,0.00180741382798402,0.0104760521095343,0.0180028364272449,0.0160707480585263,0.00264461705057246,0.50020798322629,0.49979201677371,0,0,1,5.73272318967255,static_fit_scored_candidate
2,6,79,98,20,20,241868,241868,-0.00150270503720827,-0.00614555485349778,0.0046428498162895,14.1047044004778,0.0328555653276702,0.0369953859129773,0.00158173441918394,0.0110477944723372,0.0167250262815756,0.014936301681882,0.000660935772391249,0.500224370373305,0.499775629626695,0,0,1,4.8139071186147,static_fit_scored_candidate
2,6,80,99,20,20,241870,241870,7.90293819756714e-05,-0.00614555485349778,0.00622458423547345,14.104843511001,0.0336000294963608,0.0370278494410267,0.000735168567529011,0.0120842412125727,0.0166146142858725,0.0170347690776121,0.00132230852528623,0.500285828367668,0.499714171632332,0,0,1,3.80508012453222,static_fit_scored_candidate
2,6,81,100,20,20,241837,241837,0.000814197949504683,-0.00614555485349778,0.00695975280300246,14.1025849839685,0.0335181447120636,0.0369004300363877,0.000735168567529011,0.0133215692185148,0.0175178363096329,0.0167294777477105,0.00264461705057246,0.500250950446212,0.499749049553788,0,0,1,3.94344607612199,static_fit_scored_candidate
2,6,82,101,20,20,241876,241876,0.00241093524915154,-0.00475645055371367,0.00716738580286521,14.1049822645751,0.0332944842510205,0.0370437744960228,4.59093696149595e-05,0.0141928094753334,0.0177568099439641,0.0155150323488266,0.00330467886195709,0.500184637444036,0.499815362555965,0,0,1,3.35743310124709,static_fit_scored_candidate
2,6,83,102,20,20,241961,241961,0.0024568446187665,-0.00475645055371367,0.00721329517248017,14.109919322303,0.033269959053823,0.0373939924947513,4.59093696149595e-05,0.0146617333329462,0.0205457954967029,0.0212354654348547,0.00330467886195709,0.50016338252553,0.499836617474471,0,0,1,3.35120467266946,static_fit_scored_candidate
2,6,84,103,20,20,242035,242035,0.00386476742770254,-0.00307247955980735,0.00693724698750989,14.1143892763244,0.0332099856659089,0.0376803450726338,0.00140792280893604,0.0142979974221639,0.0227042355854512,0.0243335461452385,0.00396430455900097,0.500112423177062,0.499887576822938,0,0,1,5.309292316272,static_fit_scored_candidate
2,6,85,104,20,20,242127,242127,0.00602318352656418,-0.00100250789077517,0.00702569141733936,14.1196567163219,0.0331161924683727,0.0380294720148021,0.00215841609886164,0.0142547870732242,0.0201134899506137,0.0191777367747925,0.00330249612413095,0.500304064853961,0.499695935146039,0,0,1,7.07384629685057,static_fit_scored_candidate
2,6,86,105,20,20,242418,242418,0.00881869942997922,0.00152464079091084,0.00729405863906839,14.1367847747442,0.033155849802081,0.0277864862635096,0.00177671019416281,0.0131484300659218,0.0191780273210367,0.0185130217239909,0.0026411246689063,0.500780874072366,0.499219125927634,0,0,1,6.25011407308216,static_fit_scored_candidate
2,6,87,106,20,20,242392,242392,0.010595409624142,0.00463928883716096,0.00595612078698107,14.135087479349,0.0328521424885109,0.0273111323806066,0.00129026770219564,0.00985170446784848,0.0168467362108537,0.0124756411388591,0.00132056233445309,0.500893722660086,0.499106277339914,0,0,1,4.47725964741927,static_fit_scored_candidate
2,6,88,107,20,20,242125,242125,0.0118856773263377,0.00943637591320789,0.00244930141312978,14.1195666205913,0.032145299832957,0.034692394105597,0.00129026770219564,0.00868532702465009,0.015191047494497,0.010065851592863,0,0.500994169629387,0.499005830370613,0,0,1,3.15450249470477,static_fit_scored_candidate
2,6,89,108,20,20,242168,242168,0.0142398493683294,0.0132605828360535,0.000979266532275857,14.1222343597741,0.0321218358494209,0.0351656701133098,0.00176820087087623,0.00716920814931646,0.0177085456666918,0.0132287067781663,0.000660499224826405,0.501092739524608,0.498907260475392,0,0,1,4.28242501880673,static_fit_scored_candidate
2,6,90,109,20,20,242166,242166,0.0160080502392056,0.0158488738821071,0.000159176357098563,14.1222637606661,0.032727941419286,0.0348683558521357,0.00176820087087623,0.00875372038627688,0.0184965154982002,0.0115502684721754,0.00264286970600061,0.50108573375028,0.49891426624972,0,0,1,4.75931487679962,static_fit_scored_candidate
2,6,91,110,20,20,242235,242235,0.0187650318667855,0.0190315120773073,0.000266480210521787,14.1260111661178,0.0325189962325353,0.0354365164550273,0.00275698162757988,0.00956689978081251,0.019827785544914,0.0161322126907501,0.00330467886195709,0.501055444195087,0.498944555804913,0,0,1,6.96625696354161,static_fit_scored_candidate
2,6,92,111,20,20,242209,242209,0.0216361702159834,0.0224916981308012,0.000855527914817803,14.124786809216,0.0328701083530571,0.0350601952008984,0.00287113834919786,0.0107322971955871,0.022341402063543,0.0215676350535005,0.00396430455900097,0.501172555865864,0.498827444134136,0,0,1,7.51642319695272,static_fit_scored_candidate
2,6,93,112,20,20,242259,242259,0.024926747019494,0.0270252736252304,0.00209852660573646,14.1274000885973,0.0312153358347811,0.0352348716255263,0.00277068813145161,0.0107322971955871,0.02231502398306,0.0240083825921095,0.00396430455900097,0.501162752852346,0.498837247147654,0,0,1,5.9751467386447,static_fit_scored_candidate
2,6,94,113,20,20,242433,242433,0.0276974351509456,0.0310517753565964,0.00335434020565085,14.1372278619975,0.0300915524902643,0.0362322427362273,0.000888448077961981,0.0125042153265934,0.0221278335549846,0.0246720592702984,0.00330467886195709,0.501238925860441,0.498761074139559,0,0,1,0.926036845218517,static_fit_scored_candidate
2,6,95,114,20,20,242528,242528,0.0285858832289076,0.0328375706710335,0.00425168744212595,14.1432721057396,0.0306265790326729,0.0366143290671593,0.000888448077961981,0.0132363635827825,0.0216391739356737,0.0292086176283358,0.00264286970600061,0.50126308823483,0.49873691176517,0,0,1,1.29861791018127,static_fit_scored_candidate
2,6,96,115,20,20,242608,242608,0.0306975759993202,0.0353178221922117,0.00462024619289146,14.1477246383478,0.0307098389380703,0.0369155180373277,0.00211169277041266,0.0131569309275922,0.0207010825820587,0.0272374388463371,0.00198149767447813,0.501227677778127,0.498772322221873,0,0,1,4.39886655022631,static_fit_scored_candidate
2,6,97,116,20,20,242715,242715,0.0330576905896453,0.0377293476381477,0.00467165704850242,14.1538168200974,0.031227750711289,0.0373440564280888,0.00236011459032509,0.012772377573909,0.0230868865738713,0.0327130393236663,0.00132056233445309,0.501295199741484,0.498704800258516,0,0,1,5.41622279415634,static_fit_scored_candidate
2,6,98,117,20,20,242744,242744,0.0361662583238769,0.0382847126549947,0.00211845433111775,14.1555843648987,0.032068279082342,0.0371420096892199,0.000681752681397883,0.0131292182691126,0.0259063210143101,0.0391770334275851,0.000660063253558493,0.501602860622511,0.498397139377489,0,0,0,26.6392282324476,static_fit_scored_candidate
2,6,99,118,20,20,242749,242749,0.0368480110052748,0.0382847126549947,0.00143670164971987,14.1558771906468,0.0308861229619922,0.0374868178223042,0.000681752681397883,0.0114282382215592,0.0230549754537793,0.0347641871136808,0.000660063253558493,0.501643310379603,0.498356689620397,0,0,1,0.710340057997022,static_fit_scored_candidate
2,6,100,119,20,20,242764,242764,0.0381171313184546,0.0402867995566855,0.00216966823823095,14.1568054550569,0.0307671122355676,0.0375343955446442,0.00126912031317975,0.0123071261919061,0.0222605204754702,0.0337112651340415,0,0.501815116489997,0.498184883510002,0,0,1,2.02555234748916,static_fit_scored_candidate
2,6,101,120,20,20,242714,242714,0.0401752184119884,0.0440418114122087,0.00386659300022027,14.1541762164295,0.0303247891069879,0.0373605365942089,0.00178020938102165,0.011315191512591,0.0222361158578731,0.0319828195749748,0,0.502172364850028,0.497827635149972,0,0,1,3.20826279752627,static_fit_scored_candidate
2,6,102,121,20,20,242761,242761,0.0419554277930101,0.0468477116190548,0.00489228382604472,14.1566280109795,0.0294287313423579,0.0375343955446442,0.00106591658449456,0.00864772688347621,0.0194732670680799,0.0219801116472261,0.00131969096736078,0.502114462736317,0.497885537263683,0,0,1,1.7783021328206,static_fit_scored_candidate
2,6,103,122,20,20,242852,242852,0.0430213443775046,0.0468477116190548,0.00382636724155017,14.1620517919136,0.0287430811029257,0.0375866783061288,0.00106591658449456,0.00764698812286921,0.0165240828618017,0.0150970621566292,0.00131969096736078,0.501923057029779,0.498076942970221,0,0,1,1.4853454593963,static_fit_scored_candidate
2,6,104,123,20,20,242745,242745,0.0446338910341492,0.0480802229528431,0.00344633191869392,14.1559162698191,0.0285574210909911,0.0374709575362104,0.00161254665664453,0.00766050146877408,0.0158556131533079,0.0131448803219064,0.00132056233445309,0.501929593896407,0.498070406103593,0,0,1,2.69182425203316,static_fit_scored_candidate
2,6,105,124,20,20,242588,242588,0.0463831796571813,0.0502271777409641,0.00384399808378283,14.1465853597555,0.0293745410180868,0.0365393176908998,0.00141803562898935,0.00750300158744049,0.0161534673602185,0.0109682765546094,0.00198149767447813,0.50188603101323,0.49811396898677,0,0,1,2.33530169455154,static_fit_scored_candidate
2,6,106,125,20,20,242199,242199,0.0478012152861706,0.0530407301935291,0.00523951490735849,14.1239684145607,0.0301890570087586,0.0462592898431049,0.00141803562898935,0.00859232766133247,0.0181793515126849,0.0121686246209679,0.00264286970600061,0.501599783263471,0.49840021673653,0,0,1,3.18828465776596,static_fit_scored_candidate
2,6,107,126,20,20,242174,242174,0.0497339021571351,0.0543306950457534,0.00459679288861827,14.1225675643909,0.0301095229391754,0.046181289640592,0.00147476124513366,0.00976230958972705,0.0168729364385204,0.0054656558053442,0.00264286970600061,0.501330248917436,0.498669751082564,0,0,1,3.1434833465608,static_fit_scored_candidate
2,6,108,127,20,20,242340,242340,0.0512086634022688,0.0543306950457534,0.00312203164348461,14.1321565129023,0.0293641536513128,0.0451266815218288,0.0011079525966227,0.0111456620924788,0.0161443494776827,0.00235871366667525,0.00264286970600061,0.501438974437236,0.498561025562764,0,0,1,1.81275124170464,static_fit_scored_candidate
2,6,109,128,20,20,242365,242365,0.0523166159988915,0.0543306950457534,0.00201407904686191,14.1335625399095,0.0296304063395088,0.0452534988117243,0.000408932472921723,0.0117536035172581,0.0168652989099148,0.000882888023993791,0.00264286970600061,0.50146484874026,0.49853515125974,0,0,1,0.458620764049954,static_fit_scored_candidate
2,6,110,129,20,20,242304,242304,0.0527255484718132,0.0543306950457534,0.00160514657394019,14.1299909364054,0.0298465750843679,0.0450013206550449,0.000283924999794578,0.0116140105631552,0.0168369006142904,0.00175614189796254,0.00198149767447813,0.50148708453496,0.49851291546504,0,0,1,0.445117575327185,static_fit_scored_candidate
2,6,111,130,20,20,242245,242245,0.0530094734716078,0.0543306950457534,0.00132122157414561,14.1265633079459,0.0296791175385225,0.0447805554638222,0.000180804865092803,0.00990365509838047,0.0158172597723024,0.00149853191096578,0.00198149767447813,0.501326711849533,0.498673288150467,0,0,1,0.433319997078866,static_fit_scored_candidate
2,6,112,131,20,20,242223,242223,0.0531902783367006,0.0543306950457534,0.00114041670905281,14.1251722105691,0.0296535539307981,0.0446859105621243,6.58604347114136e-05,0.00990365509838047,0.0144330605502952,0.00632317452164583,0.000660499224826405,0.501279888000003,0.498720111999997,0,0,1,0.428505767587076,static_fit_scored_candidate
2,6,113,132,20,20,242240,242240,0.0530753339063192,0.0535530494301079,0.000477715523788697,14.126398056336,0.0299998979082639,0.0447655217965654,0.000114944430381389,0.0096166234082631,0.0135034478114714,0.00386509889819286,0.000660499224826405,0.501231416026257,0.498768583973743,0,0,1,0.433314829203057,static_fit_scored_candidate
2,6,114,133,20,20,242183,242183,0.0545034273248874,0.0535530494301079,0.000950377894779524,14.1233759830475,0.0319445486651078,0.0445446437419483,0.000543056686089956,0.0107595759944193,0.0127707074746859,0.00784968229931143,0.000660499224826405,0.501167978395293,0.498832021604707,0,0,1,1.58992624904194,static_fit_scored_candidate
2,6,115,134,20,20,242124,242124,0.0550464840109774,0.0552190363422385,0.000172552331261101,14.1194188678622,0.0315513636780286,0.0443078753035635,5.04215595579505e-05,0.00962903734578344,0.0113369076738932,0.00555499219407497,0.00132143485300036,0.501245718801711,0.498754281198289,0,0,1,1.26107562023532,static_fit_scored_candidate
2,6,116,135,20,20,242027,242027,0.0549960624514194,0.0552190363422385,0.000222973890819052,14.1135997755262,0.0317446587455847,0.0439288016262581,5.04215595579505e-05,0.00953523935680928,0.0121760482715927,0.00108698322932131,0.00198280731717471,0.501247029981669,0.498752970018331,0,0,1,1.39251392090909,static_fit_scored_candidate
2,6,117,136,20,20,241807,241807,0.0547689196606752,0.0552190363422385,0.000450116681563251,14.1010875076039,0.0319160104900288,0.0445973665056574,0.000227142790744199,0.00928412841537483,0.0115683297933595,0.0024591774728328,0.00198280731717471,0.501296642276389,0.498703357723611,0,0,1,1.56456729773257,static_fit_scored_candidate
2,6,118,137,20,20,241645,241645,0.0532254883122977,0.0523314496924474,0.000894038619850365,14.0916662862376,0.0318850786072367,0.0439647752102231,0.000555595203570479,0.0107595759944193,0.0117396866925975,0.00288478614967567,0.00198280731717471,0.501156631490601,0.498843368509399,0,0,1,1.54289387393197,static_fit_scored_candidate
2,6,119,138,20,20,241607,241607,0.0553245148642457,0.0552190363422385,0.000105478522007228,14.0894607088581,0.031872533283707,0.0437899407304394,0.0017027685947305,0.0102277116052261,0.0110391435986641,0.00297444288984258,0.00132230852528623,0.501062564551711,0.498937435448289,0,0,1,4.27433909885153,static_fit_scored_candidate
2,6,120,139,20,20,241490,241490,0.0570272834589762,0.0576097972815581,0.00058251382258185,14.0824796880548,0.0324239442631952,0.0433306279297037,0.0152711206241082,0.00972468637875568,0.0102354286332166,0.00449014513989883,0,0.500982617450125,0.499017382549875,0,0,0,62.215456598166,static_fit_scored_candidate
3,1,1,20,20,20,246504,246504,0.01299062877357,0.00787113111134496,0.00511949766222505,14.3739133235027,0.0320083319322367,0.0461980332976341,0.00605978987566712,0.00387938490020753,0.00912605077131568,0.010537234032222,0.00121957226457925,0.50037770230807,0.49962229769193,0,0,1,48.8806075209699,static_fit_scored_candidate
3,1,2,21,20,20,246386,246386,0.0120683813519788,0.00787113111134496,0.00419725024063383,14.367579183117,0.0312758350749766,0.0457652158384337,0.000203172016631671,0.00434271918906956,0.00816033278622849,0.0051753785234503,0.00121957226457925,0.500299678429607,0.499700321570393,0,0,1,3.28381144809492,static_fit_scored_candidate
3,1,3,22,20,20,246403,246403,0.0122715533686105,0.0102985380112495,0.00197301535736096,14.3682604569037,0.0313686279248524,0.0455187415788705,0.000203172016631671,0.00489281295681019,0.00756091428196593,0.00648724539167177,0,0.500383319414098,0.499616680585902,0,0,1,2.05216117087044,static_fit_scored_candidate
3,1,4,23,20,20,246434,246434,0.0113682019349652,0.0057509313430955,0.00561727059186967,14.3700736179928,0.0311672744205329,0.0459348471814183,0.000327350739952423,0.00454347541890204,0.00672885457475909,0.00627306307047899,0.000609972108555843,0.500388870087292,0.499611129912708,0,0,1,4.98717999750161,static_fit_scored_candidate
3,1,5,24,20,20,246502,246502,0.0110408511950127,0.00376874250385906,0.00727210869115369,14.3737952992024,0.0310308532698637,0.0459708564566904,0.000327350739952423,0.00526384294869531,0.00682796338741645,0.00562422421313039,0.000609600269394588,0.500294453438778,0.499705546561222,0,0,1,5.86314983908743,static_fit_scored_candidate
3,1,6,25,20,20,246426,246426,0.00996431229747079,0.00376874250385906,0.00619556979361173,14.3696257541426,0.0310840928024669,0.0456928595776454,0.00107653889754196,0.00543678564785678,0.00832998585429869,0.00961070092979546,0.000609600269394588,0.500309283701038,0.499690716298962,0,0,1,10.979661679621,static_fit_scored_candidate
3,1,7,26,20,20,246378,246378,0.00886899437318913,0.00275839682151893,0.0061105975516702,14.3671824027503,0.0306358190360727,0.0454257650783343,0.00109531792428166,0.00426174737098847,0.00681041942640681,0.00712851638231093,0.000609972108555843,0.500418522191532,0.499581477808468,0,0,1,10.8004011843706,static_fit_scored_candidate
3,1,8,27,20,20,246382,246382,0.00748167597917014,0.0018657305595324,0.00561594541963773,14.3675165470267,0.0299299212074395,0.0454574972400805,0.000198592456678972,0.00419154729032096,0.0071505543091056,0.00404208703376624,0.000609600269394588,0.50030377314469,0.49969622685531,0,0,1,3.252198112527,static_fit_scored_candidate
3,1,9,28,20,20,246349,246349,0.00768026843584911,0.00275839682151893,0.00492187161433018,14.3650567457237,0.0292694225687913,0.0453172695979736,0.000198592456678972,0.00539627738535347,0.00704814826094727,0.00464354406434446,0.00121957226457925,0.500393063218305,0.499606936781695,0,0,1,2.44746973149278,static_fit_scored_candidate
3,1,10,29,20,20,246284,246284,0.00654249541007293,0.00214296417448269,0.00439953123559023,14.3614735657362,0.0288537666907782,0.0453785061148917,0.000519759366528181,0.00524661426723323,0.00611253850281853,0.00432164818337875,0,0.500346887281793,0.499653112718207,0,0,1,4.33827961804942,static_fit_scored_candidate
3,1,11,30,20,20,246316,246316,0.00602273604354474,0.0018657305595324,0.00415700548401234,14.3633565084615,0.0285015831610566,0.0452102177690446,0.000519759366528181,0.00495626000538576,0.0063183454197233,0.00324816600295113,0.000609600269394588,0.500329223615449,0.499670776384551,0,0,1,4.19818260302773,static_fit_scored_candidate
3,1,12,31,20,20,246213,246213,0.00530482204298618,0.00214296417448269,0.00316185786850349,14.3573482564052,0.0278342277447776,0.046300809045716,0.000515284247540625,0.00512130838154941,0.00614706865239951,0.00563049873533024,0.00121957226457925,0.500166836815606,0.499833163184394,0,0,1,3.58790638506682,static_fit_scored_candidate
3,1,13,32,20,20,246079,246079,0.00478953779544556,0.00162046793020386,0.00316906986524169,14.3496551592318,0.0275469742635299,0.0457737321196359,0.000188644091965364,0.00502820280158627,0.00693096718189925,0.00706931936162399,0.000609972108555843,0.500271173060875,0.499728826939125,0,0,1,1.14811470394322,static_fit_scored_candidate
3,1,14,33,20,20,246056,246056,0.00497818188741092,0.00178362415644239,0.00319455773096853,14.3480066912918,0.0268163664909862,0.0456806580615795,0.000188644091965364,0.00516711454403531,0.00584627904664644,0.00353795319411062,0.000609600269394588,0.500243110709578,0.499756889290422,0,0,1,1.16330145424664,static_fit_scored_candidate
3,1,15,34,20,20,246009,246009,0.00436411460070559,0.00272871304111809,0.0016354015595875,14.3457246440419,0.026804700106488,0.0455262344926264,0.000614067286705331,0.00707616266142383,0.00677519521865902,0.00259953086673501,0.000609972108555843,0.50015890782256,0.49984109217744,0,0,1,3.4572894016063,static_fit_scored_candidate
3,1,16,35,20,20,245983,245983,0.00347943490417552,0.00272871304111809,0.00075072186305743,14.3440665434576,0.0264987034167871,0.0454013269155717,0.000294805872786082,0.00610893450709369,0.00436248411092491,0.000984943251025561,0,0.500230134351794,0.499769865648206,0,0,1,0.771191968784287,static_fit_scored_candidate
3,1,17,36,20,20,246086,246086,0.0037742407769616,0.00334414568815433,0.00043009508880727,14.3498982909776,0.0262685980442491,0.0457884984233282,0.000282363768084345,0.00635540108688815,0.0052473421803863,0.000577701019285823,0.000969090154837219,0.500115332248574,0.499884667751426,0,0,1,0.676812968428349,static_fit_scored_candidate
3,1,18,37,20,20,245926,245926,0.00319707113609118,0.00334414568815433,0.000147074552063157,14.3407461840367,0.0264981568726487,0.0513646270453141,0.000179798640691243,0.00684447004895667,0.00501233298111825,0.00310863692202046,0,0.500066141060142,0.499933858939858,0,0,1,0.266107275269679,static_fit_scored_candidate
3,1,19,38,20,20,245967,245967,0.00301727249539993,0.00272871304111809,0.000288559454281843,14.3432132362425,0.0262210838292783,0.0515188967670591,0.000179798640691243,0.00654163842859387,0.00561667115574135,0.0046213317090196,0,0.500140217574213,0.499859782425787,0,0,1,0.276631899565487,static_fit_scored_candidate
3,1,20,39,20,20,246004,246004,0.00254920768680148,0.00272871304111809,0.000179505354316606,14.3453331347859,0.026292246648626,0.0516576966228191,0.000225698355984532,0.00598613546598254,0.00456050368036134,0.00304435103421912,0,0.500122844110761,0.499877155889239,0,0,1,0.52446607262468,static_fit_scored_candidate
3,1,21,40,20,20,245918,245918,0.0027915741394154,0.00336948741728799,0.000577913277872586,14.3406288355105,0.0265933044742198,0.0513500325309044,0.000242366452613916,0.00519016482593609,0.00443777702721378,0.0016364612611536,0.000609972108555843,0.499951645116798,0.500048354883202,0,0,1,0.631735149208978,static_fit_scored_candidate
3,1,22,41,20,20,245895,245895,0.00201659657298928,0.0027499740680272,0.000733377495037927,14.3389835181622,0.0264845248640283,0.0512249080912256,0.000551875809406997,0.00682576532444133,0.00381076432103863,0.00102209470807853,0.000609972108555843,0.50000867497987,0.49999132502013,0,0,1,2.98182196022917,static_fit_scored_candidate
3,1,23,42,20,20,245969,245969,0.00146472076358228,0.00232738142763033,0.000862660664048053,14.3433569741376,0.0262939708963674,0.0515180589660612,0.0002309188065955,0.00587877695338029,0.00491406058235653,0.00107905861862945,0.000609972108555843,0.500153074373602,0.499846925626398,0,0,1,0.55637953468762,static_fit_scored_candidate
3,1,24,43,20,20,245858,245858,0.00169563957017778,0.0027499740680272,0.00105433449784942,14.3368162439774,0.0263423346868549,0.0515089888554462,8.43991636430132e-05,0.00492394035047645,0.00367053296933083,0.00274851433105427,0.000609600269394588,0.500116128825577,0.499883871174423,0,0,1,0.27809872463814,static_fit_scored_candidate
3,1,25,44,20,20,245746,245746,0.00178003873382079,0.0027499740680272,0.000969935334206411,14.3305590470998,0.0265419565949674,0.0510929895665478,8.43991636430132e-05,0.0051905009735499,0.00535497337023216,0.00196295178468769,0.00121957226457925,0.499956501497864,0.500043498502136,0,0,1,0.251305009149775,static_fit_scored_candidate
3,1,26,45,20,20,245798,245798,0.00285710127267812,0.0027499740680272,0.000107127204650913,14.3335336388422,0.0265984921325316,0.0512774613506916,0.000394138407756167,0.00606862766094366,0.00377680393625701,0.000309740462717279,0,0.500134510030173,0.499865489969827,0,0,1,1.7853252369682,static_fit_scored_candidate
3,1,27,46,20,20,245777,245777,0.00325123968043428,0.00336948741728799,0.000118247736853703,14.3323194705512,0.0269664467150071,0.0512002603954756,0.000282422605606559,0.00514758063032395,0.00480612931323258,0.000614363985600771,0.000969090154837219,0.500008067510494,0.499991932489506,0,0,1,0.92962525377296,static_fit_scored_candidate
3,1,28,47,20,20,245760,245760,0.00353366228604084,0.00336948741728799,0.000164174868752856,14.3311889090599,0.0273691965960128,0.0514322916666667,8.56191671778483e-05,0.00535405968970171,0.00499393903657752,0.000848053047530567,0,0.500229824193341,0.499770175806659,0,0,1,0.274795932728445,static_fit_scored_candidate
3,1,29,48,20,20,245775,245775,0.00316562051325644,0.0027499740680272,0.000415646445229232,14.3321074205888,0.0276746225528014,0.051201093678797,6.31451175870526e-05,0.00608813099692872,0.00518382123851381,0.00131135592579802,0.00121957226457925,0.500249949444152,0.499750050555848,0,0,1,0.260102827755417,static_fit_scored_candidate
3,1,30,49,20,20,245834,245834,0.00322876563084349,0.00336948741728799,0.000140721786444498,14.3356717522159,0.0274246774507956,0.0514326624253567,6.31451175870526e-05,0.00467332322942062,0.00450364744883946,0.00188409833626655,0.000609600269394588,0.500197482512629,0.499802517487371,0,0,1,0.27566246283258,static_fit_scored_candidate
3,1,31,50,20,20,245802,245802,0.00341202794281459,0.00336948741728799,4.25405255266068e-05,14.3337005088181,0.0276766633956885,0.051309173162357,0.000119799142796546,0.00353812168038363,0.00474057935413278,0.000104416492923365,0.000609972108555843,0.500151356528244,0.499848643471756,0,0,1,0.26800277103179,static_fit_scored_candidate
3,1,32,51,20,20,245632,245632,0.00310896648804694,0.00296815580380023,0.000140810684246713,14.3238589498415,0.0278704534030805,0.0541623241271496,0.000303061454767651,0.00432772347204991,0.0044770044770045,0.000310161655558023,0,0.500348762916934,0.499651237083066,0,0,1,1.28274103144994,static_fit_scored_candidate
3,1,33,52,20,20,245707,245707,0.00274793516661898,0.00338953079108807,0.0006415956244691,14.3280420866668,0.0280301789962399,0.0543897634590652,0.000237471065434028,0.00352113427354779,0.00394601534995227,0.00359279013395211,0.000609600269394588,0.500434401865428,0.499565598134572,0,0,1,0.798382972373416,static_fit_scored_candidate
3,1,34,53,20,20,245703,245703,0.00251046410118495,0.00338953079108807,0.000879066689903128,14.328107386762,0.0283407212583656,0.0543906489108846,0.000237471065434028,0.00353812168038363,0.0044002916131399,0.00414465716066604,0,0.500310628363436,0.499689371636564,0,0,1,0.798844804847451,static_fit_scored_candidate
3,1,35,54,20,20,245661,245661,0.00223417798156565,0.00277001744182729,0.000535839460261644,14.3255363552554,0.0284887061701447,0.0542366809951804,9.78087261026355e-05,0.00436850505424433,0.00395067691725991,0.00182426776614388,0.000609600269394588,0.500341825633377,0.499658174366623,0,0,1,0.461183443537474,static_fit_scored_candidate
3,1,36,55,20,20,245703,245703,0.00233198670766828,0.000484516028088818,0.00184747067957947,14.3282014901255,0.0288167865412858,0.0543906489108846,9.78087261026355e-05,0.00432548543886455,0.00406321506766311,0.000325134914712795,0.000609600269394588,0.500400522946985,0.499599477053015,0,0,1,0.848946061064155,static_fit_scored_candidate
3,1,37,56,20,20,245629,245629,0.0026935868401531,0.000484516028088818,0.00220907081206428,14.3236650569815,0.0287621565819454,0.0540971860343929,0.000242006280830551,0.00486884528458533,0.00397621785097088,0.0010566151106513,0.000609600269394588,0.500449296845777,0.499550703154223,0,0,1,1.40226456709295,static_fit_scored_candidate
3,1,38,57,20,20,245550,245550,0.00293559312098365,0.00277001744182729,0.000165575679156359,14.3193059437748,0.0288181646998061,0.0539682022545123,6.78249602094698e-05,0.00460318579927282,0.00499393903657738,0.00289280442256982,0.000609600269394588,0.500390353273584,0.499609646726416,0,0,1,0.44490422684197,static_fit_scored_candidate
3,1,39,58,20,20,245609,245609,0.00276141180036257,0.00277001744182729,8.60564146472126e-06,14.3227452886388,0.0291211982075652,0.0541830203735974,2.61640632685731e-05,0.00442340228589142,0.00511231683120797,0.00288644807467438,0,0.500394041867554,0.499605958132446,0,0,1,0.622559256251535,static_fit_scored_candidate
3,1,40,59,20,20,245690,245690,0.00278757586363114,0.00277001744182729,1.75584218038518e-05,14.3274934593963,0.0290540407228267,0.0474252315907722,2.61640632685731e-05,0.00453771982481915,0.00473475196489355,0.00390972292694084,0,0.500233087664267,0.499766912335733,0,0,1,0.140028172731096,static_fit_scored_candidate
3,1,41,60,20,20,245727,245727,0.00246450792287926,0.00265686670034546,0.000192358777466204,14.3294596236707,0.02864024926458,0.0475810652428702,5.40263068434413e-05,0.00495050732469358,0.00473086305091922,0.00348324688187171,0.000609600269394588,0.500180309319126,0.499819690680874,0,0,1,0.0284311838328069,static_fit_scored_candidate
3,1,42,61,20,20,245861,245861,0.0025185342297227,0.00307824168763331,0.000559707457910607,14.3373387576021,0.0288804556648055,0.0476523606546709,5.40263068434413e-05,0.00465736943666864,0.00571735382056859,0.00301578816455339,0.00121882903953331,0.500223495720499,0.499776504279501,0,0,1,0.0498095812519134,static_fit_scored_candidate
3,1,43,62,20,20,245734,245734,0.00237574066922847,0.00357208220423071,0.00119634153500224,14.3300935267447,0.0285652753721353,0.0474981280724029,0.000142793560494227,0.00463927718362183,0.00512849224567521,0.00514665543541173,0,0.500384038792583,0.499615961207417,0,0,1,0.0238872529011732,static_fit_scored_candidate
3,1,44,63,20,20,245709,245709,0.00180323088584038,0.00307824168763331,0.00127501080179293,14.3285802530948,0.0288855957526437,0.0470795077163509,0.000509823886346332,0.00478407486694602,0.00465833257723227,0.00572963695087287,0,0.500167645406237,0.499832354593763,0,0,1,2.48606264602845,static_fit_scored_candidate
3,1,45,64,20,20,245789,245789,0.00129340699949405,0.000792740273894833,0.000500666725599214,14.3330815125331,0.0289842446187795,0.0474059367269887,0.000509823886346332,0.00507270404500903,0.00524734218038634,0.0049656115179405,0.000609600269394588,0.500257252902276,0.499742747097724,0,0,1,2.50111398190143,static_fit_scored_candidate
3,1,46,65,20,20,245779,245779,0.000626622824783552,0.000792740273894833,0.000166117449111281,14.3327244405177,0.0290994686229259,0.0473594271299536,0.000558022724444713,0.00411001451010147,0.00464250132472356,0.00387784200207733,0.00121957226457925,0.500280311021213,0.499719688978787,0,0,1,2.93902933140725,static_fit_scored_candidate
3,1,47,66,20,20,245852,245852,6.86001003388388e-05,-0.00162732150803859,0.00169592160837743,14.3367652842111,0.028991135374947,0.047638416608366,0.000306743785876505,0.00501728868831663,0.00460468396377091,0.00502281115280026,0.00121957226457925,0.500204225493294,0.499795774506706,0,0,1,1.2637442049804,static_fit_scored_candidate
3,1,48,67,20,20,245885,245885,-0.000238143685537666,-0.00149662218064547,0.0012584784951078,14.3387997623352,0.0288281340319502,0.0477778500780843,5.04869864429202e-05,0.00466662913313202,0.00433497362872633,0.00345413068438446,0,0.500197984714964,0.499802015285036,0,0,1,0.0802713607337441,static_fit_scored_candidate
3,1,49,68,20,20,245849,245849,-0.000288630671980586,-0.00143196111152144,0.00114333043954086,14.3366861715472,0.0289398170205757,0.047963815628915,5.04869864429202e-05,0.00486375423770359,0.00411274084689308,0.000551404949002092,0,0.500389282920115,0.499610717079885,0,0,1,0.109392194025774,static_fit_scored_candidate
3,1,50,69,20,20,245978,245978,-0.000437837479861526,-0.0015489728938051,0.00111113541394357,14.3441476679015,0.0291675083862917,0.0469631677372144,0.00014920680788094,0.00603470460082798,0.00394601534995229,0.00139987973456939,0.000609600269394588,0.500298163160155,0.499701836839845,0,0,1,0.212249931361407,static_fit_scored_candidate
3,1,51,70,20,20,246010,246010,-0.000986986601618633,-0.00174433329032225,0.000757346688703614,14.3462254613165,0.0288820454821819,0.0467782059411736,0.000221630148207847,0.00606693258220813,0.00472307561674921,0.00290009510801248,0,0.500409999980967,0.499590000019033,0,0,1,0.245851398494873,static_fit_scored_candidate
3,1,52,71,20,20,246010,246010,-0.000659467628069373,-0.0015489728938051,0.000889505265735725,14.3458862620304,0.0289490633251538,0.0467619465717119,0.000145381033206901,0.00531562170576668,0.0049662203819626,0.00144952095011903,0.00060922888330276,0.500424223469286,0.499575776530714,0,0,1,0.0798263295632202,static_fit_scored_candidate
3,1,53,72,20,20,246021,246021,-0.000514086594862472,-0.0015489728938051,0.00103488629894263,14.3468958228244,0.0288657001521947,0.0455240139173414,0.00011766232075688,0.00621083148834157,0.00637778281022556,0.00153084813222461,0.000609600269394588,0.500234633158539,0.499765366841461,0,0,1,0.0293530221330491,static_fit_scored_candidate
3,1,54,73,20,20,246051,246051,-0.000396424274105592,-0.00174433329032225,0.00134790901621665,14.3483113086451,0.0283721725425336,0.0458927381203973,0.00011766232075688,0.00554298911971643,0.00564119465100849,0.000453933198909079,0.000609600269394588,0.500367628339972,0.499632371660028,0,0,1,0.11033370707779,static_fit_scored_candidate
3,1,55,74,20,20,246038,246038,-0.000103543960893204,-0.0015489728938051,0.00144542893291189,14.3478570246863,0.0284313818937085,0.0455860835636482,4.90939581773009e-05,0.00551424991707659,0.0055788590950894,0.000434914542627104,0,0.500355828949042,0.499644171050958,0,0,1,0.167257983437937,static_fit_scored_candidate
3,1,56,75,20,20,245982,245982,-0.000347330315928291,-0.0004639001755768,0.000116569859648508,14.3444477486161,0.0280531432524087,0.0453525432548458,0.000243786355035087,0.00493369475121496,0.00453825225442345,0.000471406759198399,0.00121957226457925,0.50025372325585,0.49974627674415,0,0,1,0.399476539516665,static_fit_scored_candidate
3,1,57,76,20,20,245991,245991,-0.000825085516945447,-0.0015489728938051,0.000723887376859651,14.3452794123428,0.0282187972131154,0.0456925428469218,0.000266148225866339,0.00455618758890347,0.003870666834266,0.00158062481383597,0.00121957226457925,0.500314283783485,0.499685716216515,0,0,1,0.570263421884312,static_fit_scored_candidate
3,1,58,77,20,20,245985,245985,-0.00109123374281179,-0.00174433329032225,0.00065309954751046,14.3445809098775,0.0280514082155718,0.0456770248955234,5.69450599372304e-05,0.0057284255465471,0.00483476588826632,0.000103794793880651,0,0.500326532168419,0.499673467831581,0,0,1,0.0242047875198284,static_fit_scored_candidate
3,1,59,78,20,20,245911,245911,-0.00103428868287456,-0.00174433329032225,0.000710044607447691,14.3405271620194,0.0278597691940615,0.0453983538826897,5.69450599372304e-05,0.0051128947665423,0.00502516868198409,0.00239281181248564,0.00121957226457925,0.500307768058753,0.499692231941247,0,0,1,0.0246255140758412,static_fit_scored_candidate
3,1,60,79,20,20,245830,245830,-0.00127025208022156,-0.00279308953704038,0.00152283745681882,14.3357743420826,0.0280804311269426,0.045087702170588,0.000137509807030444,0.00486066252093491,0.00467411020945661,0.00284363657295193,0.000609600269394588,0.500561933774208,0.499438066225792,0,0,1,0.21425962336599,static_fit_scored_candidate
3,1,61,80,20,20,245793,245793,-0.00140776188725201,-0.00279308953704038,0.00138532764978838,14.3333696173361,0.028341451626141,0.0449478429266546,0.000137509807030444,0.00434423629602041,0.00525610381978315,0.000445808086956092,0.000609600269394588,0.500635902444356,0.499364097555644,0,0,1,0.135022857055562,static_fit_scored_candidate
3,1,62,81,20,20,245672,245672,-0.00193803925323031,-0.00415612610535315,0.00221808685212285,14.3263810806115,0.0282527266916709,0.0444495099156599,0.000192496874778658,0.00481357249709607,0.00645237929756843,0.00358344496990962,0.000609600269394588,0.500440421899002,0.499559578100998,0,0,1,0.61791083060565,static_fit_scored_candidate
3,1,63,82,20,20,245833,245833,-0.00213053612800897,-0.00469909490539206,0.00256855877738309,14.3360798745505,0.028377646808058,0.0450869685481378,0.000192496874778658,0.0037710077512054,0.00562322121179289,0.0010039734854716,0.000609600269394588,0.500485334482154,0.499514665517846,0,0,1,0.821403007222107,static_fit_scored_candidate
3,1,64,83,20,20,245953,245953,-0.00237760105409291,-0.00469909490539206,0.00232149385129914,14.342883341328,0.028431392186159,0.0455691261851713,0.000194412602986474,0.0037289039065881,0.00591669040492647,0.00162024837751128,0,0.500425139120355,0.499574860879645,0,0,1,0.678669217547422,static_fit_scored_candidate
3,1,65,84,20,20,245909,245909,-0.00257201365707939,-0.00469909490539206,0.00212708124831267,14.34015722157,0.0284410357117507,0.0453983538826897,0.000194412602986474,0.00374428852047144,0.00604288629801109,0.00520999641100342,0.000609600269394588,0.500433712634562,0.499566287365437,0,0,1,0.566452860634417,static_fit_scored_candidate
3,1,66,85,20,20,245904,245904,-0.00300907734406224,-0.00469909490539206,0.00169001756132982,14.3399885573573,0.0285090111228693,0.0453672978072744,0.000102075532325285,0.00418559504497889,0.00673705549745496,0.00741345602986021,0.00060922888330276,0.500411970056753,0.499588029943247,0,0,1,0.313641118671414,static_fit_scored_candidate
3,1,67,86,20,20,245841,245841,-0.00311115287638752,-0.00415612610535315,0.00104497322896563,14.3363359803007,0.0288769866243141,0.0451505832967248,0.000102075532325285,0.0037289039065881,0.00671105152952468,0.00433367165300151,0.00060922888330276,0.500296147149995,0.499703852850005,0,0,1,0.0421818691058491,static_fit_scored_candidate
3,1,68,87,20,20,245744,245744,-0.00331711038738466,-0.00469909490539206,0.00138198451800739,14.3306539989258,0.0288650000000637,0.0447457516765414,0.000205957510997141,0.00539360966439804,0.00593532569643943,0.00340160824634306,0,0.500286991053617,0.499713008946383,0,0,1,0.230799992509852,static_fit_scored_candidate
3,1,69,88,20,20,245823,245823,-0.00421552311379525,-0.00502587623150229,0.000810353117707042,14.3352565394903,0.0289498952520022,0.0447149179901067,0.000649657728534384,0.00638636549007172,0.00699967078524734,0.00470587749029753,0.00121957226457925,0.500297134503973,0.499702865496027,0,0,1,3.55558927793995,static_fit_scored_candidate
3,1,70,89,20,20,245616,245616,-0.00486518084232964,-0.00502587623150229,0.000160695389172657,14.3234980137164,0.0290768568988065,0.0494918897791675,3.9458160893879e-05,0.00530810995286869,0.00896633381731564,0.00271028248239622,0,0.50015652790026,0.49984347209974,0,0,1,0.301806618174597,static_fit_scored_candidate
3,1,71,90,20,20,245616,245616,-0.00490463900322351,-0.00528910134989752,0.000384462346674001,14.3228535777412,0.0294710561064517,0.0491498925151456,3.9458160893879e-05,0.00701952317806776,0.00819634104842947,0.0061797024293174,0,0.500179739434402,0.499820260565598,0,0,1,0.520401108973903,static_fit_scored_candidate
3,1,72,91,20,20,245686,245686,-0.00595771448095785,-0.00640045937218688,0.000442744891229033,14.3274379102753,0.0294647450661957,0.0494611051414802,0.000887570118844449,0.0074778889310018,0.00976612532509308,0.0072174351349392,0.000609600269394588,0.500245844175672,0.499754155824328,0,0,1,5.81783408307171,static_fit_scored_candidate
3,1,73,92,20,20,245692,245692,-0.0068452845998023,-0.00651537132449127,0.000329913275311034,14.3275757739291,0.029747230433809,0.0508115852368005,0.00076476129361111,0.00819965198770241,0.00806276378136145,0.00993741426848577,0,0.500309216760945,0.499690783239055,0,0,1,5.14339344590965,static_fit_scored_candidate
3,1,74,93,20,20,245721,245721,-0.00761004589341341,-0.00697997575443387,0.000630070138979541,14.3295058321771,0.0299632319122597,0.0509351955852908,0.00076476129361111,0.00753563079746047,0.00795706324711175,0.0103748018347078,0,0.50031796419561,0.49968203580439,0,0,1,5.28370273268014,static_fit_scored_candidate
3,1,75,94,20,20,245797,245797,-0.00852004339299431,-0.0085922637136024,7.22203206080831e-05,14.3336917635291,0.0300013499577862,0.0512286411716843,0.000783478301937998,0.00706541176120866,0.00738107204381258,0.00723402501107049,0.000609600269394588,0.500423075263029,0.499576924736971,0,0,1,5.46917997134107,static_fit_scored_candidate
3,1,76,95,20,20,245811,245811,-0.00930352169493231,-0.0093029570702231,5.64624709212952e-07,14.3347038826157,0.0306009150432624,0.0512749580980587,2.43007194823102e-05,0.00655604482201521,0.00655426527156761,0.0061537437704726,0.00060922888330276,0.500346201206901,0.499653798793099,0,0,1,1.35094247546054,static_fit_scored_candidate
3,1,77,96,20,20,245843,245843,-0.00932782241441462,-0.0085922637136024,0.000735558700812225,14.3364952436427,0.0308627414841413,0.0513984477961634,2.43007194823102e-05,0.00575748676052162,0.00710018402286231,0.00944699317627953,0.00121882903953331,0.500267197682623,0.499732802317377,0,0,1,1.51919139572757,static_fit_scored_candidate
3,1,78,97,20,20,245849,245849,-0.0101398014165819,-0.0093029570702231,0.000836844346358835,14.3369888303955,0.030935184997714,0.0514293151977613,0.000811979002167312,0.00575748676052162,0.00765045295339673,0.0111787692212482,0.000609600269394588,0.500357188135294,0.499642811864706,0,0,1,6.27049297586613,static_fit_scored_candidate
3,1,79,98,20,20,245901,245901,-0.0109945025154838,-0.0123293652180849,0.0013348627026011,14.3397243241161,0.0312882476492111,0.05161363784241,0.000596927229053483,0.00445906722341879,0.00697860325579261,0.00855436258013301,0,0.500268334100002,0.499731665899998,0,0,1,4.9403762645459,static_fit_scored_candidate
3,1,80,99,20,20,245900,245900,-0.0115914297445373,-0.012524782256993,0.000933352512455703,14.3398008308547,0.0311057937171087,0.0515982106547377,0.000547769156256667,0.00336981338583439,0.0061724667839248,0.00904656566033549,0.000609600269394588,0.500281356113863,0.499718643886137,0,0,1,4.37371695237053,static_fit_scored_candidate
3,1,81,100,20,20,245882,245882,-0.0121391989007939,-0.0151399797503394,0.00300078084954546,14.3385779144548,0.0309306341582646,0.0515364968847099,0.000502181602880203,0.00398866165378886,0.00634160677928116,0.00685672942079063,0,0.500288522511178,0.499711477488822,0,0,1,4.96142011210487,static_fit_scored_candidate
3,1,82,101,20,20,245997,245997,-0.0126413805036741,-0.0151399797503394,0.00249859924666526,14.3452553810101,0.0307386845248832,0.0519837398373984,0.000256352523868641,0.00372938694482332,0.00525610381978304,0.00237005424239934,0.000609600269394588,0.500295644100002,0.499704355899998,0,0,1,2.71027502327292,static_fit_scored_candidate
3,1,83,102,20,20,245890,245890,-0.0128977330275428,-0.0151399797503394,0.00224224672279662,14.3391626104018,0.0304785159840514,0.0531615505994502,0.000256352523868641,0.00360959598939371,0.00676159858601385,0.00254460473848987,0.00121957226457925,0.500245641287662,0.499754358712338,0,0,1,2.48043886848174,static_fit_scored_candidate
3,1,84,103,20,20,245875,245875,-0.0135403239766554,-0.0165241907525269,0.00298386677587149,14.3383748303079,0.0302590601362149,0.0556215328051538,0.000183826940300993,0.00398866165378886,0.00589018948476257,0.00243477240948476,0.000609600269394588,0.500433186862583,0.499566813137417,0,0,1,2.46569403239923,static_fit_scored_candidate
3,1,85,104,20,20,245974,245974,-0.0137241509169564,-0.0151399797503394,0.00141582883338296,14.343958186238,0.0301726220930596,0.0527531141249553,8.19227303646558e-05,0.00369747736178177,0.00504709679493643,0.00127615859462199,0,0.500229626069057,0.499770373930943,0,0,1,1.31723986505892,static_fit_scored_candidate
3,1,86,105,20,20,246006,246006,-0.0136422281865918,-0.014524225916968,0.000881997730376267,14.3458911547465,0.0299841852753481,0.0528763292250659,8.19227303646558e-05,0.00403070489549283,0.00507074524244499,0.00115551246031098,0.00121957226457925,0.500212793596458,0.499787206403542,0,0,1,1.08356868943047,static_fit_scored_candidate
3,1,87,106,20,20,246009,246009,-0.014417574230163,-0.0162149614140906,0.00179738718392755,14.3459238226041,0.0295373543548638,0.0525665414695218,0.000770848968975928,0.00405441557232729,0.0052227313946331,0.00123953933376848,0,0.500306908552193,0.499693091447807,0,0,1,5.53065282532389,static_fit_scored_candidate
3,1,88,107,20,20,246095,246095,-0.0151884231991389,-0.0162149614140906,0.00102653821495162,14.3510354214562,0.0296146667640623,0.052906182952994,1.72634082178588e-05,0.00315569869071232,0.00447905956294099,0.00286708363303282,0.000609600269394588,0.500307194382761,0.499692805617239,0,0,1,0.860910128445333,static_fit_scored_candidate
3,1,89,108,20,20,246049,246049,-0.0151711597909211,-0.0162149614140906,0.00104380162316948,14.3486523970011,0.0292881912369132,0.0527368198592168,1.72634082178588e-05,0.00241683151160659,0.00404960291862692,0.00149836014809908,0.000609600269394588,0.500213446491889,0.499786553508111,0,0,1,0.651033259697437,static_fit_scored_candidate
3,1,90,109,20,20,246076,246076,-0.0151084355980526,-0.0186237445523738,0.00351530895432112,14.3498677492545,0.0287998284827369,0.0531380549098652,6.27241928684262e-05,0.00322373132932377,0.00428586867424541,0.000693642895010591,0,0.500283319736461,0.499716680263539,0,0,1,1.75622577439606,static_fit_scored_candidate
3,1,91,110,20,20,246142,246142,-0.0153729953574209,-0.0197156062425519,0.00434261088513101,14.3542676169089,0.0284272922506621,0.0524408476339054,0.000183386932456432,0.00241683151160659,0.00469179662618117,0.00065658671212469,0.000609600269394588,0.500309624006391,0.499690375993609,0,0,1,2.19039085670734,static_fit_scored_candidate
3,1,92,111,20,20,246152,246152,-0.0149250486655962,-0.0172395335501862,0.00231448488459001,14.354521184571,0.0283363775414117,0.0524391432935747,5.4239679070936e-05,0.003749956322856,0.00493275239796449,0.000908914949825403,0,0.500194152933172,0.499805847066828,0,0,1,1.01560101107241,static_fit_scored_candidate
3,1,93,112,20,20,246168,246168,-0.01531875567835,-0.0197156062425519,0.00439685056420195,14.3551367982891,0.0277204075896605,0.0511358096909428,2.12241620299713e-05,0.00472914611886919,0.00411944822973523,0.00121053386151303,0.000609972108555843,0.500241173711141,0.499758826288859,0,0,1,2.13730567758264,static_fit_scored_candidate
3,1,94,113,20,20,246204,246204,-0.0153399798403799,-0.0196974360950976,0.0043574562547176,14.3575310068725,0.0276345563408853,0.0509658657048626,2.12241620299713e-05,0.00454704664996335,0.00463059236626675,0.000414487443234666,0.000548656965523304,0.500239403833116,0.499760596166884,0,0,1,2.10379018425189,static_fit_scored_candidate
3,1,95,114,20,20,246178,246178,-0.0147119916182615,-0.0172213634027319,0.00250937178447034,14.3559434212985,0.0275461708777725,0.0508570964335039,0.000105710216968206,0.00350657682895475,0.00421004494618995,0.00081457316088793,0.00121957226457925,0.500178168376463,0.499821831623537,0,0,1,1.02632205326402,static_fit_scored_candidate
3,1,96,115,20,20,246209,246209,-0.0148177018352297,-0.0172213634027319,0.00240366156750214,14.3577695222703,0.0270510878657132,0.0513216252660309,0.000105710216968206,0.00429825922165972,0.00521214834141865,0.00449703327441212,0.000609972108555843,0.500238546579242,0.499761453420758,0,0,1,0.995887191683854,static_fit_scored_candidate
3,1,97,116,20,20,246275,246275,-0.0151137004895851,-0.0172213634027319,0.00210766291314674,14.3615924974133,0.0270070274935953,0.0512433205022008,0.000105007167390642,0.00436766367855976,0.0048632338431515,0.00160946967505298,0.000609600269394588,0.500165048984423,0.499834951015578,0,0,1,0.819678342927423,static_fit_scored_candidate
3,1,98,117,20,20,246661,246661,-0.0147126946678391,-0.014524225916968,0.000188468750871033,14.3840035135225,0.0271103722614189,0.0368112087698245,0.000401005821746037,0.00417832004567769,0.00412168159841626,0.000657428080373175,0.000609600269394588,0.49929363678703,0.50070636321297,0,0,1,1.61504861508771,static_fit_scored_candidate
3,1,99,118,20,20,246685,246685,-0.014061679122477,-0.014183506477413,0.000121827354936063,14.3854192552122,0.0267585231216916,0.0369049163315605,0.00019525999118913,0.00491898988784253,0.00500130473237464,0.000303050469089586,0,0.499260074713944,0.500739925286056,0,0,1,0.0480992428364194,static_fit_scored_candidate
3,1,100,119,20,20,246717,246717,-0.0145174346766499,-0.0169148389077969,0.00239740423114694,14.3876676908672,0.0267723427604422,0.037029831387808,0.000349193256166514,0.00491898988784253,0.00516959947992337,0.00274442427176277,0.000609600269394588,0.499233353177496,0.500766646822504,0,0,1,1.91708418148206,static_fit_scored_candidate
3,1,101,120,20,20,246718,246718,-0.0137124858663104,-0.014183506477413,0.000471020611102577,14.3873691577037,0.0273293532019988,0.0370136186770428,0.000406503954500649,0.00491898988784253,0.00554410982002509,0.00230800770705135,0,0.499270546791262,0.500729453208738,0,0,1,1.65820845119964,static_fit_scored_candidate
3,1,102,121,20,20,246655,246655,-0.0133059819118098,-0.013157786898356,0.000148195013453768,14.3838542434352,0.027739811226858,0.0367799688635184,2.31101340229089e-05,0.00505111851210083,0.00694555731171899,0.00236513258987981,0.000609600269394588,0.499256131494242,0.500743868505758,0,0,1,0.0429156291304128,static_fit_scored_candidate
3,1,103,122,20,20,246738,246738,-0.0132828717777869,-0.0149775944196871,0.00169472264190024,14.3887883791405,0.0281305575765616,0.0371078868444516,2.31101340229089e-05,0.00484056758777722,0.00704030972477501,0.00451017464409041,0.000609600269394588,0.499229032741108,0.500770967258892,0,0,1,0.332102618852828,static_fit_scored_candidate
3,1,104,123,20,20,246737,246737,-0.0124461651081318,-0.013157786898356,0.000711621790224212,14.3884731441466,0.0282671076239577,0.0370916754478398,0.000710749745228065,0.00450766701942434,0.00641949160999656,0.00678948310026404,6.09433089670803e-05,0.499279960311146,0.500720039688854,0,0,1,3.97723252283807,static_fit_scored_candidate
3,1,105,124,20,20,246638,246638,-0.0117354153629037,-0.0139176798960101,0.00218226453310633,14.382801887216,0.0289263170467919,0.0366850470321116,0.000513309524385674,0.00453742893309271,0.0055590289644683,0.00585819924756068,0.00121957226457925,0.499219486736932,0.500780513263068,0,0,1,3.0890664551531,static_fit_scored_candidate
3,1,106,125,20,20,246618,246618,-0.0112221058385181,-0.0136318583147306,0.0024097524762125,14.3817989084022,0.0294269747387026,0.0366393642040386,0.000513309524385674,0.00504469061896944,0.00754629438891526,0.0115989771084948,0.000609600269394588,0.499177959793504,0.500822040206496,0,0,1,3.52679420976112,static_fit_scored_candidate
3,1,107,126,20,20,246642,246642,-0.010101540519389,-0.0112996478907,0.001198107371311,14.3831560147981,0.029638061856212,0.036733105204262,0.000660286878551642,0.00543365813295176,0.00824001337081012,0.0095362125135921,0.000609600269394588,0.49930215130145,0.50069784869855,0,0,1,4.07365824139325,static_fit_scored_candidate
3,1,108,127,20,20,246585,246585,-0.00944125364083741,-0.0112996478907,0.00185839424986264,14.3797061306418,0.0297426638845606,0.0365143478190342,0.000488259388867889,0.00483035755043136,0.00781469044846818,0.00996153781238456,0,0.499169148490416,0.500830851509584,0,0,1,3.20998459751814,static_fit_scored_candidate
3,1,109,128,20,20,246639,246639,-0.00895299425196952,-0.0112996478907,0.00234665363873053,14.3826989816024,0.0298144692740933,0.036717482971132,0.000121245144766456,0.00520815911829246,0.0074394409826918,0.00795677776234447,0.000609600269394588,0.499107623850997,0.500892376149003,0,0,1,1.29859255377068,static_fit_scored_candidate
3,1,110,129,20,20,246611,246611,-0.00883174910720306,-0.0105877493380456,0.00175600023084254,14.3812512484424,0.0299655861435225,0.0366243329602777,0.000121245144766456,0.00534082687482876,0.00798592465215658,0.00898700315654424,0.000609600269394588,0.499179449990101,0.500820550009899,0,0,1,1.04899264895989,static_fit_scored_candidate
3,1,111,130,20,20,246460,246460,-0.00842644574269986,-0.00985025570398861,0.00142380996128876,14.3723002012329,0.0301226860248887,0.0359977278260164,4.58056369701653e-05,0.00534159206876786,0.00690036086068626,0.00718353101604552,0.000609600269394588,0.499159515257794,0.500840484742206,0,0,1,0.952810092440304,static_fit_scored_candidate
3,1,112,131,20,20,246482,246482,-0.00887755474417323,-0.00985025570398861,0.000972700959815387,14.3739178158326,0.0302592359436594,0.0361078203859074,6.4631109632278e-05,0.00432842441880474,0.00579568833626216,0.00549881478493174,0,0.499129812178192,0.500870187821808,0,0,1,0.904765070089808,static_fit_scored_candidate
3,1,113,132,20,20,246370,246370,-0.0089421858538055,-0.00985025570398861,0.000908069850183109,14.3675704258495,0.030343002860946,0.0356858733947039,6.4631109632278e-05,0.00489563072486616,0.0058431299599398,0.00407320499690841,0,0.499211392501764,0.500788607498236,0,0,1,0.956288805338767,static_fit_scored_candidate
3,1,114,133,20,20,246318,246318,-0.00815418102625179,-0.00896131627248009,0.000807135246228302,14.3641544045802,0.0303172465895326,0.035433582331926,0.000312762093671107,0.00432842441880474,0.00518026945924212,0.000622709111536283,0.000609600269394588,0.499279698792889,0.500720301207111,0,0,1,1.84257588720902,static_fit_scored_candidate
3,1,115,134,20,20,246307,246307,-0.00846694311992289,-0.00985025570398861,0.00138331258406572,14.3633245636873,0.030250375505142,0.0354028289783523,8.64731528441298e-05,0.00534804875974544,0.00412614470919702,0.000884367516351165,0,0.49920104158292,0.50079895841708,0,0,1,1.00894824760522,static_fit_scored_candidate
3,1,116,135,20,20,246283,246283,-0.00806770787340766,-0.00985025570398861,0.00178254783058096,14.3621232991856,0.0299176729383668,0.0353088304558964,0.000388738972814704,0.00428811499800947,0.00454433163056413,0.00387676107606905,0,0.499214512638905,0.500785487361095,0,0,1,2.51805980001352,static_fit_scored_candidate
3,1,117,136,20,20,246259,246259,-0.00767896890059295,-0.00985025570398861,0.00217128680339566,14.3606955341369,0.0294473399016443,0.03521481361163,6.19950674097362e-05,0.00428811499800947,0.00516959947992342,0.00649315703232284,0.000609600269394588,0.499296115926059,0.500703884073941,0,0,1,0.976330058658799,static_fit_scored_candidate
3,1,118,137,20,20,245932,245932,-0.00812970294081739,-0.00985025570398861,0.00172055276317122,14.3416439001331,0.0292734140241523,0.0550233397849812,0.00045073404022444,0.00428811499800947,0.00614706865239955,0.00852881735800325,0.00121882903953331,0.500253427146375,0.499746572853625,0,0,1,3.06023632906086,static_fit_scored_candidate
3,1,119,138,20,20,245829,245829,-0.00867242807726959,-0.010515658335541,0.00184323025827142,14.3355451804225,0.0291769423829746,0.0546389404145921,0.00605978987566712,0.00461662954270968,0.00678605291026981,0.00446956115033371,0,0.500223224884776,0.499776775115224,0,0,1,45.7777002567883,static_fit_scored_candidate
3,2,1,20,20,20,244270,244270,-0.00891211849641633,-0.0116395553740857,0.00272743687766933,14.2433849864189,0.0289228917933492,0.0492729416388288,0.00430150221915251,0.00558691385717911,0.0100329246476649,0.0165864536054442,0.000629556722677227,0.500104465277012,0.499895534722988,0,0,1,21.6337794438802,static_fit_scored_candidate
3,2,2,21,20,20,244291,244291,-0.00991339916928381,-0.0122427750194728,0.00232937585018899,14.2456407341354,0.029004440118991,0.0485484584022399,0.000921994913897051,0.00455188897018458,0.00907041902072814,0.0138277354131644,0.000629556722677227,0.50010967039006,0.49989032960994,0,0,1,4.51806841924081,static_fit_scored_candidate
3,2,3,22,20,20,244285,244285,-0.0108353940831809,-0.0140470341097732,0.00321164002659235,14.2449990307043,0.0283222797244716,0.0488112391930836,0.00023228102590743,0.00509329093719434,0.00881207838233889,0.0110073652254876,0.000629160630372275,0.500174299360162,0.499825700639838,0,0,1,1.67035430424472,static_fit_scored_candidate
3,2,4,23,20,20,244261,244261,-0.0106031130572734,-0.0122427750194728,0.00163966196219937,14.2437145637006,0.0281438515804616,0.048423017718534,0.00023228102590743,0.00473690815911118,0.00711313348469323,0.0110156385950323,0.000629160630372275,0.500137226940264,0.499862773059736,0,0,1,0.433219515292126,static_fit_scored_candidate
3,2,5,24,20,20,244074,244074,-0.0103013697660229,-0.0122427750194728,0.00194140525344991,14.2322456497534,0.0279255971495768,0.0524426817876399,0.000301743291250541,0.00541249219910155,0.00668907504307215,0.00805079812971575,0.00125871722840745,0.500319684285063,0.499680315714936,0,0,1,0.971223147149242,static_fit_scored_candidate
3,2,6,25,20,20,244100,244100,-0.0116044035942859,-0.0140470341097732,0.00244263051548728,14.2341362266036,0.0278697767566766,0.0525522326915199,0.000117985976298675,0.00765468020897983,0.0060413632012515,0.00655546603851539,0.000629160630372275,0.500314440118397,0.499685559881603,0,0,1,1.33446441020127,static_fit_scored_candidate
3,2,7,26,20,20,244068,244068,-0.0117223895705846,-0.0122427750194728,0.000520385448888196,14.2323486807631,0.0274503753884714,0.0524444007407772,0.000117985976298675,0.00666160603285783,0.00550579945399629,0.00612788274888015,0,0.500202275970374,0.499797724029627,0,0,1,0.304698430494407,static_fit_scored_candidate
3,2,8,27,20,20,243965,243965,-0.0123521465410934,-0.0146656594910954,0.00231351295000201,14.2264478068268,0.0271772382503427,0.0526790398740818,0.000144071641632309,0.00720261092730457,0.00499393903657737,0.00621033620104751,0.000629160630372275,0.500328868527481,0.499671131472519,0,0,1,1.258145658967,static_fit_scored_candidate
3,2,9,28,20,20,243962,243962,-0.0124962181827257,-0.0150979543945092,0.00260173621178355,14.2260329681083,0.0272944744097011,0.0526471118689643,4.02097490828871e-05,0.00720261092730457,0.00394601534995225,0.00201003543411721,0.00125792554213148,0.500314954530167,0.499685045469834,0,0,1,1.4639921180103,static_fit_scored_candidate
3,2,10,29,20,20,243851,243851,-0.0124560084336428,-0.0132015954340676,0.000745587000424845,14.2197148052334,0.0270662834007459,0.0525564686777226,4.02097490828871e-05,0.00667618584668941,0.004373018982848,0.00178552487467498,0.00125792554213148,0.500303381240286,0.499696618759714,0,0,1,0.320787482887043,static_fit_scored_candidate
3,2,11,30,20,20,243804,243804,-0.0128974623954647,-0.0132015954340676,0.000304133038602916,14.2170192487463,0.0263772370444843,0.0522550901543863,8.16179318767311e-06,0.00679350222554045,0.00498656246085719,0.00194367183351339,0.00188748189111774,0.500320863538173,0.499679136461827,0,0,1,0.281441429562018,static_fit_scored_candidate
3,2,12,31,20,20,243884,243884,-0.0128893006022771,-0.0122427750194728,0.000646525582804251,14.2217191046577,0.0262081307256741,0.0522871529087599,8.16179318767311e-06,0.00743604717007462,0.00603374195032886,0.00643100062516715,0.00125792554213148,0.500228303055514,0.499771696944486,0,0,1,0.286085640657779,static_fit_scored_candidate
3,2,13,32,20,20,243820,243820,-0.0126879040320128,-0.0116395553740857,0.00104834865792712,14.2179220449337,0.0261969786167011,0.0523336887868099,9.70440180116834e-05,0.00639273467921341,0.00614107735599311,0.00842212771066126,0.000628765036166222,0.50027541740358,0.49972458259642,0,0,1,0.294494292939163,static_fit_scored_candidate
3,2,14,33,20,20,243778,243778,-0.0127849480500245,-0.0122427750194728,0.000542173030551662,14.2154356952334,0.0262870184463129,0.0521781934531135,9.70440180116834e-05,0.00670306091593368,0.00410378061653882,0.00616659810158309,0,0.500351679670535,0.499648320329465,0,0,1,0.272579517582189,static_fit_scored_candidate
3,2,15,34,20,20,243838,243838,-0.0130788738003456,-0.0122427750194728,0.000836098780872751,14.2187738984193,0.0263045308233162,0.0521325459317585,5.38477683599305e-05,0.00711361424736181,0.00450773239067589,0.0033943038949662,0.00125713485111192,0.500281944145903,0.499718055854097,0,0,1,0.266971110560439,static_fit_scored_candidate
3,2,16,35,20,20,243785,243785,-0.0127311002816645,-0.0121660808852666,0.000565019396397892,14.2162192637528,0.0263122927132239,0.0519467734260915,0.000147799176539305,0.00691556167733458,0.00474833808167144,0.00606234792615619,0.000628765036166222,0.500316146796169,0.499683853203831,0,0,1,0.24288551574547,static_fit_scored_candidate
3,2,17,36,20,20,243786,243786,-0.0125833011051252,-0.0125983757886805,1.50746835552683e-05,14.2158725713024,0.0263501473939177,0.0519467734260915,0.000147799176539305,0.00657020580328245,0.00445846607655805,0.00398713386356483,0.000628765036166222,0.500336521109229,0.499663478890771,0,0,1,0.24331612606291,static_fit_scored_candidate
3,2,18,37,20,20,243880,243880,-0.0122851111647886,-0.0125528057944822,0.000267694629693572,14.2216231243299,0.0265558434936988,0.0523208135148434,0.00027512831534114,0.00642375544697682,0.00527183807562754,0.00568151595509368,0.00125713485111192,0.500269984931415,0.499730015068585,0,0,1,0.293098968532882,static_fit_scored_candidate
3,2,19,38,20,20,243897,243897,-0.0120099828494475,-0.0114513138798627,0.000558668969584807,14.2225170914151,0.0265778698941657,0.0526773267732677,0.00027512831534114,0.0058017924979568,0.00456050368036136,0.00487819367924397,0,0.500334335443488,0.499665664556512,0,0,1,0.340589546487858,static_fit_scored_candidate
3,2,20,39,20,20,243896,243896,-0.0112044363961713,-0.0111865771026634,1.78592935079352e-05,14.2222911247295,0.0270561657484647,0.0526453898382917,0.000805546453276171,0.00689785420024839,0.00470941662127517,0.00651758633702939,0,0.500291900010122,0.499708099989878,0,0,1,2.86816231443285,static_fit_scored_candidate
3,2,21,40,20,20,243974,243974,-0.0103149786549917,-0.010559411769839,0.000244433114847257,14.2275097517602,0.0271351550024568,0.0520870905334951,0.000889457741179633,0.00733535065548009,0.00628329191529473,0.00529140205189544,0.000628369939118269,0.500233326430831,0.499766673569169,0,0,1,3.21381037920577,static_fit_scored_candidate
3,2,22,41,20,20,243951,243951,-0.00889140936855469,-0.00971542341610322,0.00082401404754852,14.2255874955195,0.027127925548407,0.0494851446186135,0.00073240417180387,0.00767619715462547,0.00497547709154582,0.00316698670621402,0,0.500383096699149,0.499616903300851,0,0,1,2.17525071025222,static_fit_scored_candidate
3,2,23,42,20,20,243967,243967,-0.00815900519675082,-0.0087802701806294,0.000621264983878579,14.226646570436,0.0277161434869795,0.0495638772298006,0.000422046340220407,0.0081237387165409,0.00586199910472619,0.00169233691407636,0,0.500364629196582,0.499635370803418,0,0,1,0.626258712707763,static_fit_scored_candidate
3,2,24,43,20,20,244057,244057,-0.00773695885653042,-0.0087802701806294,0.00104331132409899,14.2316580056989,0.0281599322546394,0.0499057608784725,0.000422046340220407,0.00793745372090559,0.00679553915960843,0.00347747568006123,0.000628765036166222,0.500291948732641,0.499708051267359,0,0,1,0.631119568046542,static_fit_scored_candidate
3,2,25,44,20,20,244045,244045,-0.00725315481729737,-0.0087802701806294,0.00152711536333203,14.2316309174739,0.0288067515721341,0.0499246049957385,0.000483804039233043,0.00749450770015136,0.00913209918738108,0.00687952686803399,0.00125713485111192,0.500343692085106,0.499656307914894,0,0,1,1.64752457649624,static_fit_scored_candidate
3,2,26,45,20,20,244049,244049,-0.00630413418159554,-0.00640972492088427,0.000105590739288724,14.2314203038005,0.0291230191573219,0.049891006834609,0.000127387354308239,0.00771987212385958,0.00916730207924369,0.00709711685834044,0.000628765036166222,0.500346504760029,0.499653495239971,0,0,1,0.547630933215183,static_fit_scored_candidate
3,2,27,46,20,20,244118,244118,-0.00617674682728731,-0.0087802701806294,0.0026035233533421,14.235536914143,0.0295751191934995,0.0501884319187285,0.000127387354308239,0.00724203470011365,0.0100896341273386,0.00813730747559408,0.000628765036166222,0.50028822941746,0.49971177058254,0,0,1,1.93531839001195,static_fit_scored_candidate
3,2,28,47,20,20,244144,244144,-0.00595494070761901,-0.00484841790932287,0.00110652279829614,14.2368958653231,0.0295332216951658,0.0502654171308736,0.000221806119668294,0.00742742924430346,0.00991296446188121,0.0088680426030232,0.00125713485111192,0.500350913202958,0.499649086797042,0,0,1,0.833930397961563,static_fit_scored_candidate
3,2,29,48,20,20,244099,244099,-0.00555727459124872,-0.00359073712155409,0.00196653746969463,14.2344874552284,0.029561261472205,0.0501269971323228,0.00039766611637029,0.00727533048167515,0.0103160308558407,0.0108298157178627,0.00125792554213148,0.500389134066222,0.499610865933778,0,0,1,1.95595173457146,static_fit_scored_candidate
3,2,30,49,20,20,244151,244151,-0.00490446356977288,-0.00347224903522221,0.00143221453455068,14.237580267753,0.0298994210092019,0.050329303057112,0.00065281102147584,0.00672814422211977,0.00944712541503395,0.00892210791973494,0.00125792554213148,0.500270176271585,0.499729823728415,0,0,1,3.05140392842138,static_fit_scored_candidate
3,2,31,50,20,20,244322,244322,-0.0035637102438187,-0.00135586957238496,0.00220784067143374,14.2475155323862,0.0301755567124029,0.0509978553068876,0.000410797231286688,0.00696473123043392,0.00940612292045205,0.0103743120637769,0.00125713485111192,0.50033245065774,0.49966754934226,0,0,1,2.64866242164813,static_fit_scored_candidate
3,2,32,51,20,20,244241,244241,-0.00315291301253201,-0.00135586957238496,0.00179704344014705,14.2427368344348,0.0302138321572304,0.0506706408345753,0.000406316810187898,0.00645239835964837,0.00855239045582669,0.00943067110056883,0.00125792554213148,0.500334394388802,0.499665605611198,0,0,1,2.30590920842764,static_fit_scored_candidate
3,2,33,52,20,20,244208,244208,-0.00274659620234411,-0.001083278045575,0.00166331815676911,14.2407896563909,0.0303011717159456,0.0505306951451222,0.000406316810187898,0.00779057645934748,0.0071569864002767,0.00937248416773351,0.000628765036166222,0.500291285078055,0.499708714921945,0,0,1,2.23888230150259,static_fit_scored_candidate
3,2,34,53,20,20,244282,244282,-0.00189293964686244,-0.001083278045575,0.000809661601287437,14.2451450792524,0.0301780695792075,0.0508424620523653,0.000853656555481673,0.00848668452400179,0.00601235105308917,0.0109573970795409,0.000628765036166222,0.500267869945021,0.499732130054979,0,0,1,3.99655283132391,static_fit_scored_candidate
3,2,35,54,20,20,244198,244198,-0.000965169910926177,-0.000882744505642888,8.24254052832887e-05,14.240103755615,0.0298911132861299,0.0504995904995905,0.000598020843907423,0.00867723780831616,0.00486323384315148,0.00663020831421409,0.000629160630372275,0.500301478821799,0.499698521178201,0,0,1,2.51686393468691,static_fit_scored_candidate
3,2,36,55,20,20,244166,244166,-0.000367149067018753,8.26074618401401e-05,0.000449756528858894,14.2387317631208,0.0295443023160934,0.0504079158612103,0.000589714682181567,0.00822801494238702,0.0043961068365268,0.00429888949109205,0,0.50032583105415,0.49967416894585,0,0,1,2.27199269008737,static_fit_scored_candidate
3,2,37,56,20,20,244219,244219,0.000222565615162813,8.26074618401401e-05,0.000139958153322673,14.2415431067955,0.0296763445525414,0.0505937269674883,0.000457374071536704,0.00835932570680101,0.0049884076274183,0.00608625676259579,0,0.500311649490542,0.499688350509458,0,0,1,1.70925010751542,static_fit_scored_candidate
3,2,38,57,20,20,244255,244255,0.000679939686699517,0.00116713861897474,0.000487198932275219,14.2437818790611,0.0293681384894885,0.0507500327525219,9.04818558368361e-05,0.00796295370371565,0.00497732636761466,0.00501107377804896,0.000629160630372275,0.500330415195665,0.499669584804335,0,0,1,0.766749601612452,static_fit_scored_candidate
3,2,39,58,20,20,244304,244304,0.000770421542536353,0.00116713861897474,0.000396717076438383,14.2466097312407,0.0291934684341881,0.0509201650402777,9.04818558368361e-05,0.00713736504126795,0.00409480077948351,0.0022891456702054,0,0.500374604214755,0.499625395785245,0,0,1,0.693071164091754,static_fit_scored_candidate
3,2,40,59,20,20,244396,244396,0.000479440107675965,4.5246349577117e-05,0.000434193758098848,14.2521213992993,0.0287931598274735,0.0512774349825693,6.14443506944155e-06,0.00829704768269681,0.00360220269905073,0.000376424455960111,0,0.500364398603801,0.499635601396199,0,0,1,0.51933740344211,static_fit_scored_candidate
3,2,41,60,20,20,244317,244317,0.000776565977605795,0.00120249218030004,0.000425926202694243,14.2472357113461,0.0287888095840368,0.0514734774066798,0.000237862296394452,0.00828853451819054,0.00332037396568184,0.00036105121218183,0.000629160630372275,0.500306320585176,0.499693679414824,0,0,1,0.54322426169593,static_fit_scored_candidate
3,2,42,61,20,20,244307,244307,0.00101442827400025,4.5246349577117e-05,0.00096918192442313,14.2466891236518,0.028714806915266,0.0518525795307563,9.93388159943111e-05,0.00644701786790232,0.00371291064534089,7.45170858116785e-05,0,0.500373240961032,0.499626759038968,0,0,1,0.552783865980084,static_fit_scored_candidate
3,2,43,62,20,20,244292,244292,0.000677227161611484,-0.000928928454600254,0.00160615561621174,14.2460693030322,0.0286114146513628,0.0514793771388339,0.000142247295791108,0.00505179000257072,0.00462661590150051,0.00308261161116964,0,0.500356050335732,0.499643949664268,0,0,1,0.854337173403395,static_fit_scored_candidate
3,2,44,63,20,20,244253,244253,0.000872180978209139,-0.000447954802505262,0.0013201357807144,14.243661105965,0.0281795559148682,0.0516671033669593,9.56593242884989e-05,0.00574141014215773,0.00335621133546405,0.00317898328977503,0,0.500393714904016,0.499606285095984,0,0,1,0.432759334882547,static_fit_scored_candidate
3,2,45,64,20,20,244322,244322,0.000581567837322985,-0.000928928454600254,0.00151049629192324,14.2475855076077,0.0278094190451526,0.0515872366202256,0.000290613140886154,0.00731621781475347,0.00346415556499894,0.00252394588011956,0.000629160630372275,0.500339383664142,0.499660616335858,0,0,1,0.545799050079539,static_fit_scored_candidate
3,2,46,65,20,20,244499,244499,0.000228523142966602,-0.000928928454600254,0.00115745159756686,14.2580320920203,0.0278178019009092,0.0472147239263804,8.45371513044504e-05,0.00713736504126795,0.0044460641997488,0.00290538454620026,0.000628765036166222,0.500314116832647,0.499685883167354,0,0,1,0.10046746651978,static_fit_scored_candidate
3,2,47,66,20,20,244422,244422,0.000497030686018534,-0.000447954802505262,0.000944985488523796,14.2534392529643,0.0279488708571118,0.0469184695447256,0.000268507543051933,0.00731621781475347,0.00470159366467599,0.00319436669777081,0,0.500488458924291,0.499511541075709,0,0,1,0.0197362730860061,static_fit_scored_candidate
3,2,48,67,20,20,244390,244390,0.0010576357370383,-0.000447954802505262,0.00150559053954356,14.2514986083568,0.0277423211499639,0.0467936757340666,0.000277629538325379,0.00680909144901849,0.00345351297282809,0.00251159273684449,0,0.500376026108762,0.499623973891238,0,0,1,0.354546138739098,static_fit_scored_candidate
3,2,49,68,20,20,244464,244464,0.00133526527536368,0.000224540568965834,0.00111072470639785,14.2558526787138,0.0276347808249187,0.0470580535375352,0.000197639647854875,0.00673445351493965,0.00416609755332632,0.00194943982781517,0.000629160630372275,0.500387033152419,0.499612966847581,0,0,1,0.0677750235093155,static_fit_scored_candidate
3,2,50,69,20,20,244522,244522,0.00153290492321856,0.00057865007810539,0.000954254845113166,14.2593743830573,0.0276444863208331,0.0472918813695179,3.53027458429166e-05,0.00650440918969702,0.00420567087233748,0.00282742192177071,0.000629160630372275,0.500381993049809,0.499618006950191,0,0,1,0.0210012898281404,static_fit_scored_candidate
3,2,51,70,20,20,244394,244394,0.0013705680212066,0.000224540568965834,0.00114602745224076,14.251863255038,0.0272806802452539,0.0468092767475736,5.85981934198385e-05,0.00567738326926276,0.00404732977619761,9.62811807776563e-05,0,0.500353347309129,0.499646652690871,0,0,1,0.094301300730247,static_fit_scored_candidate
3,2,52,71,20,20,244448,244448,0.00159150311663839,0.000224540568965834,0.00136696254767256,14.2550017859864,0.0273981618207099,0.0469956800628355,0.000133887761720144,0.00551367712015713,0.00506348056071676,0.000333412114685384,0.000629160630372275,0.500363636805989,0.499636363194011,0,0,1,0.255424397057919,static_fit_scored_candidate
3,2,53,72,20,20,244449,244449,0.00123668025948645,-0.000377727458768969,0.00161440771825542,14.2552602126034,0.0272834835761675,0.0470276373275735,5.8216653855233e-05,0.00562302690887735,0.00534981526336464,0.00486882149864612,0.000628765036166222,0.500339048041157,0.499660951958843,0,0,1,0.435823651004483,static_fit_scored_candidate
3,2,54,73,20,20,244483,244483,0.00129489691334169,-0.0002830215148648,0.00157791842820649,14.2569739944223,0.0272645666734801,0.0471360089003779,5.8216653855233e-05,0.00453567469320749,0.00505984430849844,0.00251408241206504,0.000629160630372275,0.50035891450157,0.49964108549843,0,0,1,0.409714197373762,static_fit_scored_candidate
3,2,55,74,20,20,244600,244600,0.00139397722506851,-0.0002830215148648,0.00167699873993331,14.2642133824575,0.027128182763945,0.0476042518397383,5.50802581893042e-05,0.00434887680278103,0.00507255978723103,0.00436653551464243,0,0.50041136385389,0.49958863614611,0,0,1,0.482214640183441,static_fit_scored_candidate
3,2,56,75,20,20,244681,244681,0.00123981665515238,-0.0002830215148648,0.00152283817001718,14.268198586059,0.0272792243369033,0.0478985140017328,0.000129399173163562,0.00517283325693428,0.00510150472852071,0.00602483527018592,0.000628765036166222,0.500362584022117,0.499637415977883,0,0,1,0.370507617964358,static_fit_scored_candidate
3,2,57,76,20,20,244700,244700,0.00152337639823207,0.000224540568965834,0.00129883582926624,14.2697541795619,0.0269017608451548,0.0479771148344912,6.30840016651391e-05,0.00482909729293444,0.00510330833640035,0.00500956836589231,0,0.500339720240358,0.499660279759642,0,0,1,0.208006291956183,static_fit_scored_candidate
3,2,58,77,20,20,244664,244664,0.00158646039989721,-0.0002830215148648,0.00186948191476201,14.2675919252138,0.0269455969421548,0.0480168721184972,6.30840016651391e-05,0.00386678081809716,0.00582261938241073,0.0033443128096275,0.00125792554213148,0.500440147816955,0.499559852183045,0,0,1,0.623501283787609,static_fit_scored_candidate
3,2,59,78,20,20,244626,244626,0.00174812498376655,0.000224540568965834,0.00152358441480072,14.2658775475669,0.0269216451906746,0.0478931275242409,0.000161664583869344,0.0045333075576775,0.00511411662595863,0.00316539851082718,0.000628765036166222,0.500446912535044,0.499553087464956,0,0,1,0.37234593267665,static_fit_scored_candidate
3,2,60,79,20,20,244635,244635,0.00225228073178576,0.00057865007810539,0.00167363065368037,14.2659119084146,0.026971941706693,0.0478915613401135,0.000232201611720268,0.00377197499012133,0.00443362763217147,0.0016099022658301,0,0.500335281597778,0.499664718402222,0,0,1,0.481889487998716,static_fit_scored_candidate
3,2,61,80,20,20,244655,244655,0.00151592337204628,0.000224540568965834,0.00129138280308045,14.2672413378188,0.0273916129710911,0.047985743247662,0.000404087941200712,0.00502928302518233,0.00561175359651239,0.00218413661692718,0.00125792554213148,0.500478899259582,0.499521100740418,0,0,1,0.731461070409025,static_fit_scored_candidate
3,2,62,81,20,20,244598,244598,0.00111183543084557,0.000232798366087906,0.000879037064757666,14.2636171101312,0.0273977288255892,0.0477677841373671,9.5202228533183e-05,0.004329986232986,0.00623919809391771,0.00283958413865276,0,0.500312485991273,0.499687514008727,0,0,1,0.0261183738269797,static_fit_scored_candidate
3,2,63,82,20,20,244544,244544,0.00120703765937875,0.000232798366087906,0.000974239293290849,14.2607156985724,0.0276020674005217,0.0475497252028265,9.5202228533183e-05,0.00539362819976109,0.00559204011545919,0.00541110089380938,0.00125792554213148,0.500313854290843,0.499686145709157,0,0,1,0.0265459431822613,static_fit_scored_candidate
3,2,64,83,20,20,244576,244576,0.000759204838155335,0.000232798366087906,0.000526406472067429,14.2625050023402,0.027811325130044,0.0476906973701426,5.85109326708614e-05,0.00531139433447183,0.00555737325960227,0.00698925490081259,0.00125792554213148,0.500331463062604,0.499668536937396,0,0,1,0.0269761110130936,static_fit_scored_candidate
3,2,65,84,20,20,244560,244560,0.000700693905484473,0.000232798366087906,0.000467895539396567,14.2614921012015,0.027837891410808,0.0476447497546614,5.85109326708614e-05,0.00558666786715091,0.00528055907096151,0.00693289915625831,0,0.500361063611382,0.499638936388618,0,0,1,0.0274081975282484,static_fit_scored_candidate
3,2,66,85,20,20,244344,244344,0.000290659243177761,-0.000274763717742727,0.000565422960920488,14.2489276618805,0.0277614419533504,0.0536947909504633,0.000410034662306712,0.00597183593078585,0.00613658004498632,0.00913553439759812,0.000629160630372275,0.500269863471861,0.499730136528139,0,0,1,1.05178261785176,static_fit_scored_candidate
3,2,67,86,20,20,244421,244421,-0.000528252572517418,-0.000684944986529156,0.000156692414011739,14.2535785412073,0.0278156622987942,0.0540045167414002,0.000651427623139508,0.00629242373521951,0.00747030248158254,0.0116074787673094,0,0.5003013298273,0.4996986701727,0,0,1,2.29821217692664,static_fit_scored_candidate
3,2,68,87,20,20,244512,244512,-0.00117968019565693,-0.00132807334760172,0.000148393151944796,14.2587022252205,0.0284579531989999,0.0532979976442874,0.000651427623139508,0.00596885517966398,0.00785462750027408,0.00927324356116941,0.000628765036166222,0.500370826208331,0.499629173791669,0,0,1,2.37461089066419,static_fit_scored_candidate
3,2,69,88,20,20,244430,244430,-0.00185132993702578,-0.00243637114282094,0.000585041205795159,14.2538795742552,0.0288284029302656,0.0529717876546442,0.000671649741368851,0.00613770833717455,0.00907447646625461,0.0101404763596515,0.00125792554213148,0.500208449572869,0.499791550427131,0,0,1,2.63771944317984,static_fit_scored_candidate
3,2,70,89,20,20,244362,244362,-0.00273704291284515,-0.00348162741260078,0.000744584499755628,14.2502570047873,0.0290884870801126,0.0527246239216906,0.000491348534558681,0.00467652859441223,0.00908055923520912,0.0107328212685066,0,0.500362505242407,0.499637494757593,0,0,1,1.84921157514473,static_fit_scored_candidate
3,2,71,90,20,20,244451,244451,-0.00322839144740383,-0.00348162741260078,0.000253235965196947,14.2549730374423,0.0291855174351148,0.0530329062556248,0.000491348534558681,0.00505741804989607,0.00714797985202522,0.00672151565832562,0.000628765036166222,0.50034415013553,0.499655849864469,0,0,1,1.94396699577856,static_fit_scored_candidate
3,2,72,91,20,20,244414,244414,-0.00427127589346994,-0.00460252521693539,0.000331249323465442,14.2533312532382,0.0289229521160412,0.0529261586802828,0.000302483620981669,0.00485906036995687,0.00735233965803243,0.00878487108753732,0.000629160630372275,0.500195645207971,0.499804354792029,0,0,1,0.842240971442273,static_fit_scored_candidate
3,2,73,92,20,20,244451,244451,-0.00457375951445161,-0.00584285593002013,0.00126909641556851,14.2550479022221,0.0290167237320062,0.053049269386219,0.000302483620981669,0.0040024222346429,0.00751941742534314,0.00873815676320661,0.000629160630372275,0.500317767997763,0.499682232002237,0,0,1,1.07316790752743,static_fit_scored_candidate
3,2,74,93,20,20,244460,244460,-0.00534227950505793,-0.00732927050368405,0.00198699099862612,14.2557679326157,0.0293372662659203,0.0531129837192179,0.000633646742766678,0.00485906036995687,0.00746414038989499,0.00617366443302675,0.000628765036166222,0.500313066324944,0.499686933675056,0,0,1,3.43465137415081,static_fit_scored_candidate
3,2,75,94,20,20,244342,244342,-0.0059759262478246,-0.00732927050368405,0.00135334425585944,14.2487369428914,0.0296814091305747,0.0537766427659365,0.000633646742766678,0.00409356752662679,0.00714797985202526,0.00670655234151251,0,0.500241223233986,0.499758776766014,0,0,1,3.2520441105524,static_fit_scored_candidate
3,2,76,95,20,20,244214,244214,-0.00686239770015816,-0.0085555968120286,0.00169319911187044,14.2415174591434,0.0298944662829365,0.0535919022504668,0.000706019382610616,0.00485906036995687,0.00670693642344769,0.00555548226980892,0.000629160630372275,0.500154303040423,0.499845696959577,0,0,1,3.95436351343025,static_fit_scored_candidate
3,2,77,96,20,20,244238,244238,-0.00756841708276877,-0.0085555968120286,0.000987179729259823,14.2429208273055,0.0297801490254489,0.0537012774320341,0.000537930271938921,0.00539553027063818,0.00641805788767598,0.00260019222255187,0,0.500303670844721,0.499696329155279,0,0,1,2.59603393810499,static_fit_scored_candidate
3,2,78,97,20,20,244119,244119,-0.00810634735470769,-0.0085555968120286,0.000449249457320902,14.2359387660647,0.0297437191581127,0.053301654923808,0.000537930271938921,0.00516939898172681,0.00530663606447102,0.0035838524177976,0.000629160630372275,0.500089885700859,0.499910114299141,0,0,1,2.52354415139004,static_fit_scored_candidate
3,2,79,98,20,20,244141,244141,-0.00881639041057428,-0.0108625723040975,0.00204618189352319,14.2370093794087,0.0298604057747126,0.0533947178714201,0.000312142029651383,0.00558663362045984,0.00508524347143975,0.00385794643838501,0.000629160630372275,0.500200896251724,0.499799103748276,0,0,1,2.20115965332258,static_fit_scored_candidate
3,2,80,99,20,20,244175,244175,-0.00912853244022566,-0.0108625723040975,0.00173403986387181,14.239141101841,0.0296688507603096,0.0535187733438176,0.00011621893465465,0.00427605770932233,0.00607629783653742,6.37551568059575e-05,0.000628765036166222,0.50016338364064,0.49983661635936,0,0,1,1.81690240173304,static_fit_scored_candidate
3,2,81,100,20,20,244149,244149,-0.00870017147591963,-0.0085555968120286,0.000144574663891036,14.237680739229,0.0293095930980789,0.0534257347881648,4.96338872334919e-05,0.00516308121623728,0.00537555630339406,0.00201913891273408,0,0.500099317776369,0.499900682223631,0,0,1,1.10586312464488,static_fit_scored_candidate
3,2,82,101,20,20,244125,244125,-0.00874980536315312,-0.00866580733753506,8.39980256180598e-05,14.2362901277957,0.0291989473647546,0.0533326779394416,3.31065627000998e-05,0.00540134717068911,0.00449751307943317,0.000991663059678087,0.000629160630372275,0.500081427838392,0.499918572161608,0,0,1,1.03283493479908,static_fit_scored_candidate
3,2,83,102,20,20,244194,244194,-0.00866706491321953,-0.00866580733753506,1.25757568446815e-06,14.2401957694737,0.0289678634656997,0.0535962915035463,6.79659528743e-05,0.00540134717068911,0.00534120734907866,0.00253386522171845,0.000628765036166222,0.500122773521412,0.499877226478588,0,0,1,0.940305154852742,static_fit_scored_candidate
3,2,84,103,20,20,244314,244314,-0.00859909896034523,-0.00832108180237527,0.000278017157969957,14.2471648793227,0.0287967630490465,0.0498207239804188,6.79659528743e-05,0.00516308121623728,0.00489153612191558,0.00367507868746598,0,0.500123651318213,0.499876348681787,0,0,1,0.392009555647934,static_fit_scored_candidate
3,2,85,104,20,20,244363,244363,-0.00841786537549763,-0.00866580733753506,0.000247941962037434,14.2502301864297,0.0286773173350465,0.049057962711365,0.000181233584847602,0.005818551859495,0.0048934171203016,0.00113845349245561,0.000628765036166222,0.500283479268108,0.499716520731892,0,0,1,0.326426418991337,static_fit_scored_candidate
3,2,86,105,20,20,244435,244435,-0.00793574489288094,-0.00832108180237527,0.000385336909494334,14.2542930672253,0.0285197027955091,0.0493380680423506,9.9818475225574e-05,0.00605263193913628,0.00596162597821738,0.00285663871659012,0.000628765036166222,0.500255874460546,0.499744125539454,0,0,1,0.239711499216141,static_fit_scored_candidate
3,2,87,106,20,20,244359,244359,-0.00783592641765537,-0.00803513358687363,0.000199207169218263,14.249694119575,0.0279539256538418,0.0490260271730234,9.9818475225574e-05,0.0063623138855613,0.00689769302340868,0.0035390264115151,0,0.500225043392986,0.499774956607014,0,0,1,0.0367881436950145,static_fit_scored_candidate
3,2,88,107,20,20,244338,244338,-0.00723559323769112,-0.00832108180237527,0.00108548856468415,14.2486023806695,0.0274661760406958,0.0489645575836948,0.000600333179964242,0.00603002493515987,0.00731720882385669,0.00446883334880616,0.000629160630372275,0.500261896761864,0.499738103238137,0,0,1,1.57293632116846,static_fit_scored_candidate
3,2,89,108,20,20,244407,244407,-0.00655936507861299,-0.00803513358687363,0.00147576850826064,14.252582247754,0.0272226082617647,0.0492291578017086,0.00039612102971816,0.00594914886236371,0.00851248375637016,0.00810524868936922,0,0.500290830486171,0.499709169513829,0,0,1,0.837733546861925,static_fit_scored_candidate
3,2,90,109,20,20,244430,244430,-0.00616324404889482,-0.00745926194778271,0.00129601789888789,14.2540248627107,0.0266362950440751,0.0490115860443804,0.000159721364283663,0.00625903491951639,0.00834102626451741,0.00698035514773627,0.00125792554213148,0.500175328699571,0.499824671300429,0,0,1,0.220032970551946,static_fit_scored_candidate
3,2,91,110,20,20,244420,244420,-0.00600352268461116,-0.00803513358687363,0.00203161090226247,14.2537331573205,0.0265214193030727,0.0487194173962851,0.000159721364283663,0.00724750898730814,0.00840586952905153,0.00632169512399881,0.000629160630372275,0.500167278931007,0.499832721068993,0,0,1,0.755482475553651,static_fit_scored_candidate
3,2,92,111,20,20,244499,244499,-0.00531468938958858,-0.00745926194778271,0.00214457255819413,14.2578883587571,0.0265535629152449,0.0489815950920245,0.000381967706324727,0.00757325708653769,0.00764082368217546,0.00674538208120239,0,0.50021631966087,0.49978368033913,0,0,1,1.25479068208735,static_fit_scored_candidate
3,2,93,112,20,20,244540,244540,-0.00493272168326385,-0.00501875393503424,8.60322517703942e-05,14.2602412513106,0.0264942222187835,0.0491371554755868,0.000298497695516169,0.00693133683163151,0.00752675702438224,0.00668731911908528,0.000628765036166222,0.50015491585386,0.49984508414614,0,0,1,0.0393410258528569,static_fit_scored_candidate
3,2,94,113,20,20,244396,244396,-0.00463422398774768,-0.00453472690574027,9.94970820074135e-05,14.252176047952,0.0262749186588002,0.0482986628259055,0.000298497695516169,0.00638419256446461,0.0063285327850716,0.00403585138920383,0,0.500035128647911,0.49996487135209,0,0,1,0.0397492103272554,static_fit_scored_candidate
3,2,95,114,20,20,244548,244548,-0.00391147749904771,-0.0043536597919607,0.000442182292912992,14.2605813641362,0.0261308151563374,0.0488084138901156,0.000655798011954925,0.00631258431648146,0.00693096718189929,0.0109112838600897,0.000628765036166222,0.500160719439235,0.499839280560765,0,0,1,1.82396658546471,static_fit_scored_candidate
3,2,96,115,20,20,244584,244584,-0.00325567948709278,-0.0017429911710005,0.00151268831609229,14.2628365294606,0.025735781288855,0.0489647728387793,0.000655798011954925,0.00732602473534935,0.00514819317894735,0.00754833833797209,0.000628765036166222,0.500228314689596,0.499771685310404,0,0,1,2.16396772565093,static_fit_scored_candidate
3,2,97,116,20,20,244531,244531,-0.0023348678000167,-0.000487725141297028,0.00184714265871967,14.2597470254433,0.0261968138819388,0.0484680941553662,0.00092081168707608,0.00564732848240964,0.00578137993560233,0.00706453139144484,0,0.500195037715207,0.499804962284793,0,0,1,3.73069279122713,static_fit_scored_candidate
3,2,98,117,20,20,244675,244675,-0.00116626419629765,-0.000193532192840709,0.00097273200345694,14.2681987749017,0.0266508518844016,0.0492896728735144,0.00116860360371905,0.00726341912573433,0.00528578476157323,0.00692414659566085,0.00125713485111192,0.500336624406122,0.499663375593878,0,0,1,4.38538421087702,static_fit_scored_candidate
3,2,99,118,20,20,244702,244702,0.000101849913764387,8.04511688765962e-05,2.13987448877911e-05,14.2696451881496,0.0265416641216714,0.049398456911207,0.000680485281980696,0.00549656755590334,0.00535669163543613,0.00723758601894143,0.000628765036166222,0.500184902927587,0.499815097072414,0,0,1,1.94892746618792,static_fit_scored_candidate
3,2,100,119,20,20,244610,244610,0.000782335195745083,0.00084544107234589,6.31058766008068e-05,14.2645830151492,0.026836992627355,0.0487629388582735,0.000680485281980696,0.00525095069042911,0.00635465387525734,0.00761039934512563,0.00125792554213148,0.500225667638853,0.499774332361147,0,0,1,1.94936133896907,static_fit_scored_candidate
3,2,101,120,20,20,244708,244708,0.00197560659669464,0.00157595817703802,0.000399648419656619,14.2700294642634,0.0275168263604491,0.0484659267371725,0.000784752258305581,0.00608569167367444,0.00712993262432284,0.0106233315079016,0.00188629510849775,0.500385887538824,0.499614112461176,0,0,1,2.47035205858874,static_fit_scored_candidate
3,2,102,121,20,20,244853,244853,0.00276035885500022,0.00189030253051201,0.000870056324488216,14.2787865793522,0.027909301798368,0.0490574051687522,0.000478165936982668,0.00608569167367444,0.0079304179870712,0.0107018890568262,0.000628765036166222,0.500318408357566,0.499681591642434,0,0,1,0.940180936320978,static_fit_scored_candidate
3,2,103,122,20,20,244784,244784,0.00323852479198289,0.00312094401927588,0.000117580772707009,14.2749606048063,0.0285020539712179,0.0484835610170599,0.000478165936982668,0.00675536882521828,0.00927707013826006,0.0107919001767853,0.000628765036166222,0.500248932347595,0.499751067652405,0,0,1,1.13418571768365,static_fit_scored_candidate
3,2,104,123,20,20,244718,244718,0.00444384124143129,0.00312094401927588,0.00132289722215541,14.2710328977741,0.0288710948752992,0.0515691402419091,0.00099303680202778,0.00696158352127579,0.0101885678228293,0.0114401024680284,0.00125713485111192,0.500292896448015,0.499707103551985,0,0,1,4.29716926034121,static_fit_scored_candidate
3,2,105,124,20,20,244703,244703,0.00543687804345907,0.00527320633145869,0.000163671712000385,14.2699412224322,0.0294893078024267,0.0514907806983131,0.000271856610347644,0.00722640090533008,0.010221933138445,0.00989654666248357,0.000628765036166222,0.500223476752323,0.499776523247677,0,0,1,0.960118489800636,static_fit_scored_candidate
3,2,106,125,20,20,244656,244656,0.00570873465380672,0.00527320633145869,0.000435528322348029,14.2671532003702,0.0298506233387253,0.0513046890327644,0.000271856610347644,0.00897357470264473,0.0118014523114541,0.0129867735834441,0.000628765036166222,0.500241181427547,0.499758818572453,0,0,1,1.13574292864743,static_fit_scored_candidate
3,2,107,126,20,20,244810,244810,0.00688833500511301,0.00515677089373155,0.00173156411138147,14.2764547241445,0.0301240215958494,0.0503243305066745,0.00113870096108565,0.00928546558622933,0.0110424776801653,0.0128362833629363,0.00125713485111192,0.500279472513765,0.499720527486235,0,0,1,5.85128922374692,static_fit_scored_candidate
3,2,108,127,20,20,244810,244810,0.00802703596619866,0.00666492480928059,0.00136211115691807,14.2764290742656,0.0302304123186359,0.0503079914383282,0.00112198637665471,0.00858094987110052,0.0105820105820106,0.0138158474522885,0.000628369939118269,0.500237108226899,0.499762891773101,0,0,1,5.55621025047461,static_fit_scored_candidate
3,2,109,128,20,20,244748,244748,0.00914902234285337,0.00725465624723149,0.00189436609562188,14.2726598634927,0.0305578004681501,0.0500433098534002,0.000920762491484166,0.00809409961625663,0.00991482099611642,0.011681167863596,0.000628765036166222,0.500210951447485,0.499789048552515,0,0,1,5.10004180158153,static_fit_scored_candidate
3,2,110,129,20,20,244780,244780,0.0100697848343375,0.00725465624723149,0.00281512858710605,14.2745366652983,0.030634160500217,0.0501838385489011,0.000920762491484166,0.00790168351556112,0.00985243666008164,0.0114616304090114,0.000628369939118269,0.500308290903868,0.499691709096132,0,0,1,5.81615559751463,static_fit_scored_candidate
3,2,111,130,20,20,244701,244701,0.011269452251255,0.00813919605905036,0.00313025619220468,14.2695641243847,0.0305545819599913,0.0498724990192232,0.000875954113451479,0.00727464228564866,0.0084353773201519,0.00961511200941377,0.000628369939118269,0.500309079730019,0.499690920269981,0,0,1,5.77434116328813,static_fit_scored_candidate
3,2,112,131,20,20,244622,244622,0.0121454063647065,0.00770589205362584,0.00443951431108069,14.265024114756,0.0305927977247861,0.0495617764405782,0.000303453093835138,0.00614868058823384,0.00774133366853187,0.00764364221668825,0.000628765036166222,0.500270990814417,0.499729009185583,0,0,1,3.89003284753257,static_fit_scored_candidate
3,2,113,132,20,20,244836,244836,0.0124488594585417,0.00770589205362584,0.00474296740491582,14.2780279814259,0.0305705696063532,0.0458102566616021,0.000303453093835138,0.00575126091552062,0.00640657655846844,0.00571093285368483,0,0.500335159608134,0.499664840391866,0,0,1,4.09889398680184,static_fit_scored_candidate
3,2,114,133,20,20,244975,244975,0.0136936470276706,0.00939268179391465,0.00430096523375594,14.2858729313368,0.0302183394333012,0.0463229051009078,0.000477571823473782,0.0050996948571563,0.00591202240388039,0.0099247184368035,0.000628369939118269,0.500372723990269,0.499627276009731,0,0,1,4.45237370493582,static_fit_scored_candidate
3,2,115,134,20,20,244968,244968,0.0141712188511444,0.0114533816083514,0.00271783724279294,14.2857666469173,0.0301012460468218,0.0463080892198165,0.000477571823473782,0.00465942920604652,0.00525435266070734,0.00444307439787656,0.000628765036166222,0.500416767311758,0.499583232688242,0,0,1,3.23660619083761,static_fit_scored_candidate
3,2,116,135,20,20,245000,245000,0.0149616208339075,0.0114533816083514,0.00350823922555609,14.2872900972299,0.029893755647101,0.0464,0.00047464463248712,0.00391389815673307,0.0051087153395096,0.00344405389128357,0.000628765036166222,0.500371795404525,0.499628204595475,0,0,1,3.68258883888771,static_fit_scored_candidate
3,2,117,136,20,20,245008,245008,0.0154362654663946,0.0134190224124972,0.00201724305389748,14.2875820172739,0.0295957719006235,0.0464311369424672,0.00047464463248712,0.00391389815673307,0.00606720384615332,0.00430830367203507,0.00125713485111192,0.500398571325877,0.499601428674123,0,0,1,2.43382338466313,static_fit_scored_candidate
3,2,118,137,20,20,245036,245036,0.0159286372048865,0.0149661907419766,0.00096244646290982,14.2890609152914,0.0292368377579236,0.0465401002301703,0.00430150221915251,0.00419232381297693,0.00621555348742649,0.00205628654606436,0.000628765036166222,0.500374407926556,0.499625592073444,0,0,1,20.6342953516199,static_fit_scored_candidate
3,3,1,20,20,20,243723,243723,-0.0155030949607928,-0.0172601168857828,0.00175702192499004,14.2117785423755,0.0277545065543221,0.0512546979370107,0.0102050681333991,0.00578199713107135,0.00726925970675284,0.0113836458097713,0.000659013662885419,0.500141393648173,0.499858606351827,0,0,1,33.8345371260847,static_fit_scored_candidate
3,3,2,21,20,20,243627,243627,-0.015883601426434,-0.0180701995456304,0.00218659811919636,14.2067729990621,0.0278543244337701,0.0506017370745563,0.000380506465641254,0.0049105781761057,0.0075206411892743,0.0123659614659516,0.000659013662885419,0.500125386636574,0.499874613363426,0,0,1,0.531353936913391,static_fit_scored_candidate
3,3,3,22,20,20,243719,243719,-0.0167783947788455,-0.0188605644531544,0.00208216967430893,14.211680332133,0.0277997943820607,0.0512883636960446,9.23626266277656e-05,0.00511322481770981,0.00664213358561592,0.00902034280154218,0,0.500118340540397,0.499881659459604,0,0,1,0.458338792760847,static_fit_scored_candidate
3,3,4,23,20,20,243682,243682,-0.0159759640530618,-0.0180701995456304,0.0020942354925686,14.2100630346141,0.0277041995123486,0.050836329016267,0.000240514137846353,0.00471136467733003,0.00566236243514024,0.00914325620329292,0,0.499994145478096,0.500005854521904,0,0,1,0.432146403692406,static_fit_scored_candidate
3,3,5,24,20,20,243599,243599,-0.0157354499152154,-0.0180701995456304,0.00233474963041495,14.204731838977,0.0277162789810405,0.0507881773399015,0.000240514137846353,0.00566379831969117,0.00479654579559454,0.00414434515161513,0.000659013662885419,0.500110479139048,0.499889520860952,0,0,1,0.551925705772304,static_fit_scored_candidate
3,3,6,25,20,20,243582,243582,-0.016431321801861,-0.0188605644531544,0.00242924265129342,14.2041138017445,0.0275133405814857,0.0507422490803994,6.78798239751449e-05,0.00629940796332004,0.00335895221900421,0.00474429784500252,0,0.500095724049743,0.499904275950257,0,0,1,0.597277307959949,static_fit_scored_candidate
3,3,7,26,20,20,243523,243523,-0.0164992016258361,-0.0180701995456304,0.00157099791979427,14.2005421484039,0.0274662267271848,0.0504919432992231,6.78798239751449e-05,0.00597258090363681,0.00459468029354936,0.00426218785196633,0.000659013662885419,0.499961913823785,0.500038086176215,0,0,1,0.176777960804309,static_fit_scored_candidate
3,3,8,27,20,20,243480,243480,-0.0167168118971586,-0.0188605644531544,0.00214375255599578,14.1980519332877,0.0273630909041153,0.0503203548546082,0.000217610271322492,0.00603546122481925,0.00318166853874878,0.000883618238466916,0.000659013662885419,0.500082992525418,0.499917007474582,0,0,1,0.421757592033046,static_fit_scored_candidate
3,3,9,28,20,20,243466,243466,-0.0172548964417835,-0.0188605644531544,0.00160566801137093,14.1970104364244,0.0269296285078877,0.0502571179785434,3.32923568089026e-05,0.00597258090363681,0.00430301221737996,0.0037205167224859,0.00131759316981984,0.500028537655749,0.499971462344252,0,0,1,0.16061098713699,static_fit_scored_candidate
3,3,10,29,20,20,243445,243445,-0.0172216040849745,-0.0180701995456304,0.000848595460655827,14.195898542249,0.0265788733377287,0.050129801846801,3.32923568089026e-05,0.00606791889964174,0.00476767966105158,0.00327121797134946,0.00131759316981984,0.500033432085233,0.499966567914767,0,0,1,0.151811243369453,static_fit_scored_candidate
3,3,11,30,20,20,243484,243484,-0.0167060351935017,-0.0180701995456304,0.00136416435212868,14.1980762632776,0.0260353071478389,0.0502538154457788,0.000209894627594284,0.00563394251901185,0.0053031665406843,0.00625480844042468,0,0.500064121516274,0.499935878483726,0,0,1,0.161232013728894,static_fit_scored_candidate
3,3,12,31,20,20,243554,243554,-0.0164961405659074,-0.0180701995456304,0.00157405897972297,14.2025038919295,0.0262212294435272,0.0505510026441558,0.000209894627594284,0.00515649314691936,0.00704161675341799,0.0114419084203786,0,0.500051696776787,0.499948303223213,0,0,1,0.183197513848143,static_fit_scored_candidate
3,3,13,32,20,20,243637,243637,-0.0158800366885829,-0.0172601168857828,0.00138008019719994,14.2073778431276,0.0262743036184947,0.0508783450993269,0.000361389999065398,0.00562520751157619,0.00878488377292746,0.0117116772158723,0.00131846176792989,0.499969180440592,0.500030819559408,0,0,1,0.212089738561106,static_fit_scored_candidate
3,3,14,33,20,20,243594,243594,-0.0155186466895175,-0.0180701995456304,0.00255155285611292,14.2048039860849,0.0261909308191571,0.0506904875285308,0.000361389999065398,0.00564097765255251,0.00651906866190968,0.00960361212458524,0.000659013662885419,0.500124962217089,0.499875037782911,0,0,1,0.664152647999943,static_fit_scored_candidate
3,3,15,34,20,20,243680,243680,-0.014420676836703,-0.0167978481675974,0.0023771713308944,14.2097457853179,0.0261930799802045,0.0510013131976362,0.00109796985281446,0.006293520207387,0.00593067236315135,0.0099892010258954,0.000659013662885419,0.500085364974691,0.499914635025309,0,0,1,3.10783011419412,static_fit_scored_candidate
3,3,16,35,20,20,243614,243614,-0.0128147083083604,-0.0141171146590806,0.0013024063507202,14.206067867105,0.0265028687791252,0.050768422435308,0.000591775839157479,0.00652216141606897,0.00794317252383909,0.0146344591722582,0.00131846176792989,0.500113534157408,0.499886465842592,0,0,1,0.990421522334519,static_fit_scored_candidate
3,3,17,36,20,20,243545,243545,-0.0122229324692029,-0.012233735073622,1.08026044190728e-05,14.2018071911699,0.026773798905237,0.0504869676614056,0.000591775839157479,0.00683156494866923,0.00763238810421128,0.0126787228767054,0,0.500309847397972,0.499690152602028,0,0,1,0.970480431859593,static_fit_scored_candidate
3,3,18,37,20,20,243491,243491,-0.0111171128965292,-0.0114990090516405,0.000381896155111252,14.1987292972838,0.0272300753524668,0.0548683324298129,0.00110581957267367,0.0074368503214823,0.00918435194194158,0.0138323070713319,0,0.500432946980219,0.499567053019781,0,0,1,3.04001251461933,static_fit_scored_candidate
3,3,19,38,20,20,243452,243452,-0.00996808707685643,-0.0104425748243054,0.000474487747448925,14.1965856331674,0.02744347252341,0.0546966137061926,0.00113770562560416,0.00809581428302132,0.00951216830441352,0.0134222320240406,0.000659448248290528,0.500386486327917,0.499613513672083,0,0,1,3.13663298817749,static_fit_scored_candidate
3,3,20,39,20,20,243426,243426,-0.00883038145125227,-0.00967185024513228,0.000841468793880008,14.1950777248644,0.0276328716970414,0.0543240711832657,0.000927902588913104,0.00786171339163862,0.0100365929931795,0.0126914304071289,0.000659448248290528,0.500383838309691,0.499616161690309,0,0,1,2.39518700610058,static_fit_scored_candidate
3,3,21,40,20,20,243462,243462,-0.00790247886233917,-0.00967185024513228,0.00176937138279311,14.1972656973543,0.0279177802142874,0.0544474747806657,0.000927902588913104,0.00839465590367868,0.0106202066426704,0.01185799741968,0,0.500373560849318,0.499626439150682,0,0,1,2.47035066180967,static_fit_scored_candidate
3,3,22,41,20,20,243473,243473,-0.0063620809777634,-0.00827019591109356,0.00190811493333016,14.1975729626533,0.0280472591823931,0.0544776487210238,0.00105026045668327,0.0074371131875438,0.0100987509938659,0.0105790882199343,0.000659013662885419,0.500465755091421,0.499534244908579,0,0,1,2.96074831813311,static_fit_scored_candidate
3,3,23,42,20,20,243386,243386,-0.00531182052108013,-0.00623311442354577,0.000921293902465647,14.1928481341507,0.0282937380801181,0.0541357831939126,0.000910503389261813,0.00677456965895568,0.0111469908026843,0.0103996217283177,0.000659448248290528,0.50038592644851,0.49961407355149,0,0,1,2.32353722202984,static_fit_scored_candidate
3,3,24,43,20,20,243491,243491,-0.00440131713181832,-0.00754925535371435,0.00314793822189603,14.1985880583978,0.0286138613749712,0.0529134427414453,0.000910503389261813,0.00620119817211173,0.0118652233911742,0.0135643097676399,0.000659013662885419,0.500421377936916,0.499578622063084,0,0,1,3.22496888578928,static_fit_scored_candidate
3,3,25,44,20,20,243427,243427,-0.00321439641984643,-0.00623311442354577,0.00301871800369934,14.1956718593448,0.028914267754565,0.052713738764645,0.00114633053741961,0.00561227688164392,0.0120933847228688,0.0131451942752406,0.000659013662885419,0.500508774421035,0.499491225578965,0,0,1,4.17471867545888,static_fit_scored_candidate
3,3,26,45,20,20,243389,243389,-0.00206806588242682,-0.0037445681024227,0.00167650221999589,14.1926862811234,0.0288637249403949,0.0525243229029713,0.000435812228417169,0.00541041788426674,0.0115969328502464,0.0102999087121198,0.00131846176792989,0.500425015169089,0.499574984830911,0,0,1,1.01692134104229,static_fit_scored_candidate
3,3,27,46,20,20,243442,243442,-0.00163225365400965,-0.000695006863459824,0.000937246790549824,14.1959672095599,0.0290567422709901,0.0524145183286505,0.000435812228417169,0.00615042513494944,0.0102444157528981,0.0104653893064344,0.000659013662885419,0.500566254397227,0.499433745602773,0,0,1,1.13640192678645,static_fit_scored_candidate
3,3,28,47,20,20,243512,243512,-0.000255976811379388,0.00199188411893203,0.00224786093031142,14.2001523167332,0.0292100440071635,0.0529912283583561,0.00137627684263026,0.0046240096674538,0.0102246336624159,0.00913959516933002,0.00131759316981984,0.50059281022882,0.49940718977118,0,0,1,4.80871500415331,static_fit_scored_candidate
3,3,29,48,20,20,243665,243665,0.00123894620841397,0.003492239052305,0.00225329284389103,14.2092322551657,0.0291598122297477,0.0468178012705813,0.00131064553818059,0.0046240096674538,0.0108193743249909,0.00888455261975077,0.0019770409886553,0.500111975217353,0.499888024782647,0,0,1,4.19502661258308,static_fit_scored_candidate
3,3,30,49,20,20,243707,243707,0.00254959174659456,0.003492239052305,0.000942647305710443,14.211409329135,0.0292608151364975,0.0469742478704023,0.000653481939580953,0.00572550482175121,0.00949861406279433,0.0098135802707565,0.0019770409886553,0.50013288756035,0.49986711243965,0,0,1,1.71941641254144,static_fit_scored_candidate
3,3,31,50,20,20,243796,243796,0.00320307368617551,0.00375042441901779,0.000547350732842272,14.2168744666432,0.0294266377807782,0.0473346568442468,0.000653481939580953,0.00650249464724112,0.00957869114535546,0.0105206162573766,0.000659013662885419,0.500084818475419,0.499915181524581,0,0,1,1.84471311176455,static_fit_scored_candidate
3,3,32,51,20,20,243796,243796,0.00422088074019653,0.00396380153071256,0.000257079209483963,14.2167102097944,0.0292271958076299,0.0473346568442468,0.000713973589462332,0.00616414760042337,0.00891383545840464,0.00760857560919512,0,0.500113913944418,0.499886086055582,0,0,1,1.90106600116828,static_fit_scored_candidate
3,3,33,52,20,20,243717,243717,0.00493485432965886,0.00396380153071256,0.000971052798946295,14.2123659628269,0.0291068054280005,0.0470539963892992,0.000713973589462332,0.00577169027205977,0.00682391878440334,0.0069393755150598,0,0.50010379324144,0.49989620675856,0,0,1,1.81082863678328,static_fit_scored_candidate
3,3,34,53,20,20,243781,243781,0.00636202941632203,0.005462220192218,0.000899809224104035,14.2158599474654,0.0285857893026317,0.0472877629376825,0.000738497231146227,0.00528665990654498,0.00667668148113642,0.00993911097092709,0.000659013662885419,0.500086858732584,0.499913141267417,0,0,1,1.50244905272927,static_fit_scored_candidate
3,3,35,54,20,20,243935,243935,0.00710052664746826,0.00713526549166971,3.4738844201446e-05,14.2248728117867,0.0287754629452793,0.0405188246097337,0.000131808711030293,0.00528665990654498,0.00566236243514019,0.00775319456649133,0.000659013662885419,0.499937494844921,0.500062505155079,0,0,1,0.356034857174869,static_fit_scored_candidate
3,3,36,55,20,20,243876,243876,0.00723233535849855,0.00588710838453695,0.0013452269739616,14.2215603375684,0.0287273179011845,0.0402991684298578,0.000131808711030293,0.00514047477920268,0.00537213129106582,0.00884881051278967,0.000659013662885419,0.499959856054279,0.500040143945721,0,0,1,0.32020175659309,static_fit_scored_candidate
3,3,37,56,20,20,243900,243900,0.00776104938698869,0.00713526549166971,0.000625783895318985,14.2230333219495,0.0292096653778141,0.0403772037720377,0.000528714028490139,0.00585305709647156,0.00574304992226748,0.00836612256992342,0.000659013662885419,0.499951260038389,0.500048739961611,0,0,1,1.25874761876035,static_fit_scored_candidate
3,3,38,57,20,20,243817,243817,0.00870636006276524,0.00752303948586776,0.00118332057689748,14.2181838387894,0.0290050167298891,0.0400787466163563,0.000945310675776545,0.00520158213595962,0.0052139136753698,0.00695680582372969,0.00131759316981984,0.49998484132928,0.50001515867072,0,0,1,2.52454150925056,static_fit_scored_candidate
3,3,39,58,20,20,243754,243754,0.00969184909324228,0.00850659133851876,0.00118525775472352,14.2143468218767,0.0289984596938926,0.0398103021053841,0.000701282678866707,0.00532932404802234,0.00459468029354933,0.0028881516715882,0.00131759316981984,0.499989982366013,0.500010017633987,0,0,1,1.68854288040059,static_fit_scored_candidate
3,3,40,59,20,20,244089,244089,0.010393131772109,0.00943681091379388,0.000956320858315101,14.2339766331241,0.028727466912863,0.0340527342149681,0.000701282678866707,0.00550627080512011,0.0043856274251105,0.00424132888771171,0.00131759316981984,0.500331063778373,0.499668936221627,0,0,1,1.48494346122124,static_fit_scored_candidate
3,3,41,60,20,20,244005,244005,0.0110957862080469,0.0105513423956512,0.000544443812395662,14.2290521495834,0.0287045874272481,0.0340152781876004,0.000398606999961991,0.00470741810955586,0.00442739624802074,0.00362773626318674,0.000659013662885419,0.50030670442599,0.49969329557401,0,0,1,0.436816915280981,static_fit_scored_candidate
3,3,42,61,20,20,244154,244154,0.0114943932080089,0.0105513423956512,0.000943050812357652,14.2378359717015,0.0283229345464041,0.0343059355494028,0.000381158715256609,0.00516632818310783,0.00441907406726413,0.00399462767886103,0,0.500345156283836,0.499654843716164,0,0,1,0.0903845253065533,static_fit_scored_candidate
3,3,43,62,20,20,244256,244256,0.0118755519232655,0.0105513423956512,0.00132420952761426,14.2436439488637,0.0283963347598177,0.0347176732608411,0.00034173426286307,0.00547593661749883,0.00582103865226569,0.00362495840280547,0,0.500364664488689,0.499635335511311,0,0,1,0.0739897002781125,static_fit_scored_candidate
3,3,44,63,20,20,244099,244099,0.0122172861861286,0.0121333959564558,8.38902296727995e-05,14.2347886347569,0.0283963911196494,0.0341007783695207,0.00034173426286307,0.00635761065564455,0.00548234903030155,0.000687393737325737,0.000659448248290528,0.500274745064069,0.499725254935931,0,0,1,0.0744451068294437,static_fit_scored_candidate
3,3,45,64,20,20,244149,244149,0.0127321894987425,0.0119487572787145,0.000783432220027988,14.2373711736396,0.0283045888850178,0.034290114354992,0.000475975502011575,0.00621206002486096,0.00557555897111235,0.000630140757224019,0.000659448248290528,0.500298610343082,0.499701389656918,0,0,1,0.41402578894057,static_fit_scored_candidate
3,3,46,65,20,20,244298,244298,0.0132081650007541,0.0131024443571738,0.000105720643580231,14.2464599343039,0.0281930652652057,0.0348915268112976,0.000475975502011575,0.00612735747147335,0.00669595044322516,0.0013073914736667,0.000659013662885419,0.500264572474922,0.499735427525079,0,0,1,0.414447693309015,static_fit_scored_candidate
3,3,47,66,20,20,244362,244362,0.0142461845526917,0.0136041805536711,0.00064200399902053,14.2501440651309,0.0280307876310536,0.0351606619633007,0.000989625997728292,0.00621206002486096,0.00639795204045666,0.00370672937035563,0,0.500280072149203,0.499719927850797,0,0,1,2.16506120517539,static_fit_scored_candidate
3,3,48,67,20,20,244346,244346,0.01523581055042,0.0136041805536711,0.00163162999674882,14.2490336394518,0.0280333331413189,0.0354085157234764,0.000694053782106321,0.00445328155958508,0.00653176129003432,0.00639784274588895,0.00131933151200879,0.500263821181085,0.499736178818915,0,0,1,1.15836988567371,static_fit_scored_candidate
3,3,49,68,20,20,244238,244238,0.0159298643325263,0.0140635863679435,0.00186627796458282,14.24262318002,0.0283595732190532,0.0346544382574517,0.000694053782106321,0.00626961116402173,0.0068212210500483,0.0108661845612941,0,0.500395963344272,0.499604036655728,0,0,1,1.30239848326435,static_fit_scored_candidate
3,3,50,69,20,20,244147,244147,0.0172628883776725,0.0155344235089153,0.00172846486875714,14.2376125151992,0.0286420995882626,0.034307059652342,0.000195915200798383,0.00761147068269993,0.00756334818329478,0.0127320335120204,0,0.500408697932576,0.499591302067424,0,0,1,0.306971373767362,static_fit_scored_candidate
3,3,51,70,20,20,243990,243990,0.0174588035784708,0.0155344235089153,0.00192438006955552,14.2281908032296,0.0284904190993815,0.0336896291681694,0.000195915200798383,0.0107553349182994,0.00696143894216123,0.01247270898094,0,0.500318327916498,0.499681672083502,0,0,1,0.293206898526145,static_fit_scored_candidate
3,3,52,71,20,20,244048,244048,0.0187754940149479,0.0155344235089153,0.00324107050603261,14.2318345353509,0.0286282899772123,0.0339277519176555,0.000118896294851113,0.00956774558063288,0.0081003420097834,0.0162322165206817,0.000659013662885419,0.500367040083868,0.499632959916132,0,0,1,1.06987394343602,static_fit_scored_candidate
3,3,53,72,20,20,244020,244020,0.018894390309799,0.0166858387719744,0.00220855153782461,14.2299531398465,0.0285526958771668,0.0338169002540775,0.000118896294851113,0.0104564368641932,0.00761911332633238,0.0166977811746392,0.000659013662885419,0.500422593437179,0.499577406562821,0,0,1,0.486097502494808,static_fit_scored_candidate
3,3,54,73,20,20,244208,244208,0.0190975727770625,0.0166858387719744,0.00241173400508805,14.2410444769406,0.0285624924580576,0.0345443228723056,2.96724655916326e-05,0.0116804898734581,0.00837955314973938,0.0162703129726767,0.00131846176792989,0.500788191053924,0.499211808946076,0,0,1,0.597721706550533,static_fit_scored_candidate
3,3,55,74,20,20,243994,243994,0.0191272452426541,0.0166858387719744,0.00244140647067969,14.2287379439915,0.0284928653453766,0.0335907146018787,2.96724655916326e-05,0.00956774558063288,0.00672064364482482,0.0128861394621906,0.0019770409886553,0.500974698852645,0.499025301147355,0,0,1,0.560897467936653,static_fit_scored_candidate
3,3,56,75,20,20,244026,244026,0.0197672701043057,0.016991294628402,0.0027759754759037,14.2302774293302,0.0283570239287021,0.0339960988083335,3.06845474441764e-05,0.0104420130385852,0.00606720384615325,0.0106696631940784,0,0.500979650116694,0.499020349883306,0,0,1,0.629883696936087,static_fit_scored_candidate
3,3,57,76,20,20,243977,243977,0.0197979546517499,0.016991294628402,0.00280666002334788,14.2274794558764,0.0277085220673881,0.0338224444626609,1.8608961542748e-05,0.00988907284147553,0.00529969474552287,0.0082498668806442,0.000659013662885419,0.500982750455546,0.499017249544454,0,0,1,0.619602866805316,static_fit_scored_candidate
3,3,58,77,20,20,244071,244071,0.019748661142763,0.0166858387719744,0.00306282237078853,14.2329411389701,0.0278626659688698,0.0338588613196106,4.92935089869244e-05,0.00894038997662691,0.00634160677928111,0.00116760453913756,0.00263692353585977,0.500982945130384,0.499017054869616,0,0,1,0.750846689427397,static_fit_scored_candidate
3,3,59,78,20,20,244106,244106,0.019334997216778,0.0161290565286037,0.00320594068817424,14.2352034950406,0.0282455229459023,0.0343290674619431,0.000101908015592865,0.00925638430841553,0.00582577955598534,0.000885669825465521,0.00131759316981984,0.501064722187124,0.498935277812876,0,0,1,0.824374481151214,static_fit_scored_candidate
3,3,60,79,20,20,243835,243835,0.0194369052323709,0.0166858387719744,0.00275106646039642,14.2190835286512,0.0282525966868562,0.0429633032037927,0.000101908015592865,0.00911230980462325,0.00615454957113755,0.00761686715146418,0.000659013662885419,0.501018092848982,0.498981907151018,0,0,1,0.59250017075588,static_fit_scored_candidate
3,3,61,80,20,20,243882,243882,0.0189309943246384,0.0161290565286037,0.00280193779603462,14.2220872845592,0.0285035115847327,0.0431516622656673,0.000505910907732492,0.00871202379492382,0.00729831917314491,0.00963298680400125,0.00131759316981984,0.501074472178288,0.498925527821712,0,0,1,1.25278513150055,static_fit_scored_candidate
3,3,62,81,20,20,243738,243738,0.0183053975376238,0.0161290565286037,0.00217634100902004,14.2133500250458,0.0287310478756698,0.0441289899072782,0.000299061144627282,0.00994497652915484,0.0103356380164107,0.015530125907164,0,0.501129752242191,0.498870247757809,0,0,1,0.607920192389645,static_fit_scored_candidate
3,3,63,82,20,20,243716,243716,0.0180063363929965,0.0161290565286037,0.00187727986439275,14.2123588464769,0.0287639126133124,0.0443466986164224,9.33283200055882e-05,0.0100219682007891,0.0104251794619119,0.0172075110665517,0,0.501123214939411,0.498876785060589,0,0,1,0.48037223200965,static_fit_scored_candidate
3,3,64,83,20,20,243993,243993,0.0179130080729909,0.0143335967735311,0.00357941129945986,14.2283663548235,0.0287716575969765,0.0382793160543615,9.33283200055882e-05,0.00764821780203199,0.0106608558170545,0.0180325193127854,0.000658579649897559,0.501021308381928,0.498978691618072,0,0,1,1.35585668767778,static_fit_scored_candidate
3,3,65,84,20,20,244034,244034,0.0169433315702199,0.0142557301254104,0.00268760144480943,14.2308130273701,0.0289416507981045,0.0384533429494009,0.000169784418527295,0.00691433675791388,0.0095141030483173,0.0151495924319513,0.000658579649897559,0.501086410465825,0.498913589534175,0,0,1,1.02888468638842,static_fit_scored_candidate
3,3,66,85,20,20,243896,243896,0.0167735471516926,0.011902593451245,0.00487095370044754,14.2229694524019,0.0293532519558227,0.0379014005969758,0.000169784418527295,0.00686223282826872,0.0108736751645714,0.0185253997996575,0,0.501174738585192,0.498825261414808,0,0,1,2.45428276001435,static_fit_scored_candidate
3,3,67,86,20,20,243882,243882,0.0153409180127924,0.011902593451245,0.00343832456154737,14.2220676577538,0.0299572517092371,0.0378376605271359,0.00143262913890017,0.00686223282826872,0.0108499519865051,0.017380415676841,0.000658579649897559,0.501024851872743,0.498975148127257,0,0,1,5.83275395519644,static_fit_scored_candidate
3,3,68,87,20,20,243855,243855,0.0132844599267838,0.00985398992048742,0.00343047000629638,14.2204091927953,0.030285809064729,0.0380552457187849,0.00130761692271595,0.00605120604044478,0.0114290725988372,0.0120924509837824,0.000658579649897559,0.501170672453056,0.498829327546944,0,0,1,5.65066255794962,static_fit_scored_candidate
3,3,69,88,20,20,243802,243802,0.0119768430040679,0.0079178831439829,0.00405895986008496,14.2172466070727,0.0309775446849733,0.037538350478253,0.00126135159121498,0.00538295225337791,0.0112439873151505,0.0129732900833504,0.000658579649897559,0.501204141411104,0.498795858588896,0,0,1,6.33533868043494,static_fit_scored_candidate
3,3,70,89,20,20,243884,243884,0.0107154914128529,0.00682150212723798,0.0038939892856149,14.2224634331737,0.0304170390687865,0.0378704630070033,0.00032219406568796,0.00592640089189225,0.009527635254961,0.0100059312336124,0,0.501075998098805,0.498924001901195,0,0,1,2.75817471557279,static_fit_scored_candidate
3,3,71,90,20,20,243983,243983,0.0110376854785408,0.00682150212723798,0.00421618335130285,14.2274882057831,0.0304792086854064,0.0382320152141124,0.00032219406568796,0.00592640089189225,0.00782880914190941,0.00609940645136693,0.000658579649897559,0.501146559401375,0.498853440598625,0,0,1,2.96996917487178,static_fit_scored_candidate
3,3,72,91,20,20,243937,243937,0.0102072520396104,0.00682150212723798,0.0033857499123724,14.2255532924396,0.0301942363026541,0.0380913339345741,0.00083043343893046,0.00554685825878707,0.00613358000567491,0.00316105285392087,0.000659013662885419,0.501110325679858,0.498889674320142,0,0,1,3.93463545511664,static_fit_scored_candidate
3,3,73,92,20,20,243991,243991,0.00903599765886727,0.00487468631010718,0.00416131134876009,14.2281643107433,0.0308862847655854,0.0382799436047083,0.00117125438074311,0.00614329984594597,0.00653457852600312,0.00551007959784933,0.000659013662885419,0.501059979946383,0.498940020053617,0,0,1,6.01357586361326,static_fit_scored_candidate
3,3,74,93,20,20,243729,243729,0.00777561561585518,0.00308626639895518,0.0046893492169,14.213398815661,0.0312244402881125,0.0443601989069962,0.000820496080461705,0.00606710842277895,0.00800549097377931,0.00670988955687965,0.00131759316981984,0.500518848257323,0.499481151742677,0,0,1,5.34307664794862,static_fit_scored_candidate
3,3,75,94,20,20,243713,243713,0.00695511953539348,0.00308626639895518,0.0038688531364383,14.2120279210776,0.03179730040516,0.0442810484334225,0.000820496080461705,0.00665304738192566,0.00808669740378578,0.00889483499925056,0.000659013662885419,0.500705551760558,0.499294448239442,0,0,1,5.35593184094459,static_fit_scored_candidate
3,3,76,95,20,20,243782,243782,0.00549724204413256,0.00158063276957589,0.00391660927455667,14.2165110354978,0.0316520106547268,0.0448593837167328,0.001308398091025,0.00620089273828162,0.00885063434014388,0.00747604073682042,0.000659013662885419,0.500657852055884,0.499342147944117,0,0,1,6.93377509793517,static_fit_scored_candidate
3,3,77,96,20,20,243814,243814,0.00418884395310756,-0.000231239429119316,0.00442008338222688,14.2183587289092,0.0316407222378484,0.0450011484069954,0.00101704369913292,0.00890211599751656,0.00944615123349835,0.0110007926368743,0.000658579649897559,0.500653992920941,0.499346007079059,0,0,1,6.19006938363823,static_fit_scored_candidate
3,3,78,97,20,20,243745,243745,0.00317180025397464,-0.00160538290940018,0.00477718316337482,14.2141693332906,0.0315878534607244,0.0447183156374616,0.000845309522197999,0.00955615447702146,0.00758279126983154,0.0121560494633676,0.00131846176792989,0.500790010339002,0.499209989660998,0,0,1,5.74790991566564,static_fit_scored_candidate
3,3,79,98,20,20,243773,243773,0.00232649073177664,-0.00259245334257001,0.00491894407434665,14.2155266404122,0.0313988240190014,0.044811630349173,0.000845309522197999,0.00890211599751656,0.00681177056607412,0.0117313334825423,0.000659013662885419,0.500756317530679,0.499243682469321,0,0,1,5.67837251469305,static_fit_scored_candidate
3,3,80,99,20,20,243746,243746,0.00105593872949812,-0.00259245334257001,0.00364839207206813,14.2141915074631,0.0312968648635956,0.044701905246402,0.000529170967645783,0.00914600420742784,0.00877545061934401,0.00951945802552843,0.000659013662885419,0.500702442387674,0.499297557612326,0,0,1,3.87597282379045,static_fit_scored_candidate
3,3,81,100,20,20,243715,243715,0.000526767761852338,-0.00284881606759126,0.0033755838294436,14.2123558041363,0.0310717442108029,0.044576474256922,0.000529170967645783,0.00867632526146315,0.0103534304861424,0.0152285372469144,0.00131846176792989,0.500774488698761,0.499225511301239,0,0,1,3.56756162837638,static_fit_scored_candidate
3,3,82,101,20,20,243726,243726,-0.000446145814287931,-0.00315885707953153,0.0027127112652436,14.2129548023612,0.0309570414857421,0.0443281034595943,0.000947905607873454,0.00880329475325517,0.0117467396741244,0.0180815835618545,0,0.500733284692078,0.499266715307922,0,0,1,4.56986093712156,static_fit_scored_candidate
3,3,83,102,20,20,243706,243706,-0.00139405142216139,-0.00315885707953153,0.00176480565737014,14.211635483015,0.0308610789527734,0.044216849672559,0.000947905607873454,0.00902678738925234,0.00984402655469901,0.0111883002805465,0,0.500748666404338,0.499251333595662,0,0,1,4.01394926274846,static_fit_scored_candidate
3,3,84,103,20,20,243518,243518,-0.00259285932020932,-0.00332813458753063,0.000735275267321311,14.200989304814,0.0305893115202353,0.0538764783180026,0.00104430726603933,0.00796855215486521,0.00903483864646445,0.0104755294570707,0.00131933151200879,0.500689070562903,0.499310929437097,0,0,1,4.49423606635108,static_fit_scored_candidate
3,3,85,104,20,20,243476,243476,-0.00363716658624865,-0.00383252132052931,0.000195354734280664,14.1982857687097,0.0303957437885575,0.0537054986939164,0.000795078029685193,0.00781215727799806,0.00773062724727084,0.00946268845039325,0,0.50067399811783,0.49932600188217,0,0,1,3.48728757931957,static_fit_scored_candidate
3,3,86,105,20,20,243476,243476,-0.00443224461593384,-0.00332813458753063,0.00110411002840321,14.1984913931038,0.0299021622197663,0.0536890699699354,2.94552822540399e-05,0.00772082169796741,0.00652189138066576,0.00574977113569076,0.000659013662885419,0.500618424835842,0.499381575164158,0,0,1,1.63234437295858,static_fit_scored_candidate
3,3,87,106,20,20,243485,243485,-0.00446169989818788,-0.00377902897971369,0.000682670918474193,14.1988800308014,0.0290470203197441,0.0537357077145486,2.94552822540399e-05,0.0059810550772284,0.00574465211226161,0.00196717694803871,0.000659013662885419,0.50058189217483,0.49941810782517,0,0,1,0.992159413124437,static_fit_scored_candidate
3,3,88,107,20,20,243665,243665,-0.00527867147604013,-0.00427798494691005,0.00100068652913008,14.209438523822,0.0285190334669846,0.0497069783475877,0.00010108014104581,0.00726994532142366,0.00537555630339412,0.00331679480125523,0.00131846176792989,0.500788405618472,0.499211594381528,0,0,1,0.303003189099547,static_fit_scored_candidate
3,3,89,108,20,20,243673,243673,-0.00537975161708594,-0.00427798494691005,0.00110176667017589,14.2101282743419,0.0277354905239778,0.0497545921633645,0.00010108014104581,0.00611819076564624,0.0056850703675911,0.000321373000058017,0.000659013662885419,0.500653377591591,0.499346622408409,0,0,1,0.158475908546616,static_fit_scored_candidate
3,3,90,109,20,20,243591,243591,-0.00615399253169377,-0.00451319438300018,0.00164079814869359,14.2048539817499,0.0273093396580398,0.0494269105717758,0.000774240914607829,0.00464684270647345,0.00426002400437049,0.00188335405406981,0,0.500658084344838,0.499341915655162,0,0,1,1.54675509740648,static_fit_scored_candidate
3,3,91,110,20,20,243527,243527,-0.00732807076600051,-0.00731978924544788,8.28152055262939e-06,14.2016158781495,0.0265739999750775,0.0500640583423672,0.000824223268694095,0.00387422727641528,0.00379867046533715,0.000319907087039583,0.00131846176792989,0.500640446117442,0.499359553882558,0,0,1,1.76353301806909,static_fit_scored_candidate
3,3,92,111,20,20,243488,243488,-0.00815229403469461,-0.00731978924544788,0.000832504789246725,14.1989160888509,0.0258211295808068,0.0497437245367328,0.000358606350746572,0.00451680797049425,0.00445433595424824,0.00351000350474241,0.00131759316981984,0.500497856988942,0.499502143011057,0,0,1,0.158945390606149,static_fit_scored_candidate
3,3,93,112,20,20,243521,243521,-0.00768667711674708,-0.00662864264503867,0.00105803447170841,14.2010270116336,0.0255930891277653,0.0500156042114946,3.41165154518156e-05,0.00476845009389588,0.00427081162357816,0.00168862782633977,0.000659013662885419,0.500485352943417,0.499514647056583,0,0,1,0.1790765879148,static_fit_scored_candidate
3,3,94,113,20,20,243498,243498,-0.00811817751924279,-0.00925352041221187,0.00113534289296908,14.199795056042,0.0253698386776652,0.0499219712525667,0.000350836244975476,0.00413767140666771,0.00421223027981553,0.00168048044199229,0.00197834474487254,0.500563374373591,0.499436625626409,0,0,1,0.172729901911048,static_fit_scored_candidate
3,3,95,114,20,20,243567,243567,-0.00846901376421827,-0.0100072295603749,0.0015382157961566,14.2034258772407,0.0252242999337397,0.0501707941929974,0.000181620843128319,0.00413767140666771,0.00528055907096145,7.59318737849641e-05,0.000659013662885419,0.500439903077658,0.499560096922342,0,0,1,0.19117219161736,static_fit_scored_candidate
3,3,96,115,20,20,243521,243521,-0.00865063460734659,-0.00922949488414309,0.000578860276796501,14.2008444316722,0.025255741574307,0.0499991787257108,0.000181620843128319,0.00476845009389588,0.00519800408646536,0.00304174231277501,0.00131846176792989,0.500456072189576,0.499543927810424,0,0,1,0.179163434540913,static_fit_scored_candidate
3,3,97,116,20,20,243478,243478,-0.00903407785677431,-0.0106743506327153,0.00164027277594098,14.1983027898761,0.025195891336209,0.0495153606045671,6.94480877139192e-05,0.00536311832132362,0.00500865959624874,0.00559114101322657,0,0.500598467571758,0.499401532428242,0,0,1,0.144546415323705,static_fit_scored_candidate
3,3,98,117,20,20,243607,243607,-0.00910352594448823,-0.00922949488414309,0.00012596893965486,14.2059470319629,0.0250201599065994,0.0488818101211783,6.94480877139192e-05,0.00408702256285251,0.004517928586446,0.00237078336266706,0,0.500443283739582,0.499556716260418,0,0,1,0.0990291770243002,static_fit_scored_candidate
3,3,99,118,20,20,243555,243555,-0.00872859802039134,-0.00662864264503867,0.00209995537535267,14.2029828954307,0.02486418499762,0.0486787432869648,4.66168413573841e-05,0.00559389364266909,0.00397158626191955,0.00567347365572301,0.000659013662885419,0.500417140305254,0.499582859694746,0,0,1,0.319349634836259,static_fit_scored_candidate
3,3,100,119,20,20,243479,243479,-0.00905690910313084,-0.00922949488414309,0.000172585781012244,14.1984402078558,0.0249247535683383,0.0483817972728766,5.08318377968314e-05,0.00571853177184083,0.0038420301881716,0.0055404569525183,0,0.500416881630793,0.499583118369207,0,0,1,0.0636387062931459,static_fit_scored_candidate
3,3,101,120,20,20,243536,243536,-0.00910774094092767,-0.00922949488414309,0.000121753943215413,14.2018652701953,0.0253446497273661,0.0488962617436437,5.08318377968314e-05,0.00513289873168164,0.00517493721957965,0.00137323256972253,0,0.500250351470837,0.499749648529163,0,0,1,0.101327813202184,static_fit_scored_candidate
3,3,102,121,20,20,243528,243528,-0.00876765228453719,-0.00662864264503867,0.00213900963949851,14.201372002422,0.0254317398536827,0.0485857889031241,5.43119797450815e-05,0.00545299620633789,0.00471137033080595,0.00336981873776697,0.00131759316981984,0.500373922272871,0.499626077727129,0,0,1,0.333831582805625,static_fit_scored_candidate
3,3,103,122,20,20,243427,243427,-0.00905342896118259,-0.00922949488414309,0.000176065922960494,14.195517608408,0.0257819817394438,0.0482113807778891,3.95210946933511e-05,0.00594614732609337,0.00454027961760455,0.00267610521316649,0.000659013662885419,0.500340849409658,0.499659150590342,0,0,1,0.0525567994087278,static_fit_scored_candidate
3,3,104,123,20,20,243432,243432,-0.00901390786648924,-0.00922949488414309,0.000215587017653845,14.1959806865047,0.0264037497944183,0.0482270202767097,3.95210946933511e-05,0.00577081114078062,0.00451996506551557,0.00216745599027673,0,0.500348935800573,0.499651064199427,0,0,1,0.0541189950337017,static_fit_scored_candidate
3,3,105,124,20,20,243433,243433,-0.00887453276790573,-0.00922949488414309,0.000354962116237352,14.1957880214332,0.0264873273051017,0.0485219934602935,0.000139375098583507,0.0062121687921361,0.00423402158033564,0.002663281580211,0.000659013662885419,0.500226570039704,0.499773429960296,0,0,1,0.0759064327264528,static_fit_scored_candidate
3,3,106,125,20,20,243541,243541,-0.00952747634870577,-0.0100307774685188,0.000503301119813077,14.2024214234004,0.0271868469092289,0.0486647176690865,0.000652943580800033,0.00568414280635839,0.00554908732498105,0.00254929150762765,0.000659448248290528,0.500301775557794,0.499698224442206,0,0,1,1.08485609796143,static_fit_scored_candidate
3,3,107,126,20,20,243522,243522,-0.0104589660612252,-0.0108331072495506,0.000374141188325454,14.2012858619733,0.0275078194325397,0.0486030124340927,0.000223465283202974,0.00531055999066909,0.00468394424138711,0.000654032223444692,0.000659013662885419,0.500283159035052,0.499716840964948,0,0,1,0.0826424456344955,static_fit_scored_candidate
3,3,108,127,20,20,243384,243384,-0.0106824313444282,-0.0108331072495506,0.00015067590512248,14.193386912881,0.0277095487963827,0.0511455149064852,0.000223465283202974,0.00504507426872352,0.00470355062362222,0.00274795156711225,0.000659013662885419,0.500233445327913,0.499766554672087,0,0,1,0.267342502443721,static_fit_scored_candidate
3,3,109,128,20,20,243382,243382,-0.0109583588228613,-0.0117921054989378,0.000833746676076431,14.1932225953818,0.0281370709110745,0.0511455149064852,0.000275927478433167,0.00521693295145601,0.00456856823781917,0.00196855527373045,0,0.500245819989677,0.499754180010323,0,0,1,0.267771832816954,static_fit_scored_candidate
3,3,110,129,20,20,243458,243458,-0.0115596018781374,-0.0130931598610231,0.00153355798288563,14.1973899027501,0.028173798750587,0.0511624086092171,0.000223810735584312,0.00563247348611412,0.00443362763217151,0.00238111285786847,0.000659013662885419,0.500272510728182,0.499727489271817,0,0,1,0.269427909877178,static_fit_scored_candidate
3,3,111,130,20,20,243426,243426,-0.0113357911425531,-0.0117921054989378,0.000456314356384657,14.1956686522398,0.0282947322865657,0.0513170218709434,0.000223810735584312,0.00483813693930932,0.00555902896446832,0.00583119566793311,0.00131846176792989,0.500268573101118,0.499731426898882,0,0,1,0.281061004442708,static_fit_scored_candidate
3,3,112,131,20,20,243408,243408,-0.0122178239058627,-0.0130931598610231,0.00087533595516032,14.1943599675751,0.0283904127821239,0.05095970551502,0.000882032763309625,0.0051483699345043,0.00689902707100323,0.00733222607310457,0.000659448248290528,0.500301335799932,0.499698664200068,0,0,1,2.0858693984898,static_fit_scored_candidate
3,3,113,132,20,20,243401,243401,-0.0132139868144496,-0.0157057029276764,0.00249171611322678,14.194344482669,0.0283669656426939,0.0509441093819329,3.61859061499235e-05,0.00395336663355942,0.00752308811993584,0.00889258842208938,0,0.500310467257418,0.499689532742582,0,0,1,0.723438279174143,static_fit_scored_candidate
3,3,114,133,20,20,243408,243408,-0.0131778009082997,-0.0130931598610231,8.46410472766148e-05,14.1941834284837,0.0283210577023994,0.0509268388877933,3.61859061499235e-05,0.00378045351971561,0.00660461888190913,0.00794859076768616,0.000659013662885419,0.500294025090803,0.499705974909197,0,0,1,0.254066652936095,static_fit_scored_candidate
3,3,115,134,20,20,243546,243546,-0.0137468814462768,-0.0157057029276764,0.00195882148139957,14.2027314257976,0.0280809022962878,0.047481399970437,0.000314205204723188,0.00561294349657706,0.00748752935913543,0.009463159050429,0,0.500113552222234,0.499886447777766,0,0,1,0.211277742208056,static_fit_scored_candidate
3,3,116,135,20,20,243589,243589,-0.014061086651,-0.0178493243986317,0.00378823774763169,14.204950095209,0.0280966027188078,0.0479654504253013,0.000314205204723188,0.00395336663355942,0.00692033685787922,0.0085682829408999,0,0.500095457151953,0.499904542848047,0,0,1,1.1459445930478,static_fit_scored_candidate
3,3,117,136,20,20,243574,243574,-0.0146142165013467,-0.0178493243986317,0.00323510789728503,14.2039087815372,0.0281746703760565,0.0478864912799291,0.00044701192279898,0.00433430627934625,0.00750716881414024,0.00984877738593331,0.000659013662885419,0.500087331836929,0.499912668163071,0,0,1,1.16038520050977,static_fit_scored_candidate
3,3,118,137,20,20,243399,243399,-0.0150612284241456,-0.0179480513552619,0.00288682293111624,14.1936412568702,0.0280115383547549,0.0468529170090386,0.0102050681333991,0.0040823571011627,0.00748384122360629,0.00683966496100661,0,0.500087790790731,0.499912209209269,0,0,1,34.2320006718973,static_fit_scored_candidate
3,4,1,20,20,20,243813,243813,0.0165597259502732,0.0125757551380003,0.00398397081227296,14.2171967492845,0.0311702643435735,0.0387505331889622,0.00687165888686498,0.00780477941351778,0.00965238551420206,0.00923392847828444,0.000651712377744929,0.501057165819879,0.498942834180121,0,0,1,62.7663392183596,static_fit_scored_candidate
3,4,2,21,20,20,243610,243610,0.0153450658744392,0.0125757551380003,0.00276931073643896,14.2052710075253,0.0308950417816331,0.0426744166954009,0.000928461586921633,0.00920280565993196,0.00903687558452359,0.00607008350006715,0.000651287925342034,0.501316898015643,0.498683101984357,0,0,1,8.93373890645309,static_fit_scored_candidate
3,4,3,22,20,20,243615,243615,0.0144166042875176,0.0125757551380003,0.00184084914951733,14.2058967913714,0.0310608036807015,0.0430185209510049,0.000928461586921633,0.00892651874943421,0.00833329951319285,0.0067615049844931,0.00130300016482157,0.501309246854945,0.498690753145055,0,0,1,8.50368305133601,static_fit_scored_candidate
3,4,4,23,20,20,243587,243587,0.0123418698769905,0.0117909071732331,0.000550962703757417,14.2046153321069,0.0307243372833659,0.0425965154276894,0.000623309867555924,0.0082354931020692,0.00768765245774369,0.00750769228455146,0,0.501316391500428,0.498683608499572,0,0,1,5.36104635563181,static_fit_scored_candidate
3,4,5,24,20,20,243640,243640,0.0117185600094346,0.0117909071732331,7.23471637985064e-05,14.2072277428667,0.0298942866347131,0.0430963716959448,0.0004219699077591,0.00798638542909734,0.00536012651340071,0.00230317853169086,0.000651287925342034,0.501336888034558,0.498663111965442,0,0,1,3.07681768437235,static_fit_scored_candidate
3,4,6,25,20,20,243528,243528,0.0112965901016755,0.0117909071732331,0.000494317071557606,14.2009020725911,0.029757282165898,0.0426727111461516,0.0004219699077591,0.00664971897262471,0.00463257931867147,0.00054803552650879,0,0.501221280818368,0.498778719181632,0,0,1,2.99637359488105,static_fit_scored_candidate
3,4,7,26,20,20,243594,243594,0.0102479600005147,0.0101752774994523,7.26825010623228e-05,14.2047963639155,0.0296095347995398,0.0429399497528695,0.00030281494403,0.00725182992379099,0.00638643456569788,0.00149619974362819,0.000651287925342034,0.501215597183895,0.498784402816105,0,0,1,1.84742315804519,static_fit_scored_candidate
3,4,8,27,20,20,243583,243583,0.0105507749445447,0.0101752774994523,0.000375497445092323,14.2037982214286,0.0291975790755202,0.0439109301103521,0.00030281494403,0.00664971897262471,0.00491593296214705,0.00417436945979264,0,0.501313345792671,0.498686654207329,0,0,1,1.60475121292293,static_fit_scored_candidate
3,4,9,28,20,20,243524,243524,0.00931886477139229,0.00825001730899232,0.00106884746239998,14.2001888059389,0.0287623042109802,0.0436917921847539,0.000787391078676661,0.00674679185527664,0.00548738255763298,0.0034049547586147,0,0.501181223610804,0.498818776389196,0,0,1,5.66794159970741,static_fit_scored_candidate
3,4,10,29,20,20,243499,243499,0.00853147369271563,0.00710213037752125,0.00142934331519438,14.1991037046863,0.0283474988344394,0.0436303901437372,9.13105372801967e-05,0.00666623367762766,0.00592135472603319,0.00286076464487959,0,0.501197646922171,0.498802353077829,0,0,1,0.0427000205098748,static_fit_scored_candidate
3,4,11,30,20,20,243594,243594,0.00862278422999583,0.00710213037752125,0.00152065385247458,14.2045957149487,0.0280366319945756,0.0436952987733789,9.13105372801967e-05,0.004879783483878,0.00583367250033916,0.00616461538890101,0,0.501260909142748,0.498739090857252,0,0,1,0.0465639505972375,static_fit_scored_candidate
3,4,12,31,20,20,243594,243594,0.00781021317715532,0.00592138475930084,0.00188882841785448,14.2048052469206,0.0282779108468059,0.0436952987733789,0.000621151009967187,0.00624609173066873,0.00624951447905624,0.00863181522321824,0.000651712377744929,0.501143302217226,0.498856697782774,0,0,1,4.1554280915754,static_fit_scored_candidate
3,4,13,32,20,20,243663,243663,0.00718906216718813,0.00369374570341037,0.00349531646377777,14.2087122704368,0.0280151348527001,0.0439457613763215,0.000274853686868324,0.00534824428153293,0.00623034188208128,0.00883769263976325,0.000651712377744929,0.501210578644129,0.498789421355871,0,0,1,1.98297671707976,static_fit_scored_candidate
3,4,14,33,20,20,243406,243406,0.00691420848031981,0.00369374570341037,0.00322046277690944,14.1939449243381,0.0277836365118175,0.0533589693025702,0.000166863898838662,0.00487882232711897,0.00550747066346069,0.00327278156620504,0,0.500539709573345,0.499460290426655,0,0,1,2.0634078946423,static_fit_scored_candidate
3,4,15,34,20,20,243357,243357,0.00674734458148115,0.00351686421538139,0.00323048036609976,14.1911768138783,0.0279684231149263,0.0528435239973701,0.000166863898838662,0.00423094964434119,0.0056915417076117,0.00689647407991083,0.000651712377744929,0.500505524913968,0.499494475086032,0,0,1,1.92916939737268,static_fit_scored_candidate
3,4,16,35,20,20,243392,243392,0.0063387293643619,0.00196404290676036,0.00437468645760154,14.1930708921085,0.0279512427543979,0.0529680515382593,0.00038382712995323,0.00510672533535519,0.00704423008316232,0.0108471635094276,0,0.500502079321104,0.499497920678896,0,0,1,4.3979551553523,static_fit_scored_candidate
3,4,17,36,20,20,243462,243462,0.00595490223440867,0.00372526536919944,0.00222963686520922,14.1970304571926,0.0277374515493806,0.0532316892846581,8.19577166216228e-05,0.00575244512951019,0.00504527309233132,0.00713288753632363,0.000651287925342034,0.500463324918877,0.499536675081123,0,0,1,1.46622606318148,static_fit_scored_candidate
3,4,18,37,20,20,243469,243469,0.00603685995103029,0.00372526536919944,0.00231159458183085,14.1974198586544,0.0277654966745933,0.0532792271801275,8.19577166216228e-05,0.00575244512951019,0.00572539624094673,0.00345432666507728,0.00130300016482157,0.500503523187102,0.499496476812898,0,0,1,1.52623980210618,static_fit_scored_candidate
3,4,19,38,20,20,243539,243539,0.00578470783623101,0.00196404290676036,0.00382066492947065,14.2017629308951,0.0276695981706938,0.0538884782787222,0.000128731561387125,0.00493543685950054,0.00548905937434372,0.00451811363245774,0,0.500537354700786,0.499462645299214,0,0,1,2.5512568589471,static_fit_scored_candidate
3,4,20,39,20,20,243849,243849,0.00616559151241741,0.00372526536919944,0.00244032614321797,14.2196851958854,0.0278501175082795,0.0403359414726966,0.000380883676186407,0.00572575739740924,0.0054452943265199,0.000338399855140344,0.000651287925342034,0.500433984501552,0.499566015498448,0,0,1,2.33072540837193,static_fit_scored_candidate
3,4,21,40,20,20,243764,243764,0.00527664979442436,0.00323537166096278,0.00204127813346158,14.2149532418446,0.0274195122780414,0.0400059073530136,0.000489980905578682,0.00463220991167403,0.00555240318265662,6.96097018402604e-05,0,0.500468984896605,0.499531015103395,0,0,1,3.07662142266432,static_fit_scored_candidate
3,4,22,41,20,20,243722,243722,0.00478666888884568,0.00323537166096278,0.0015512972278829,14.2120447455106,0.0276756810245074,0.0398319410480708,9.59286798726082e-05,0.00573139073832063,0.004402382509724,0.00159586239729168,0.000651712377744929,0.500324905795415,0.499675094204585,0,0,1,0.0685515025219446,static_fit_scored_candidate
3,4,23,42,20,20,243732,243732,0.00469074020897307,0.0038965955903707,0.00079414461860237,14.2132976735493,0.0278138026816409,0.0398798680517946,9.59286798726082e-05,0.00487478058485589,0.00523680886328013,0.00442452787929465,0.000651287925342034,0.500432304477256,0.499567695522744,0,0,1,0.00947087811807028,static_fit_scored_candidate
3,4,24,43,20,20,243665,243665,0.00543824297180714,0.0038965955903707,0.00154164738143644,14.2086685294596,0.0280688224548987,0.0395948585780652,0.000525017251054437,0.00504878763259485,0.00508524347143977,0.00314108466592748,0,0.500445035251524,0.499554964748476,0,0,1,3.10592836566462,static_fit_scored_candidate
3,4,25,44,20,20,243534,243534,0.00416572295791863,0.0026964072425362,0.00146931571538243,14.2017539629599,0.0282649163847783,0.0391071545890546,0.000620136413187635,0.00503779871811447,0.00387779295291191,0.00360326711968674,0.00130300016482157,0.500333786636552,0.499666213363448,0,0,1,3.91310180558197,static_fit_scored_candidate
3,4,26,45,20,20,243594,243594,0.003545586544731,0.00161245744431196,0.00193312910041903,14.2046692381217,0.0283413905352277,0.0393109903282484,9.42582896404365e-06,0.00504954497620435,0.00586670690827287,0.00788406243972707,0.000651287925342034,0.500390022027874,0.499609977972126,0,0,1,0.322595799084031,static_fit_scored_candidate
3,4,27,46,20,20,243536,243536,0.00355501237369504,0.0026964072425362,0.000858605131158836,14.2015352500144,0.0285357615153546,0.0391071545890546,9.42582896404365e-06,0.00511174292670982,0.00469963589083944,0.00265902152640609,0,0.500464846695971,0.499535153304029,0,0,1,0.16095061489482,static_fit_scored_candidate
3,4,28,47,20,20,243420,243420,0.00330996295445785,0.0021500416631488,0.00115992129130905,14.1947267779152,0.0286725661662245,0.0386328157094733,0.000168240972535679,0.00511174292670982,0.00493088640493457,0.000712921049439795,0.000651712377744929,0.500380296446814,0.499619703553186,0,0,1,0.242099457842691,static_fit_scored_candidate
3,4,29,48,20,20,243479,243479,0.00314172198192217,0.0021500416631488,0.000991680318773372,14.198513634642,0.0288767143264378,0.0389025792672909,6.5305368832624e-05,0.0046399309314253,0.00543852998313055,9.0100018177333e-05,0.000651287925342034,0.500336198336576,0.499663801663424,0,0,1,0.362997424986096,static_fit_scored_candidate
3,4,30,49,20,20,243650,243650,0.00337526832329047,0.00281126559255672,0.000564002730733757,14.2080471218491,0.0290664883740629,0.0395646249569057,0.00012292385965375,0.00543750899424367,0.00510691364122061,0.00416949322589193,0.000651287925342034,0.500386714068849,0.499613285931151,0,0,1,0.475427673453373,static_fit_scored_candidate
3,4,31,50,20,20,243629,243629,0.00301879812226842,0.0021500416631488,0.000868756459119623,14.2073596606341,0.0291967236728029,0.0395022000394037,1.51911374947746e-06,0.00467436556087623,0.00534120734907868,0.00356805847413118,0,0.500289074789205,0.499710925210795,0,0,1,0.552697530720962,static_fit_scored_candidate
3,4,32,51,20,20,243655,243655,0.0030203172360179,0.000910084936791311,0.00211023229922659,14.2082729135516,0.028922857891919,0.0395639754407854,1.51911374947746e-06,0.00510639852914648,0.00565423035793639,0.00489521949917133,0.000651287925342034,0.500313352191498,0.499686647808502,0,0,1,0.769073457170657,static_fit_scored_candidate
3,4,33,52,20,20,243616,243616,0.00268320091309631,0.000910084936791311,0.001773115976305,14.2064088045858,0.0288831313515249,0.0394226980165506,0.000248748167134618,0.00477876084934385,0.00568021202427302,0.00780186368167602,0,0.500412323984561,0.499587676015439,0,0,1,1.13349490768928,static_fit_scored_candidate
3,4,34,53,20,20,243574,243574,0.00243445274596169,0.000910084936791311,0.00152436780917038,14.2037938515723,0.0291289464167147,0.0392485302328637,0.00016934839653033,0.00477876084934385,0.00550245551232487,0.00965966056093976,0,0.500349598224201,0.499650401775799,0,0,1,0.558192626963325,static_fit_scored_candidate
3,4,35,54,20,20,243619,243619,0.00226510434943136,0.000910084936791311,0.00135501941264005,14.2065815668188,0.0291225425814813,0.0394056317215335,0.00016934839653033,0.00592886524969519,0.00488588878181227,0.0084480911830002,0,0.500438474775843,0.499561525224157,0,0,1,0.51065299777322,static_fit_scored_candidate
3,4,36,55,20,20,243627,243627,0.00200559201258852,0.000910084936791311,0.00109550707579721,14.2068784738081,0.0294708198501059,0.0394371747089825,0.000259512336842844,0.00620859129541035,0.00480038149856309,0.00980950931500012,0,0.500490752892321,0.499509247107679,0,0,1,1.39182519259634,static_fit_scored_candidate
3,4,37,56,20,20,243600,243600,0.00158837926713637,0.000275254493116825,0.00131312477401955,14.2054061648673,0.0294264929186785,0.0393267651888342,0.000417212745452144,0.00658977816392908,0.00457058215382525,0.00785334211606648,0,0.500349738828896,0.499650261171104,0,0,1,2.7718605180251,static_fit_scored_candidate
3,4,38,57,20,20,243514,243514,0.00102804327232548,0.000275254493116825,0.00075278877920866,14.2004079774996,0.0294167539072758,0.0389953842868641,5.90510257754995e-05,0.00637137250313654,0.00474833808167141,0.00901920727266635,0,0.500332471329466,0.499667528670534,0,0,1,0.685546377352745,static_fit_scored_candidate
3,4,39,58,20,20,243523,243523,0.000968992246549985,0.000333409866525666,0.00063558238002432,14.2008392281089,0.029326499063346,0.0390105287363874,5.90510257754995e-05,0.00620859129541035,0.00475801869943025,0.0067063115394386,0.000651287925342034,0.500468584277018,0.499531415722982,0,0,1,0.632731770781192,static_fit_scored_candidate
3,4,40,59,20,20,243256,243256,0.000633369164512626,0.000333409866525666,0.00029995929798696,14.1855865700477,0.0288828059571804,0.0501858124773901,0.000335623082037359,0.00643565838398238,0.0043898221916601,0.00588729438494429,0.000651712377744929,0.500295849109645,0.499704150890355,0,0,1,1.9093478981985,static_fit_scored_candidate
3,4,41,60,20,20,243176,243176,8.69802870157608e-05,-0.00038657476617785,0.000473555053193611,14.1806599063078,0.0288206519732987,0.0498897917557654,0.000364148720726279,0.00712895587719676,0.00411274084689292,0.00546924361249095,0,0.500206419858676,0.499793580141324,0,0,1,2.04675803111244,static_fit_scored_candidate
3,4,42,61,20,20,243337,243337,-0.000277168433710518,-0.0015501681550614,0.00127299972135088,14.1903772734894,0.0285809858460418,0.0495931618311827,9.12397639517933e-05,0.00586577992667839,0.00403594485975941,0.0035828755300777,0.000651287925342034,0.500351226022696,0.499648773977304,0,0,1,0.217032735652576,static_fit_scored_candidate
3,4,43,62,20,20,243269,243269,-0.000368408197662311,-0.0015501681550614,0.00118175995739908,14.1860550267724,0.0284024967106126,0.0492946167253116,9.12397639517933e-05,0.00499953495267508,0.00468590857120351,0.00135501616062817,0.00130300016482157,0.500332488350705,0.499667511649295,0,0,1,0.0891210577118133,static_fit_scored_candidate
3,4,44,63,20,20,243310,243310,-0.000587976445895841,-0.00267585403676764,0.0020878775908718,14.1889204113026,0.0282860612859396,0.0494673505622411,0.00021956824823353,0.00549685851823709,0.00431795698354081,0.000818865278988762,0,0.500309124986698,0.499690875013302,0,0,1,0.704803868332559,static_fit_scored_candidate
3,4,45,64,20,20,243363,243363,0.000220926272899507,-0.00149201278165255,0.00171293905455206,14.1916772422611,0.0279299683054469,0.0496375799214346,0.000351618062385482,0.0059050642700793,0.003480058428539,0.00216311596480696,0,0.500361431771925,0.499638568228075,0,0,1,1.70171910381177,static_fit_scored_candidate
3,4,46,65,20,20,243346,243346,-0.000130691789485975,-0.00149201278165255,0.00136132099216658,14.1908217673823,0.0278809276737384,0.0495915314693361,0.000216204549969977,0.0058286116939882,0.00472112675113436,0.00190824303364583,0.00130300016482157,0.500343021859991,0.499656978140009,0,0,1,0.330985000930602,static_fit_scored_candidate
3,4,47,66,20,20,243367,243367,-0.000346896339455952,-0.0038167472883992,0.00346985094894325,14.1919076940413,0.0275986651124384,0.0496696361066369,0.000216204549969977,0.00534455436977847,0.00388253643230341,0.00109381094456895,0,0.500309412486046,0.499690587513954,0,0,1,1.50388142587469,static_fit_scored_candidate
3,4,48,67,20,20,243425,243425,-0.000609566163207283,-0.0038167472883992,0.00320718112519192,14.1953012846987,0.027481041854983,0.0498874410503311,8.4219090087681e-05,0.00518287641246276,0.00377680393625694,0.00341795975699678,0.000651287925342034,0.500369504211962,0.499630495788038,0,0,1,1.12502399784144,static_fit_scored_candidate
3,4,49,68,20,20,243339,243339,-0.000431115429543633,-0.00149201278165255,0.00106089735210892,14.1902808173826,0.027084698188517,0.0492479658091559,0.00017845073366365,0.00459005568480236,0.00351164810895261,0.00169966134062989,0,0.500306829415703,0.499693170584297,0,0,1,0.0205619132193329,static_fit_scored_candidate
3,4,50,69,20,20,243174,243174,-0.000244767372975383,-0.0038167472883992,0.00357197991542382,14.180768880978,0.0271022257986704,0.0501694246142711,0.00018634805656825,0.00553478584532306,0.00406547932811609,0.00173498620484146,0.000651712377744929,0.500474958778074,0.499525041221926,0,0,1,1.43324964811458,static_fit_scored_candidate
3,4,51,70,20,20,243183,243183,0.00010753055819733,-0.00265315389951566,0.00276068445771299,14.1810361595433,0.0267984992095502,0.0501842226462267,2.56788213946983e-05,0.00555103072830135,0.00449546642946164,0.00328262684960355,0.000651287925342034,0.500483153839059,0.499516846160941,0,0,1,0.953078499165306,static_fit_scored_candidate
3,4,52,71,20,20,243113,243113,-0.000219088551580685,-0.000354583884874059,0.000135495333293375,14.1771891093713,0.0269061674732815,0.0505931324964215,0.00015361366713629,0.00528140725499673,0.00413505647920993,0.00380021721565926,0.000651712377744929,0.500455456599812,0.499544543400188,0,0,1,0.317169963661174,static_fit_scored_candidate
3,4,53,72,20,20,243034,243034,-0.000372702218716975,-0.000354583884874059,1.81183338429155e-05,14.1726301005946,0.0268945355940901,0.0502806168633453,0.000106313939231905,0.00555103072830135,0.0047811722118318,0.00153050947198298,0,0.50040924304938,0.49959075695062,0,0,1,0.23248903122534,static_fit_scored_candidate
3,4,54,73,20,20,243221,243221,-0.00047901615794888,-0.00267931839162071,0.00220030223367183,14.183603556911,0.0267215106867929,0.0483340459823044,0.000106313939231905,0.00529347649544356,0.00421223027981548,0.0017722737880024,0.000651712377744929,0.500503411181018,0.499496588818982,0,0,1,0.451547113167132,static_fit_scored_candidate
3,4,55,74,20,20,243278,243278,-0.000750443604597092,-0.00135522232141472,0.000604778716817628,14.186996707656,0.0264852154495081,0.0488655047681684,4.74348644208068e-05,0.00549808172986381,0.00405414537986263,0.00127546333215815,0.00130300016482157,0.500559170211355,0.499440829788645,0,0,1,0.0231663903107399,static_fit_scored_candidate
3,4,56,75,20,20,243227,243227,-0.000431581293528073,-0.00135522232141472,0.000923641027886647,14.1836338153481,0.0261823941389864,0.0486457151314816,0.000142992583712951,0.00502568372426863,0.00438562742511043,0.000841198221688352,0,0.500582014117896,0.499417985882104,0,0,1,0.0235973957631369,static_fit_scored_candidate
3,4,57,76,20,20,243320,243320,-0.000574573877241024,-0.00135522232141472,0.000780648444173696,14.189301424186,0.0263069353712626,0.0490218642117376,9.51587107157288e-05,0.00506158606303752,0.00425786320078013,0.0017768879595862,0,0.500517291887898,0.499482708112102,0,0,1,0.0240143906336876,static_fit_scored_candidate
3,4,58,77,20,20,243346,243346,-0.000336422582812344,-0.00135522232141472,0.00101879973860238,14.1907692649359,0.026294581921342,0.0491477226030212,0.000147556539382427,0.00480173892806542,0.00528404343892297,0.000284879640213534,0.00130300016482157,0.50058983762207,0.49941016237793,0,0,1,0.0244533483785056,static_fit_scored_candidate
3,4,59,78,20,20,243311,243311,-0.000722130416623452,-0.00251631874164748,0.00179418832502403,14.1887159694402,0.0263219363541995,0.0490070362333136,0.000154478893163951,0.00515496118498756,0.0051177143166083,0.0013109123625181,0.000651712377744929,0.500510539165643,0.499489460834357,0,0,1,0.222601193397967,static_fit_scored_candidate
3,4,60,79,20,20,243315,243315,-0.000876609309787403,-0.00251631874164748,0.00163970943186008,14.1889298447225,0.0264396828600949,0.0490062305808085,0.000154478893163951,0.00445210645958038,0.00463456541922093,0.00106808406925248,0,0.500503953533334,0.499496046466666,0,0,1,0.135127098620784,static_fit_scored_candidate
3,4,61,80,20,20,243355,243355,-0.0013710066220247,-0.00251631874164748,0.00114531211962278,14.1913728685246,0.026611767709982,0.0488666809119151,0.000124579881293218,0.00505846347340584,0.00648651910887641,0.00353752046693519,0.00130300016482157,0.500566744986466,0.499433255013534,0,0,1,0.0257317048388602,static_fit_scored_candidate
3,4,62,81,20,20,243221,243221,-0.00149558650331792,-0.00251631874164748,0.00102073223832956,14.1832474120023,0.0266850398927364,0.048860309837845,0.000124579881293218,0.00505846347340584,0.00572057214551846,0.00545604454337407,0.000651712377744929,0.500554743671887,0.499445256328113,0,0,1,0.0261571350558779,static_fit_scored_candidate
3,4,63,82,20,20,243247,243247,-0.00194658091397925,-0.00251631874164748,0.000569737827668238,14.1852915382485,0.0269546902992513,0.0489541537854371,8.0033306646229e-05,0.00586105133192342,0.00654161630782327,0.0032022928662746,0.00130300016482157,0.500561958958508,0.499438041041492,0,0,1,0.0265856399290877,static_fit_scored_candidate
3,4,64,83,20,20,243238,243238,-0.00202661422062547,-0.00251631874164748,0.000489704521022009,14.1843818085101,0.0269181330870301,0.0488899851998027,8.0033306646229e-05,0.00662130496163766,0.00608840202749066,0.00199961141137595,0.000651712377744929,0.50052139443521,0.49947860556479,0,0,1,0.0270065000327106,static_fit_scored_candidate
3,4,65,84,20,20,243274,243274,-0.00286836205307447,-0.00409667930286326,0.00122831724978879,14.1866983840608,0.0272480481034524,0.049047172758513,0.000277214132015956,0.00672521704612228,0.00447494844728552,0.00303572535873226,0.000651712377744929,0.500481569491811,0.499518430508189,0,0,1,0.860428002224911,static_fit_scored_candidate
3,4,66,85,20,20,243243,243243,-0.00314557618509043,-0.00251631874164748,0.000629257443442946,14.1849600863456,0.0272942067906669,0.0489220700202266,7.78738007387739e-05,0.00821598255998339,0.00579568833626198,0.00273887675437496,0.00130300016482157,0.500614375942805,0.499385624057195,0,0,1,0.0278760779286266,static_fit_scored_candidate
3,4,67,86,20,20,243217,243217,-0.0032234499858292,-0.00251631874164748,0.00070713124418172,14.1832895523595,0.0276512729029635,0.0488282213633747,7.78738007387739e-05,0.00802360858941166,0.00534293004138251,0.00436220876845066,0,0.500548110154904,0.499451889845096,0,0,1,0.0282928258299128,static_fit_scored_candidate
3,4,68,87,20,20,243165,243165,-0.00383962667890529,-0.00426611705177879,0.000426490372873492,14.1802288626119,0.0279800544353014,0.0486083695223056,0.000501124714556236,0.00790522022027073,0.0054638530906532,0.00470181789139368,0,0.500595664091166,0.499404335908834,0,0,1,2.85773618123991,static_fit_scored_candidate
3,4,69,88,20,20,243223,243223,-0.00434075139346153,-0.00497190150499009,0.00063115011152856,14.1835238076314,0.028391831337992,0.048810972601388,0.000501124714556236,0.0080333268958238,0.00681312143779117,0.00253646936428662,0.000651712377744929,0.50061913182954,0.49938086817046,0,0,1,2.92299227751442,static_fit_scored_candidate
3,4,70,89,20,20,243174,243174,-0.00569340756433108,-0.00504545880619059,0.000647948758140491,14.1809806054283,0.0287259552093287,0.048623219396651,0.00073792794475202,0.00892601949549316,0.00687095767852432,0.00456342708928332,0,0.500564431623428,0.499435568376572,0,0,1,5.23153038559456,static_fit_scored_candidate
3,4,71,90,20,20,243148,243148,-0.0064313355090831,-0.00614426166615016,0.000287073842932934,14.1794006882932,0.0290159950076185,0.0485136624607235,0.000363713307355928,0.00847947250516422,0.00659904301018337,0.00505381923988805,0.000651712377744929,0.500500784698544,0.499499215301456,0,0,1,2.06724952715099,static_fit_scored_candidate
3,4,72,91,20,20,243164,243164,-0.00679504881643903,-0.00714917935653392,0.000354130540094889,14.1802118937003,0.0293011256555943,0.0485927193170042,0.000363713307355928,0.00847947250516422,0.00649502602283856,0.00545928980944079,0.000651287925342034,0.500458093229165,0.499541906770835,0,0,1,2.23593938998335,static_fit_scored_candidate
3,4,73,92,20,20,243265,243265,-0.00770645782269967,-0.00614426166615016,0.0015621961565495,14.1857606947283,0.0295146297025003,0.0489830146176234,0.000911409006260641,0.00766950857616391,0.00608083973165507,0.00860378045226529,0,0.500653626530351,0.499346373469649,0,0,1,7.31045193123498,static_fit_scored_candidate
3,4,74,93,20,20,243185,243185,-0.00869553660125222,-0.00614426166615016,0.00255127493510206,14.1815587543445,0.0294557577596208,0.0521078342681382,0.00017550624440447,0.00786397476107999,0.00757307596632906,0.0114716520908994,0,0.500426274797733,0.499573725202267,0,0,1,2.06025831549139,static_fit_scored_candidate
3,4,75,94,20,20,243159,243159,-0.00887104284565669,-0.00937664337642625,0.000505600530769559,14.1799905084837,0.0296381731764528,0.0543510445797006,0.00017550624440447,0.0083090221913787,0.00734983588147141,0.0102708420209188,0,0.500394330028761,0.499605669971239,0,0,1,2.1506547591212,static_fit_scored_candidate
3,4,76,95,20,20,243143,243143,-0.00979674601925691,-0.00805633617095683,0.00174040984830008,14.1790779711555,0.0297317136486086,0.0542888165038002,0.000925703173600214,0.00756342415916356,0.00823330963000879,0.0119073528495575,0.000651287925342034,0.500411516579272,0.499588483420728,0,0,1,8.97030639414291,static_fit_scored_candidate
3,4,77,96,20,20,243067,243067,-0.0107999297762403,-0.0111208637035967,0.000320933927356363,14.1747267109714,0.0297520893995783,0.054634916977965,0.000660794007155604,0.00738789763000816,0.00879744557692218,0.0124221611675119,0,0.5003967083017,0.4996032916983,0,0,1,6.54838799916683,static_fit_scored_candidate
3,4,78,97,20,20,243111,243111,-0.0114607237833959,-0.0126937977439347,0.00123307396053876,14.1770363480165,0.0299406834049974,0.0551021751291586,0.000512285724760173,0.00777250540528238,0.00776151661396707,0.0139594641160321,0.000651712377744929,0.50045179730939,0.49954820269061,0,0,1,5.46351272937558,static_fit_scored_candidate
3,4,79,98,20,20,243111,243111,-0.0119730095081561,-0.0126937977439347,0.000720788235778591,14.1768290077977,0.0299479607030288,0.0547895620125703,0.000512285724760173,0.00627286654318626,0.0075243112868604,0.0156143690378605,0,0.500538296232083,0.499461703767917,0,0,1,5.38312116972181,static_fit_scored_candidate
3,4,80,99,20,20,243051,243051,-0.0128678479405121,-0.0143318763356143,0.00146402839510222,14.173854795881,0.029962153472651,0.054556226651087,0.000622240702215756,0.00588690398087915,0.00726799361605147,0.0128650604228203,0,0.500565766411523,0.499434233588477,0,0,1,6.31843002420872,static_fit_scored_candidate
3,4,81,100,20,20,243073,243073,-0.0134900886427279,-0.0174957175798539,0.00400562893712607,14.1751096936793,0.029772162067745,0.0546660303773305,0.000365691784004252,0.00634039221299534,0.00648084162935621,0.0119725026499719,0,0.500594598763661,0.499405401236339,0,0,1,5.39588541056797,static_fit_scored_candidate
3,4,82,101,20,20,243163,243163,-0.0138557804267321,-0.0174957175798539,0.00363993715312182,14.1800312387018,0.0296499704958743,0.0544323995328256,0.000365691784004252,0.00513258728830918,0.00648084162935622,0.00901211151874308,0.000651287925342034,0.500515381673587,0.499484618326413,0,0,1,5.05248598889321,static_fit_scored_candidate
3,4,83,102,20,20,243131,243131,-0.0142438505407481,-0.0175522487596519,0.00330839821890379,14.1778578364919,0.0292962339700196,0.0543079479459717,0.000388070114015992,0.00634039221299534,0.00753286789412657,0.00797137359798121,0.000651287925342034,0.500507521204638,0.499492478795362,0,0,1,4.82110337721369,static_fit_scored_candidate
3,4,84,103,20,20,243194,243194,-0.0148252396915915,-0.0192889035869947,0.00446366389540322,14.1819304763649,0.0290148830969332,0.0545732660076646,0.000401828809269342,0.00549760697891805,0.00597704267315453,0.00621372600994901,0,0.500480946866649,0.499519053133351,0,0,1,5.50774594923899,static_fit_scored_candidate
3,4,85,104,20,20,243118,243118,-0.0152270685008608,-0.0175522487596519,0.0023251802587911,14.1773856885299,0.0286646278800744,0.0542612701546561,0.000138795194672305,0.00553998234429448,0.00495508950420555,0.00490356374010932,0.000651287925342034,0.500525284406839,0.499474715593161,0,0,1,2.05584092110468,static_fit_scored_candidate
3,4,86,105,20,20,243047,243047,-0.0153658636955331,-0.0180000588331948,0.00263419513766172,14.1732223668742,0.0285255889836049,0.0539811066126856,0.000138795194672305,0.00630940882621445,0.0051535530900075,0.00359706523147299,0,0.500524281459842,0.499475718540158,0,0,1,2.07375670785521,static_fit_scored_candidate
3,4,87,106,20,20,243219,243219,-0.0157383201510283,-0.0192889035869947,0.00355058343596634,14.183124747506,0.0280694208268199,0.0494531699695749,0.000149808771205046,0.00630940882621445,0.00453216472350841,0.00271151216880312,0.000651287925342034,0.500495342406342,0.499504657593658,0,0,1,1.23397500934268,static_fit_scored_candidate
3,4,88,107,20,20,243228,243228,-0.0158881289222334,-0.0180000588331948,0.00211192991096144,14.1841659356325,0.0277917137332593,0.049500879832914,6.09687489840777e-06,0.00522099523799496,0.00423402158033574,0.00418891678183519,0.000651287925342034,0.500490068085648,0.499509931914352,0,0,1,0.415789953511989,static_fit_scored_candidate
3,4,89,108,20,20,243229,243229,-0.0158942257971318,-0.0180000588331948,0.00210583303606304,14.1840258069026,0.027438465327678,0.0495165109853967,6.09687489840777e-06,0.00521332208588172,0.00424920899833552,0.00269603659141228,0.000651712377744929,0.500533991890342,0.499466008109658,0,0,1,0.414883388372363,static_fit_scored_candidate
3,4,90,109,20,20,243331,243331,-0.015628386110377,-0.018014855352907,0.00238646924253003,14.189867942093,0.0268257247352737,0.049907122778755,4.37667582661033e-05,0.00592279866031062,0.00508524347143978,0.00282001481135787,0,0.500466574326895,0.499533425673105,0,0,1,0.681352600769598,static_fit_scored_candidate
3,4,91,110,20,20,243326,243326,-0.0155846193521109,-0.018014855352907,0.00243023600079613,14.1898265283732,0.0265813814678502,0.0498915044713309,4.37667582661033e-05,0.00470995805173528,0.00503248866937764,0.00543357865987465,0.000651287925342034,0.500618861627118,0.499381138372882,0,0,1,0.70245513215719,static_fit_scored_candidate
3,4,92,111,20,20,243268,243268,-0.0157786599171606,-0.0162782005255642,0.000499540608403647,14.1861053940369,0.0262724872180552,0.0496407254550537,0.000194040565049704,0.00453955458968582,0.00480229820117421,0.00310975019125244,0.000651712377744929,0.500546808089302,0.499453191910698,0,0,1,0.166495116681086,static_fit_scored_candidate
3,4,93,112,20,20,243253,243253,-0.0159827380339278,-0.018014855352907,0.00203211731897925,14.1855752185467,0.0261516900324536,0.0496102871049429,0.000204078116767176,0.00374708552152658,0.00571413368298802,0.00207571236670095,0,0.500570523805021,0.499429476194979,0,0,1,0.581233152962025,static_fit_scored_candidate
3,4,94,113,20,20,243246,243246,-0.0153816836249261,-0.0162782005255642,0.000896516900638161,14.1849034322976,0.0261803315915987,0.0495790304545156,0.000307917080639765,0.0035762760269642,0.00479078648297639,0.00465172632714332,0.000651287925342034,0.500416596746352,0.499583403253648,0,0,1,1.16565918757677,static_fit_scored_candidate
3,4,95,114,20,20,243362,243362,-0.0150737665442863,-0.0155911987123013,0.000517432168014977,14.1915253106068,0.0261075554705929,0.0494896533587548,5.61541086517171e-05,0.00506194989233395,0.00552082212708607,0.0048700424744328,0.000651287925342034,0.500640158590493,0.499359841409507,0,0,1,0.040273365545419,static_fit_scored_candidate
3,4,96,115,20,20,243397,243397,-0.0150176124356346,-0.0162782005255642,0.00126058808992964,14.1937822574801,0.0259752557717673,0.0496466721446179,5.61541086517171e-05,0.00486819331376935,0.00579251174608853,0.00315848967650942,0.000651287925342034,0.500660813452349,0.499339186547651,0,0,1,0.0782763581455714,static_fit_scored_candidate
3,4,97,116,20,20,243405,243405,-0.0145081658614195,-0.0155911987123013,0.00108303285088181,14.1942504016736,0.026626122432629,0.0496779070531782,0.000509446574215117,0.00470529318817102,0.00432008772977632,0.002924005033839,0,0.500582291439603,0.499417708560397,0,0,1,2.99038871424874,static_fit_scored_candidate
3,4,98,117,20,20,243370,243370,-0.013717205355332,-0.0152850410934463,0.00156783573811423,14.1921832967245,0.0265166320838554,0.0495537695379912,0.000267468866799642,0.00416036620982692,0.00521567841181415,0.000220279243384757,0.000651287925342034,0.500587097633173,0.499412902366827,0,0,1,0.868885031641638,static_fit_scored_candidate
3,4,99,118,20,20,243368,243368,-0.0134497364885324,-0.0152850410934463,0.00183530460491388,14.192184187258,0.0267375674378045,0.0495381479898754,0.000267468866799642,0.00454413675805804,0.0055391278422449,0.00148778365074338,0.000651712377744929,0.500612786672531,0.499387213327469,0,0,1,1.01725567787039,static_fit_scored_candidate
3,4,100,119,20,20,243509,243509,-0.0128699563620474,-0.0150660036118574,0.00219604724980994,14.2003417361953,0.0266875767863001,0.050379447419429,0.000579780126484962,0.00388013232289934,0.00481378239023473,0.00271244622576167,0,0.500570414089923,0.499429585910077,0,0,1,4.236075572491,static_fit_scored_candidate
3,4,101,120,20,20,243578,243578,-0.0119421354891519,-0.0144002706201442,0.00245813513099232,14.2043734803434,0.0268119434912171,0.0503653830363741,0.00050513625474715,0.00399360044923365,0.00577819547932351,0.00137635595135198,0.00130300016482157,0.500551023097833,0.499448976902167,0,0,1,3.71640273450192,static_fit_scored_candidate
3,4,102,121,20,20,243452,243452,-0.0114369992344047,-0.0150660036118574,0.00362900437745262,14.1970181507511,0.0271078644994055,0.0498660926999984,0.00050513625474715,0.00546121334290859,0.00595081052759778,0.00157178229156134,0.000651712377744929,0.500605355795049,0.499394644204951,0,0,1,4.24711642749023,static_fit_scored_candidate
3,4,103,122,20,20,243553,243553,-0.0107791078460619,-0.0144002706201442,0.00362116277408234,14.2027975691159,0.0276969759621277,0.0500090328302321,0.000358099914648545,0.00479638552678124,0.00559861898845835,0.00723560536495659,0,0.500554668938874,0.499445331061126,0,0,1,2.97127040809011,static_fit_scored_candidate
3,4,104,123,20,20,243503,243503,-0.0104210079314133,-0.0138077260832219,0.00338671815180856,14.2001417362911,0.0279931987991028,0.0501347000459951,0.00011754404972345,0.00522844908450488,0.00571252293350355,0.00537978508316778,0.00130300016482157,0.500673168763025,0.499326831236974,0,0,1,1.3184938905244,static_fit_scored_candidate
3,4,105,124,20,20,243541,243541,-0.0103034638816899,-0.0144002706201442,0.00409680673845434,14.2021867454542,0.0282652579376081,0.0499458003481917,0.00011754404972345,0.00521457526572508,0.00605505727972361,0.00425203429750863,0,0.500615478039339,0.499384521960661,0,0,1,1.67152202623785,static_fit_scored_candidate
3,4,106,125,20,20,243557,243557,-0.0100086501941561,-0.0138077260832219,0.00379907588906578,14.2030388053836,0.0282753579080203,0.0500082115289867,0.000111179077824538,0.00479638552678124,0.00727179122683884,0.00867188636412426,0.000651287925342034,0.500627579784217,0.499372420215783,0,0,1,1.51953393527918,static_fit_scored_candidate
3,4,107,126,20,20,243378,243378,-0.00989747111633154,-0.0136996881675688,0.00380221705123723,14.1925850916264,0.028536789080071,0.0499794559947407,0.000111179077824538,0.00479638552678124,0.00615006211186706,0.00900746160758501,0.00130300016482157,0.500848414635031,0.499151585364969,0,0,1,1.66432512587553,static_fit_scored_candidate
3,4,108,127,20,20,243404,243404,-0.00971628158709736,-0.0127831804287234,0.00306689884162603,14.1942015521373,0.0289173399703487,0.0500731294473386,0.000181189529234186,0.0043773089807112,0.00558380562400119,0.00811377367790035,0,0.500812298600256,0.499187701399744,0,0,1,1.49643116000701,static_fit_scored_candidate
3,4,109,128,20,20,243431,243431,-0.00928157269397447,-0.0101272281851492,0.000845655491174702,14.195741649348,0.0293183662245855,0.0500838016365967,0.000204565268377291,0.00424531017540018,0.00574304992226747,0.0101582623334696,0.000651287925342034,0.500685430927241,0.499314569072759,0,0,1,0.999874330274774,static_fit_scored_candidate
3,4,110,129,20,20,243409,243409,-0.00907700742559718,-0.0079322588648158,0.00114474856078137,14.194468855029,0.0295110238124193,0.0500714837395034,0.000204565268377291,0.0036766869489289,0.00502516868198393,0.00790763072713718,0,0.500673557496332,0.499326442503668,0,0,1,1.11064203561813,static_fit_scored_candidate
3,4,111,130,20,20,243432,243432,-0.00880463279729643,-0.00778686042329217,0.00101777237400426,14.1958564073577,0.0295883291371915,0.0504288671990535,0.000272374628300747,0.00381887770311804,0.00556730010274941,0.00795291609619343,0.00130300016482157,0.500668194235533,0.499331805764467,0,0,1,1.85848245114141,static_fit_scored_candidate
3,4,112,131,20,20,243579,243579,-0.00788710098066321,-0.00767542537936133,0.000211675601301881,14.2040516024408,0.0295441041364315,0.0501190573938747,0.00051207936953911,0.0034880596369768,0.00624656867899681,0.0106200622910259,0.00130215181280822,0.500659063203281,0.499340936796719,0,0,1,3.88524683462012,static_fit_scored_candidate
3,4,113,132,20,20,243561,243561,-0.0073750216111241,-0.00698024474747061,0.000394776863653492,14.2036683574904,0.029388049790121,0.0500730814077614,0.000215681486046516,0.00347235517580477,0.00430087301157165,0.00660535549892745,0,0.500619980901458,0.499380019098542,0,0,1,1.13887106152831,static_fit_scored_candidate
3,4,114,133,20,20,243460,243460,-0.00759070309717062,-0.00698024474747061,0.000610458349700008,14.1971848759683,0.0294992558987911,0.0496508666721433,3.22589747282524e-05,0.00388322124931549,0.00369302878546084,0.00583522394926936,0.000651712377744929,0.500636165694218,0.499363834305782,0,0,1,0.805476549903185,static_fit_scored_candidate
3,4,115,134,20,20,243340,243340,-0.00762296207189887,-0.00698024474747061,0.00064271732442826,14.1909750110999,0.0294568619753186,0.0507766910495603,3.22589747282524e-05,0.0034880596369768,0.00371043123895736,0.00508977928444362,0.000651287925342034,0.500380260370179,0.499619739629821,0,0,1,1.08741661676446,static_fit_scored_candidate
3,4,116,135,20,20,243255,243255,-0.00754132905451151,-0.00590595010084825,0.00163537895366326,14.1854604385974,0.0292623490969012,0.0504324662084388,8.16330173873574e-05,0.00357977938756507,0.00382281991686482,0.00160566503183483,0.000651287925342034,0.500378626843494,0.499621373156506,0,0,1,0.986685374772333,static_fit_scored_candidate
3,4,117,136,20,20,243221,243221,-0.00782422203225073,-0.00590595010084825,0.00191827193140248,14.1831810383259,0.0288881492151317,0.0502910896950959,0.000227385120514715,0.00357977938756507,0.00509247710734589,0.00023711529118711,0.00130300016482157,0.500322813007246,0.499677186992754,0,0,1,1.27755123381719,static_fit_scored_candidate
3,4,118,137,20,20,243297,243297,-0.00805160715276545,-0.00698024474747061,0.00107136240529484,14.1879343095821,0.028718721288583,0.0505713111385121,0.00687165888686498,0.0042471834870796,0.00583840314512282,0.000848824272745703,0.00130215181280822,0.500317603828066,0.499682396171934,0,0,1,60.2150608225892,static_fit_scored_candidate
3,5,1,20,20,20,243010,243010,-0.0107099101362837,-0.0138608020672566,0.00315089193097293,14.1705983182578,0.0286850446474778,0.0291343637351242,0.00306320589303575,0.00739626781606512,0.00760097399421046,0.00882793604808912,0.00131499422869859,0.500613068608052,0.499386931391948,0,0,1,16.3829878792679,static_fit_scored_candidate
3,5,2,21,20,20,243001,243001,-0.0108302061074664,-0.013739149080804,0.00290894297333758,14.1698976444458,0.0286997392927352,0.0287896495530938,0.000120295971182738,0.00600428131322237,0.00768286264266321,0.0114120025248907,0.00131499422869859,0.500686866514395,0.499313133485606,0,0,1,1.69346415338532,static_fit_scored_candidate
3,5,3,22,20,20,242977,242977,-0.011513722308811,-0.0141746541221615,0.00266093181335053,14.1684870964116,0.0285569652714713,0.0289900403325377,0.000683516201344539,0.00838693080566889,0.00681852224834033,0.0109873232762557,0.000657713336659458,0.500582760784172,0.499417239215829,0,0,1,3.56998640016741,static_fit_scored_candidate
3,5,4,23,20,20,242950,242950,-0.0125627749786487,-0.0147714254853958,0.00220865050674714,14.1671476348116,0.0283363531593014,0.028894596463499,0.000634834975986704,0.00683895636493245,0.00732600732600736,0.0102970167557299,0.00131499422869859,0.500672159135524,0.499327840864476,0,0,1,2.88116797255023,static_fit_scored_candidate
3,5,5,24,20,20,242939,242939,-0.0131976099546354,-0.0141746541221615,0.00097704416752608,14.1664221350854,0.02786202021666,0.0288466287972339,0.000420014221062316,0.00535426601212486,0.00623329535078563,0.0102020117381331,0,0.500567109527622,0.499432890472378,0,0,1,1.17584254503544,static_fit_scored_candidate
3,5,6,25,20,20,242978,242978,-0.0136176241756977,-0.0147714254853958,0.00115380130969812,14.1688067642164,0.0273293512061546,0.028710181907976,5.63088511034652e-05,0.00636536849369554,0.00542667209333884,0.00504456109807375,0,0.500545851106845,0.499454148893155,0,0,1,0.00222408831384729,static_fit_scored_candidate
3,5,7,26,20,20,243073,243073,-0.0136739330268012,-0.0147714254853958,0.00109749245859465,14.1745363041638,0.0268711446368276,0.0294228965426451,5.63088511034652e-05,0.00540149410757645,0.00575425588399089,0.0041167998961569,0.000657713336659458,0.500629674806167,0.499370325193833,0,0,1,0.00266485053308924,static_fit_scored_candidate
3,5,8,27,20,20,242870,242870,-0.0143504055172807,-0.0147714254853958,0.000421019968115135,14.1623919323596,0.0267980155947928,0.0282782700352449,0.000439523174366052,0.0057409912484015,0.00575265636877327,0.00281822882491241,0.0013158594024586,0.500567625140095,0.499432374859905,0,0,1,0.863914221006598,static_fit_scored_candidate
3,5,9,28,20,20,242904,242904,-0.0147899286916467,-0.0158728853821456,0.00108295669049884,14.1642556941331,0.0264958539071146,0.0284062839640352,0.000403110577429092,0.00598698011398221,0.00507437368315431,0.00165234762392974,0.000355345162546152,0.500517659453718,0.499482340546282,0,0,1,0.673456329596704,static_fit_scored_candidate
3,5,10,29,20,20,242963,242963,-0.0151930392690758,-0.0147714254853958,0.000421613783680009,14.1679854385197,0.0263654893469273,0.0286626825373306,7.9232146772296e-05,0.0057409912484015,0.00486701698945925,0.00153593933146686,0.000657713336659458,0.500580547468292,0.499419452531708,0,0,1,0.00393904144108052,static_fit_scored_candidate
3,5,11,30,20,20,242937,242937,-0.0151138071223035,-0.0141746541221615,0.000939153000142065,14.1663484464035,0.0260943114273131,0.028533794352515,7.9232146772296e-05,0.0057409912484015,0.00460668209099158,0.00161356028494034,0.000658146208198661,0.500506493876543,0.499493506123457,0,0,1,0.0043545432937511,static_fit_scored_candidate
3,5,12,31,20,20,243038,243038,-0.0153964592329242,-0.0147714254853958,0.000625033747528347,14.1724963694318,0.0262871444814304,0.0292791310072416,3.93398866081474e-05,0.00518095949116376,0.0054317572158914,0.00197095343184937,0.000657713336659458,0.500439424181077,0.499560575818923,0,0,1,0.00477116256982701,static_fit_scored_candidate
3,5,13,32,20,20,243118,243118,-0.0150744672356954,-0.0147714254853958,0.000303041750299566,14.1769132061779,0.026420600816518,0.0295820993747943,0.00027363364302504,0.00492618624732616,0.00422096030012325,0.000321908716404778,0.000657713336659458,0.500585277653324,0.499414722346676,0,0,1,0.00522184955273702,static_fit_scored_candidate
3,5,14,33,20,20,242995,242995,-0.0148008335926704,-0.0141746541221615,0.000626179470508878,14.1700729764673,0.0261841157109043,0.029103359726086,0.00027363364302504,0.00540149410757645,0.00617395753790953,0.00272280065737838,0,0.500519929622216,0.499480070377784,0,0,1,0.00563874429511016,static_fit_scored_candidate
3,5,15,34,20,20,243198,243198,-0.0140888987839849,-0.0133354020174092,0.000753496766575677,14.1817328548254,0.0259931644966657,0.0299177631578947,0.000220144250149936,0.00565776338740458,0.00570607538863471,0.00260288813108606,0.00131499422869859,0.500532021203912,0.499467978796087,0,0,1,0.00606802937553199,static_fit_scored_candidate
3,5,16,35,20,20,243045,243045,-0.013868754533835,-0.012536764759751,0.00133198977408401,14.1727757212559,0.0259697442242188,0.029294624930055,0.000220144250149936,0.00511391636552543,0.00588862689301605,0.00315363311820086,0.00131499422869859,0.500572842854623,0.499427157145377,0,0,1,0.00650191126699604,static_fit_scored_candidate
3,5,17,36,20,20,242958,242958,-0.0135674013133498,-0.012536764759751,0.00103063655359889,14.1678887226168,0.0260865676154823,0.0289594995060915,0.00030135322048512,0.00565776338740458,0.0056493454927844,0.00357555086154956,0.000657713336659458,0.500519792106843,0.499480207893156,0,0,1,0.143456662546723,static_fit_scored_candidate
3,5,18,37,20,20,243064,243064,-0.0132116693684499,-0.0133354020174092,0.000123732648959292,14.1739242476886,0.026244275985087,0.0293749794292861,0.000355731944899913,0.00525671296764094,0.00679689325729226,0.00454563402799369,0.0013158594024586,0.500493824472644,0.499506175527356,0,0,1,0.428936736887242,static_fit_scored_candidate
3,5,19,38,20,20,243073,243073,-0.0127102898788952,-0.012536764759751,0.000173525119144251,14.1746113453107,0.0265729368354253,0.02909378136879,0.000501379489554728,0.00644764567261749,0.00754263498788096,0.00716214459692776,0.00167033919611704,0.500597229186184,0.499402770813816,0,0,1,1.19287471769633,static_fit_scored_candidate
3,5,20,39,20,20,242633,242633,-0.012087324270398,-0.012051239036002,3.60852343959904e-05,14.1487938722767,0.0265555487924029,0.0482203794985081,0.000622965608497174,0.00564313948345626,0.00707161173784944,0.00564597741814573,0.000657713336659458,0.500504466350269,0.499495533649731,0,0,1,1.87297757373556,static_fit_scored_candidate
3,5,21,40,20,20,242671,242671,-0.0113881274930371,-0.012051239036002,0.000663111542964921,14.1510645776913,0.0267346539484395,0.0483615744708907,0.00054089038185757,0.00580577804074969,0.00721716786230929,0.0042623004184675,0.00197314000997957,0.500515201543438,0.499484798456562,0,0,1,1.44998557440586,static_fit_scored_candidate
3,5,22,41,20,20,242740,242740,-0.0108472371111795,-0.0111402239511998,0.000292986840020274,14.1550492931556,0.0270139187512135,0.0486116832825245,0.00054089038185757,0.00601160368226316,0.00779464518910498,0.00796922852634369,0.000657281034157957,0.500308514216427,0.499691485783573,0,0,1,1.46246541597505,static_fit_scored_candidate
3,5,23,42,20,20,242690,242690,-0.010302361236793,-0.0106077256654306,0.00030536442863763,14.1524111238223,0.0273277973245355,0.0484399980221845,0.000544875874386551,0.00620885825079293,0.00756091428196595,0.00609218426898917,0,0.500440852962185,0.499559147037815,0,0,1,1.47551011667764,static_fit_scored_candidate
3,5,24,43,20,20,242625,242625,-0.00954484908212234,-0.0101187745573017,0.000573925475179387,14.1480509988669,0.0271236133920271,0.0485022338724302,0.000326356165312978,0.00638197921099952,0.00740348047735295,0.00513251138916541,0.000657713336659458,0.500482855844156,0.499517144155844,0,0,1,0.333456696337981,static_fit_scored_candidate
3,5,25,44,20,20,242592,242592,-0.00921849291680936,-0.0106077256654306,0.00138923274862127,14.146473157331,0.0276525356379136,0.0480477509563382,0.000326356165312978,0.00655095981467446,0.00536184312722009,0.00479578513130288,0.000657281034157957,0.500358337628223,0.499641662371777,0,0,1,0.480197007940631,static_fit_scored_candidate
3,5,26,45,20,20,242580,242580,-0.00777501780586979,-0.0101187745573017,0.00234375675143193,14.1457013009282,0.0281624285894951,0.0479841701706653,0.000107447656271817,0.00701704921715711,0.0067041916161204,0.00378247037230834,0.00131499422869859,0.500440603808184,0.499559396191816,0,0,1,0.883457733859128,static_fit_scored_candidate
3,5,27,46,20,20,242512,242512,-0.00766757014959798,-0.0106077256654306,0.00294015551583265,14.1419962616802,0.0284121518855479,0.0480636009764465,0.000107447656271817,0.00748530010985372,0.00623772293179899,0.00343676675003073,0.000657713336659458,0.500356532905388,0.499643467094611,0,0,1,1.41149640460937,static_fit_scored_candidate
3,5,28,47,20,20,242576,242576,-0.00659878295287522,-0.0101187745573017,0.0035199916044265,14.1455020452837,0.028694126518956,0.0479849614141547,0.00106878719672275,0.00724080188695441,0.00662965227126342,0.00447959717112397,0.000657713336659458,0.500264742111321,0.499735257888679,0,0,1,6.12306367975026,static_fit_scored_candidate
3,5,29,48,20,20,242569,242569,-0.0054595835538643,-0.00867887423614156,0.00321929068227725,14.1452113001524,0.0291192391347837,0.0483155516712564,0.000396235245978469,0.00702564191667241,0.00657669224992039,0.00331497672246063,0.00131499422869859,0.500464873270729,0.499535126729271,0,0,1,3.00002951943334,static_fit_scored_candidate
3,5,30,49,20,20,242474,242474,-0.00506334830788583,-0.00867887423614156,0.00361552592825572,14.139358984451,0.0292335784417769,0.0479222685956548,0.000396235245978469,0.00660776309976216,0.00637056403846091,0.00385308554856279,0.000657713336659458,0.500329684632447,0.499670315367553,0,0,1,3.26857180856893,static_fit_scored_candidate
3,5,31,50,20,20,242500,242500,-0.00465147673021688,-0.0101187745573017,0.00546729782708484,14.1416359979427,0.0292034534881692,0.0477030927835052,0.000411871577668951,0.00669807423248228,0.00630668256636522,0.00555542135422683,0.00131499422869859,0.500332443635223,0.499667556364777,0,0,1,4.01623777919336,static_fit_scored_candidate
3,5,32,51,20,20,242480,242480,-0.0037895741999203,-0.00867887423614156,0.00488930003622126,14.1400543000925,0.0289621296262368,0.0475915539425932,8.65017149970226e-06,0.00574779093839684,0.0060077573804055,0.0069252480125943,0.00131499422869859,0.500470664607067,0.499529335392933,0,0,1,2.78861076916306,static_fit_scored_candidate
3,5,33,52,20,20,242509,242509,-0.00378092402842059,-0.00867887423614156,0.00489795020772096,14.1420817679791,0.0291704590466838,0.048080095005608,8.65017149970226e-06,0.00463436809541654,0.00566723608037047,0.006356159967466,0.000657713336659458,0.500444921934125,0.499555078065875,0,0,1,3.06178468931921,static_fit_scored_candidate
3,5,34,53,20,20,242551,242551,-0.00332281658650483,-0.00852041538901884,0.00519759880251401,14.144085340926,0.0292185269987074,0.0478907615686533,0.000327551062713033,0.00537829053507084,0.00537555630339415,0.00621101306609511,0.000657713336659458,0.500342657526736,0.499657342473264,0,0,1,3.49875004795157,static_fit_scored_candidate
3,5,35,54,20,20,242416,242416,-0.00299526552379179,-0.00736032021483022,0.00436505469103842,14.1364255802913,0.0293812019187094,0.0537753283611643,0.000327551062713033,0.00587792894009118,0.00609746440218273,0.00802467609999694,0.000657713336659458,0.500390634815641,0.499609365184359,0,0,1,3.65564004908073,static_fit_scored_candidate
3,5,36,55,20,20,242493,242493,-0.00256755237662662,-0.00736032021483022,0.0047927678382036,14.1408544702279,0.0293264117164407,0.0540874901029295,0.000199579222909233,0.00569240564231308,0.00513028636580905,0.00609986948562322,0,0.500356790342929,0.499643209657071,0,0,1,3.49694665430069,static_fit_scored_candidate
3,5,37,56,20,20,242530,242530,-0.00236797315371739,-0.00686374198913369,0.00449576883541631,14.1431430083949,0.0292645670519585,0.0542443883693698,0.000199579222909233,0.00569240564231308,0.00504891983880845,0.00688583288484635,0,0.500408851841487,0.499591148158513,0,0,1,3.31788930155356,static_fit_scored_candidate
3,5,38,57,20,20,242556,242556,-0.00174482900863183,-0.00642838146505576,0.00468355245642392,14.1446753382499,0.0291262639790901,0.0541565659064299,0.000134748203918973,0.00598947076913523,0.00436880808251387,0.00628279372750952,0.000657713336659458,0.500441962752882,0.499558037247118,0,0,1,3.22302822033921,static_fit_scored_candidate
3,5,39,58,20,20,242505,242505,-0.00161008080471286,-0.00642838146505576,0.0048183006603429,14.1415947271638,0.0289222488915368,0.0539693535883352,8.56203596620677e-05,0.00565578348321541,0.00385876072536368,0.00355831610607323,0.000658146208198661,0.500478118539305,0.499521881460695,0,0,1,3.02545237312739,static_fit_scored_candidate
3,5,40,59,20,20,242527,242527,-0.00152446044505079,-0.00642838146505576,0.00490392102000497,14.1430820992302,0.0289394833672108,0.0543607336060166,8.56203596620677e-05,0.00493135420639057,0.00395067691725986,0.00231257111617653,0,0.500514985709712,0.499485014290288,0,0,1,3.09802698152308,static_fit_scored_candidate
3,5,41,60,20,20,242600,242600,-0.00122914500430705,-0.00545836431495998,0.00422921931065292,14.1473770167016,0.0287953776382384,0.0528441879637263,3.30227216377762e-05,0.00459557983660862,0.00423184749979169,0.00322009495411859,0,0.500405484194865,0.499594515805135,0,0,1,2.59591131041772,static_fit_scored_candidate
3,5,42,61,20,20,242472,242472,-0.00119612228266928,-0.00456540640448444,0.00336928412181516,14.1398418900393,0.0284826274431287,0.0520637434425418,1.50290353532025e-05,0.00460090635791996,0.0035116481089526,0.000850085068716522,0.000658146208198661,0.500519086904633,0.499480913095367,0,0,1,1.85924425518212,static_fit_scored_candidate
3,5,43,62,20,20,242485,242485,-0.00118109324731607,-0.00456540640448444,0.00338431315716836,14.140334949216,0.0283198694255332,0.0524067170334202,1.50290353532025e-05,0.00511753518105723,0.00469571789441774,0.00119963338015012,0.000658146208198661,0.500398704571353,0.499601295428647,0,0,1,1.68995094302508,static_fit_scored_candidate
3,5,44,63,20,20,242523,242523,-0.00079479496095379,-0.00373217801506355,0.00293738305410976,14.142903581776,0.0285431256981764,0.0522834853457802,0.000386298286362284,0.00580743501735873,0.00404505535636291,0.001097537425953,0,0.500449289101156,0.499550710898844,0,0,1,2.35798856505263,static_fit_scored_candidate
3,5,45,64,20,20,242523,242523,-0.000266220037088781,-0.00305548097034554,0.00278926093325676,14.1427623397607,0.028118546315978,0.0522834853457802,0.00020615112971495,0.00426471282734313,0.00328414555336048,0.000770751020722446,0.000658146208198661,0.500442372045472,0.499557627954528,0,0,1,1.21869899031724,static_fit_scored_candidate
3,5,46,65,20,20,242592,242592,-0.000472371166803731,-0.00373217801506355,0.00325980684825982,14.1467974059205,0.0278637337256202,0.0525326474079937,0.00020615112971495,0.00464154803820111,0.00424920899833557,0.000984626370065334,0,0.500540975384554,0.499459024615446,0,0,1,1.11128603667295,static_fit_scored_candidate
3,5,47,66,20,20,242625,242625,-0.000811384818274284,-0.00373217801506355,0.00292079319678927,14.148748904055,0.0276696076869689,0.0526732281517385,0.000339013651470553,0.00575056925655558,0.00313798222933664,0.00287226463385008,0.000657713336659458,0.500473504914141,0.499526495085859,0,0,1,1.09314750639219,static_fit_scored_candidate
3,5,48,67,20,20,242593,242593,-0.00138682021213236,-0.00393553509674752,0.00254871488461516,14.1467274127315,0.0273032493443744,0.0525317812329964,0.000490718845879789,0.00792407261389656,0.00373268660756956,0.00338403776257545,0.000657713336659458,0.500598104933609,0.499401895066391,0,0,1,1.55062617523105,static_fit_scored_candidate
3,5,49,68,20,20,242551,242551,-0.00187753905801215,-0.00573878063626419,0.00386124157825204,14.1442780677188,0.0272358783204325,0.0523763976384445,2.83915587028785e-05,0.00773332590234365,0.00415946539594519,0.00492777830838225,0.000658146208198661,0.500557736952137,0.499442263047863,0,0,1,0.918578563195742,static_fit_scored_candidate
3,5,50,69,20,20,242867,242867,-0.00190593061671503,-0.00573878063626419,0.00383285001954916,14.1628508733805,0.0271142764153963,0.0426733863662566,2.83915587028785e-05,0.00771303672509034,0.00414172772282559,0.00235056046178038,0.000657713336659458,0.50033733421262,0.49966266578738,0,0,1,0.66491157081893,static_fit_scored_candidate
3,5,51,70,20,20,242818,242818,-0.00168715387601119,-0.00393553509674752,0.00224838122073633,14.1597263024248,0.027024852269747,0.0424511984185817,0.000218776740703842,0.00643180956280322,0.00513207985873772,0.00300894199355997,0,0.500278824386593,0.499721175613407,0,0,1,0.0566127218144724,static_fit_scored_candidate
3,5,52,71,20,20,242759,242759,-0.00227040855838416,-0.00573878063626419,0.00346837207788003,14.1565317990742,0.0271479795577414,0.0422474872301862,0.000151413867059328,0.00548903876027705,0.00452606900491443,0.00476245276744346,0.000658146208198661,0.500143300866501,0.499856699133499,0,0,1,0.525711099458216,static_fit_scored_candidate
3,5,53,72,20,20,242753,242753,-0.00183856774307051,-0.0049055522468433,0.00306698450377279,14.1561028127036,0.0272467690046132,0.0422152284598527,0.000267333018306656,0.0053762135336331,0.00484237370711565,0.0039404259325905,0.0013158594024586,0.500186474131857,0.499813525868143,0,0,1,0.371941390291166,static_fit_scored_candidate
3,5,54,73,20,20,242766,242766,-0.00157123472476386,-0.00305548097034554,0.00148424624558168,14.1568888526489,0.0271295073773939,0.0422790483094971,4.36520184444087e-05,0.00487725838427162,0.00424920899833558,0.00356757392485408,0,0.500386773001748,0.499613226998252,0,0,1,0.0227114563298523,static_fit_scored_candidate
3,5,55,74,20,20,242683,242683,-0.00152758270631945,-0.0049055522468433,0.00337796954052385,14.1520581156428,0.0270463938303785,0.0419640355359233,4.36520184444087e-05,0.00633166342439973,0.00436459311956186,0.00245602797426362,0.000658146208198661,0.500233014129036,0.499766985870964,0,0,1,0.492276908264112,static_fit_scored_candidate
3,5,56,75,20,20,242743,242743,-0.0016899407978527,-0.00495276101564241,0.00326282021778971,14.1556962630878,0.0272803931599244,0.0421843588307023,7.9422456470852e-05,0.00588352246749161,0.00486701698945921,0.000328720035973321,0,0.500183499111075,0.499816500888925,0,0,1,0.44845858817457,static_fit_scored_candidate
3,5,57,76,20,20,242723,242723,-0.0014481602498486,-0.00314951547612574,0.00170135522627715,14.1545128441789,0.0272094124919149,0.04210543662761,0.000208622858104219,0.00579998433110682,0.00452200062745874,0.00225892329161424,0.0013158594024586,0.50032346379963,0.49967653620037,0,0,1,0.0239833781395648,static_fit_scored_candidate
3,5,58,77,20,20,242595,242595,-0.00123953739174438,-0.00314951547612574,0.00190997808438136,14.1469520327119,0.0272322844799305,0.0416000263813088,8.49601490388301e-06,0.00658464567550048,0.00564771626549957,0.00442426544379957,0.000658146208198661,0.500139697971015,0.499860302028985,0,0,1,0.0243813260343367,static_fit_scored_candidate
3,5,59,78,20,20,242733,242733,-0.00143966423494471,-0.00367197895491292,0.00223231471996821,14.1549468531891,0.0272154072261201,0.0417078636872981,3.94914329309101e-05,0.00578501938289268,0.00536184312722013,0.00843532468045784,0,0.500177402375289,0.499822597624711,0,0,1,0.0538429139129531,static_fit_scored_candidate
3,5,60,79,20,20,242690,242690,-0.0014001728020138,-0.00314951547612574,0.00174934267411194,14.15233466787,0.0270492520446785,0.0415176437624644,4.15911355234905e-07,0.0067400594900893,0.00560847282827146,0.00809215058444809,0.0013158594024586,0.500339641291174,0.499660358708826,0,0,1,0.0252680178202631,static_fit_scored_candidate
3,5,61,80,20,20,242558,242558,-0.00139975689065857,-0.00367197895491292,0.00227222206425435,14.1448104321878,0.0270272059423511,0.0409960422163588,4.15911355234905e-07,0.00748298382793124,0.00674251723770952,0.0053579142491352,0,0.500105134680938,0.499894865319062,0,0,1,0.0700175450145151,static_fit_scored_candidate
3,5,62,81,20,20,242623,242623,-0.00135825193128042,-0.00367197895491292,0.0023137270236325,14.1485380191277,0.0272517052242558,0.0412490108150884,4.15049593781487e-05,0.00775121597805623,0.00627156387536363,0.0100554458114138,0.000657713336659458,0.500196257751491,0.499803742248509,0,0,1,0.0864047355555047,static_fit_scored_candidate
3,5,63,82,20,20,242659,242659,-0.00149216032356302,-0.00328354501346789,0.00179138468990487,14.1508161478595,0.0272258096210999,0.0414077309816204,0.000133908392282599,0.00657513527866866,0.00520508101838314,0.0060080454438261,0.0013158594024586,0.500317934981131,0.499682065018869,0,0,1,0.0265465960927075,static_fit_scored_candidate
3,5,64,83,20,20,242695,242695,-0.00201135883404814,-0.00375879972345596,0.00174744088940782,14.152638515546,0.0270691834909055,0.0415169594884135,0.00032789456296827,0.00671460865176836,0.00461466594809244,0.00432989110457568,0.000658146208198661,0.500106135983451,0.499893864016549,0,0,1,0.302607424661048,static_fit_scored_candidate
3,5,65,84,20,20,242670,242670,-0.00233925339701641,-0.00563662295325474,0.00329736955623832,14.1512334821535,0.0272238268272292,0.0414386497000066,0.000184221331172691,0.00681149664298203,0.003884906000075,0.00214768531961066,0,0.500334804909746,0.499665195090254,0,0,1,0.465602020172933,static_fit_scored_candidate
3,5,66,85,20,20,242634,242634,-0.00252347472818911,-0.00504011495745143,0.00251664022926232,14.149549637449,0.0272788744232114,0.0412964275705172,4.93413517555874e-05,0.0055818471764507,0.00534809478888264,9.64695114604331e-06,0.00131672571541526,0.500223662317581,0.499776337682419,0,0,1,0.166073155739923,static_fit_scored_candidate
3,5,67,86,20,20,242687,242687,-0.00247413337643352,-0.00504011495745143,0.00256598158101791,14.1523733882575,0.0272217680055324,0.0414853639240506,1.2763775351721e-05,0.00583814512951793,0.00495880257292006,0.00192049230539997,0,0.50008442264647,0.49991557735353,0,0,1,0.185434051777354,static_fit_scored_candidate
3,5,68,87,20,20,242762,242762,-0.00251071095283738,-0.00469407375221067,0.00218336279937329,14.1565580915766,0.027254804915729,0.0420325913232604,3.65775764038664e-05,0.00490383100860143,0.00474639958880359,0.00465511819757202,0.000658146208198661,0.500160474265961,0.499839525734039,0,0,1,0.0388801458896496,static_fit_scored_candidate
3,5,69,88,20,20,242746,242746,-0.00222275296420905,-0.00469407375221067,0.00247132078800162,14.1559953378793,0.0272564099592409,0.0417222798952,0.000287957988628335,0.00583814512951793,0.00707161173784944,0.00503380460742276,0.000658146208198661,0.500325933240106,0.499674066759894,0,0,1,0.216278068319092,static_fit_scored_candidate
3,5,70,89,20,20,242409,242409,-0.00280945561452774,-0.00469407375221067,0.00188461813768293,14.13615670721,0.0275213709472768,0.0510040757058231,0.000586702650318691,0.00590557639343375,0.00649502602283865,0.00684786404938173,0,0.500478189560745,0.499521810439255,0,0,1,1.85228446586091,static_fit_scored_candidate
3,5,71,90,20,20,242448,242448,-0.00416020350886575,-0.00558695504476111,0.00142675153589536,14.1382764153044,0.0281376189083604,0.0511614861743549,0.000540316650639439,0.00619691973587238,0.00822771900694961,0.00604879653754689,0,0.500429257750675,0.499570742249325,0,0,1,2.34430033150468,static_fit_scored_candidate
3,5,72,91,20,20,242475,242475,-0.00470052015950519,-0.00558695504476111,0.000886434885255923,14.1399303291061,0.0277299833713735,0.05127105363005,0.000277308869151156,0.00696870778827625,0.00857173734849074,0.0101662502845198,0.000657713336659458,0.500420926275119,0.499579073724881,0,0,1,0.490322513958675,static_fit_scored_candidate
3,5,73,92,20,20,242462,242462,-0.00497782902865635,-0.00558695504476111,0.000609126016104767,14.1391110392269,0.0273711023115821,0.050960142536624,0.000277308869151156,0.00713025220668973,0.00794085504092355,0.00894485020617435,0.000658146208198661,0.500457335492937,0.499542664507063,0,0,1,0.216052733312484,static_fit_scored_candidate
3,5,74,93,20,20,242481,242481,-0.00533835428460706,-0.00640842963429595,0.0010700753496889,14.1404686325301,0.0276383922569299,0.0510549149634615,0.000149783646189071,0.00596396962593897,0.00791531794644675,0.00791083284070511,0.000658146208198661,0.500429025930347,0.499570974069653,0,0,1,0.36216667941465,static_fit_scored_candidate
3,5,75,94,20,20,242541,242541,-0.00548813793079613,-0.00558695504476111,9.88171139649852e-05,14.1440474318138,0.0275010131573177,0.0512896629065242,0.000149783646189071,0.00656017186526939,0.00711313348469313,0.00553815049256967,0,0.500385205251437,0.499614794748563,0,0,1,0.222324912129822,static_fit_scored_candidate
3,5,76,95,20,20,242468,242468,-0.00576511833572772,-0.00640842963429595,0.00064331129856823,14.139470893029,0.0277425946043004,0.0514707095369286,0.000276980404931596,0.00587732401232488,0.00762273601295892,0.00629167941550724,0.00197443862459491,0.500462779722141,0.499537220277859,0,0,1,0.514845159685263,static_fit_scored_candidate
3,5,77,96,20,20,242554,242554,-0.00632357010229829,-0.00720481260735919,0.000881242505060906,14.1448300845756,0.0276934036124316,0.0515839641155032,0.000264344829165644,0.00563421541669103,0.00820643990494452,0.00569140226224153,0.0013158594024586,0.500504958320467,0.499495041679533,0,0,1,0.453936431031241,static_fit_scored_candidate
3,5,78,97,20,20,242576,242576,-0.00658791493146393,-0.00720481260735919,0.000616897675895262,14.1460866369239,0.0274859563167079,0.0516621594881604,0.000264344829165644,0.00587854700480771,0.00642522330007568,0.00476806468568839,0.000657713336659458,0.500408567213297,0.499591432786703,0,0,1,0.241610187920309,static_fit_scored_candidate
3,5,79,98,20,20,242463,242463,-0.00687523646247184,-0.00720481260735919,0.000329576144887352,14.1392303651845,0.0276983435902778,0.0546060446086842,0.00028732153100791,0.00492314119159007,0.00512490212115703,0.0047443774544434,0.000658146208198661,0.500472382114663,0.499527617885337,0,0,1,0.669626338010663,static_fit_scored_candidate
3,5,80,99,20,20,242490,242490,-0.00735284694963871,-0.00789245698541885,0.000539610035780139,14.1409480326431,0.0278449017971166,0.0547317024891543,0.000192487354684175,0.00418592126816564,0.00560683172426308,0.00496439008947574,0.0013158594024586,0.500366731378873,0.499633268621127,0,0,1,0.786060852548086,static_fit_scored_candidate
3,5,81,100,20,20,242528,242528,-0.00754533430432289,-0.00720481260735919,0.000340521696963697,14.1430895695869,0.0277744302125174,0.0549874653648239,0.000192487354684175,0.00290548715654911,0.00404050267584731,0.00316719893918657,0.000657713336659458,0.500405325316547,0.499594674683453,0,0,1,0.715699428356105,static_fit_scored_candidate
3,5,82,101,20,20,242555,242555,-0.00798952431128596,-0.00789245698541885,9.70673258671121e-05,14.1447946902285,0.0275701600613862,0.0549646267253748,0.000216020955171779,0.00412089549426552,0.00408580120645104,0.00170269322373697,0,0.500464607430194,0.499535392569806,0,0,1,0.474001859742682,static_fit_scored_candidate
3,5,83,102,20,20,242580,242580,-0.00820554526645774,-0.00917244974867094,0.000966904482213201,14.1458956938075,0.0275249492499847,0.0550581251545882,2.49481510314967e-05,0.00412089549426552,0.00533085950465024,0.00144321300764396,0.000657713336659458,0.500337214328186,0.499662785671814,0,0,1,0.425579790178528,static_fit_scored_candidate
3,5,84,103,20,20,242571,242571,-0.00801447246231746,-0.00789245698541885,0.000122015476898609,14.1457940354219,0.0277834032001801,0.0550434510166054,0.000126624342918298,0.00365113749969396,0.00485944775161373,0.000285634176287684,0.000657713336659458,0.500376771160025,0.499623228839975,0,0,1,0.730269981134243,static_fit_scored_candidate
3,5,85,104,20,20,242571,242571,-0.00833216960937604,-0.00934174842661091,0.00100957881723487,14.1456534140812,0.0274935088891793,0.0550269610672295,0.000317697147058581,0.00468605392619938,0.00556564685843608,0.00186560765257887,0,0.50036646081101,0.49963353918899,0,0,1,0.629398032759078,static_fit_scored_candidate
3,5,86,105,20,20,242602,242602,-0.00868947256573227,-0.0116628259791254,0.00297335341339311,14.1471869618262,0.0276757069157646,0.0551021417618836,5.58050150475855e-05,0.0040712989146868,0.00427511904940679,0.000891925148303139,0.000657281034157957,0.500385180282365,0.499614819717635,0,0,1,0.920603018175281,static_fit_scored_candidate
3,5,87,106,20,20,242538,242538,-0.00827636459432846,-0.00934174842661091,0.00106538383228245,14.1435515023044,0.0275323995684384,0.0548692999092933,0.000340076708753405,0.00403532686445937,0.00481569375913689,0.00242162910257533,0.000657281034157957,0.500505520581287,0.499494479418713,0,0,1,0.766509923169757,static_fit_scored_candidate
3,5,88,107,20,20,242521,242521,-0.00793628788557505,-0.00934174842661091,0.00140546054103586,14.1430078655248,0.0275188045403545,0.0551368112021903,0.000180889213060801,0.0046854670846332,0.00484047287339876,0.00236120705015059,0,0.500365720390931,0.499634279609069,0,0,1,0.424272790768353,static_fit_scored_candidate
3,5,89,108,20,20,242576,242576,-0.00775539867251425,-0.0110349348689102,0.00327953619639591,14.1458248376231,0.0271880326624243,0.0553063782072423,0.000180889213060801,0.00546029801207391,0.00519446200490484,0.00343100602906534,0.00131499422869859,0.500366174558848,0.499633825441152,0,0,1,0.853744181279192,static_fit_scored_candidate
3,5,90,109,20,20,242736,242736,-0.00680307376641093,-0.0092189486384276,0.00241587487201667,14.1554012473226,0.0269965929379921,0.0539021817942126,0.000952324906103324,0.00308879292434198,0.00534465217842679,0.00748483232342994,0.000657281034157957,0.500481142420528,0.499518857579472,0,0,1,4.00351106049274,static_fit_scored_candidate
3,5,91,110,20,20,242626,242626,-0.00584833141593359,-0.00673017311337668,0.000881841697443098,14.1491211799906,0.0263502069174867,0.0534645630347693,0.000544033675756259,0.00468605392619938,0.00608689031994967,0.0071716865471276,0,0.500336782557427,0.499663217442573,0,0,1,1.74293150869605,static_fit_scored_candidate
3,5,92,111,20,20,242678,242678,-0.00530429774017733,-0.00842335955567594,0.00311906181549861,14.1518240404871,0.0263543719535937,0.0536508983022911,0.000200651110699707,0.00483664017919219,0.00563956306900731,0.00668194369478084,0.00131499422869859,0.500345213197399,0.499654786802601,0,0,1,0.713377478428515,static_fit_scored_candidate
3,5,93,112,20,20,242728,242728,-0.00510364662947762,-0.00842335955567594,0.00331971292619832,14.1548217443197,0.0263603777888105,0.0538709996374543,0.000200651110699707,0.00383213239242377,0.0062391980939177,0.0099371120626165,0.000657281034157957,0.500381619089014,0.499618380910986,0,0,1,0.801531805630962,static_fit_scored_candidate
3,5,94,113,20,20,242762,242762,-0.00455569183611847,-0.0049326231674674,0.000376931331348936,14.1565359156911,0.026233878480336,0.0540113031586232,0.000172467970288978,0.00419602585913394,0.00584785295407733,0.00837840612772749,0,0.500335052472103,0.499664947527896,0,0,1,0.361949503635502,static_fit_scored_candidate
3,5,95,114,20,20,242930,242930,-0.00438322386582949,-0.00736614482186211,0.00298292095603262,14.1665669853084,0.0267013511130837,0.0471736946964583,0.000172467970288978,0.00483664017919219,0.00815694886205798,0.00970237497805029,0.00131499422869859,0.500519294323345,0.499480705676655,0,0,1,0.357648058358885,static_fit_scored_candidate
3,5,96,115,20,20,242935,242935,-0.00395922950816681,-0.0049326231674674,0.000973393659300595,14.1667691260738,0.0266305023776713,0.0472058484539138,0.000423994357662681,0.00462753999854997,0.00798477219892119,0.00796395377138519,0.000657281034157957,0.500562326560314,0.499437673439686,0,0,1,0.820117124108812,static_fit_scored_candidate
3,5,97,116,20,20,242850,242850,-0.00293998244160293,-0.00343051049172638,0.000490528050123447,14.1616483158035,0.0267101525338513,0.0468762867919556,0.000467149299824314,0.00476196609283554,0.00722990779784241,0.00502009923683478,0.00131499422869859,0.500661084833886,0.499338915166114,0,0,1,1.0467813438779,static_fit_scored_candidate
3,5,98,117,20,20,242904,242904,-0.00247283314177862,-0.0049326231674674,0.00245979002568879,14.1648787634482,0.0269216957031618,0.0474261436616935,0.000467149299824314,0.00461727569219034,0.00811282940590201,0.00495200282028321,0,0.500501108818452,0.499498891181548,0,0,1,1.16755154828402,static_fit_scored_candidate
3,5,99,118,20,20,242973,242973,-0.00181407821313117,-0.00343051049172638,0.0016164322785952,14.1691699603127,0.0270620805720785,0.0473956275516923,0.000658754928647442,0.00574422246961454,0.00840915328574772,0.00607182280049247,0.000657281034157957,0.500559074071969,0.499440925928031,0,0,1,2.05450396947694,static_fit_scored_candidate
3,5,100,119,20,20,243202,243202,-0.00055764492441459,-0.00268779274635514,0.00213014782194055,14.182467503315,0.0270062420018421,0.0459860857551685,0.000798540338631647,0.00659921380401344,0.0076372095753833,0.00260469444119204,0.00131499422869859,0.500225147997858,0.499774852002142,0,0,1,2.78516744218134,static_fit_scored_candidate
3,5,101,120,20,20,243292,243292,0.000240895414217057,-0.00221010824351187,0.00245100365772893,14.18757681794,0.027080918322121,0.0463311576212946,0.000798540338631647,0.00634703955514339,0.00792112906091165,0.00260046775701967,0,0.500261571296659,0.499738428703341,0,0,1,2.89864413593574,static_fit_scored_candidate
3,5,102,121,20,20,243301,243301,0.0012098600059094,-0.00158127608187873,0.00279113608778813,14.1881841149024,0.0273794864224633,0.0463781935356591,0.000968964591692348,0.00563457086629504,0.00814000814000809,0.00607602930987185,0.000657281034157957,0.500304187506778,0.499695812493222,0,0,1,3.92312467437302,static_fit_scored_candidate
3,5,103,122,20,20,243276,243276,0.0023557003421163,-0.000947712074277494,0.0033034124163938,14.1866918029322,0.0277145638595303,0.0462519936204147,0.000723844767970409,0.00856252980596865,0.00846804316067139,0.00503149509554855,0.00131499422869859,0.500205147386749,0.499794852613251,0,0,1,3.0768916456106,static_fit_scored_candidate
3,5,104,123,20,20,243322,243322,0.00307954511008671,-0.000947712074277494,0.00402725718436421,14.1895773974059,0.0277855869829998,0.0464401374299288,0.000723844767970409,0.00801752369920398,0.00909473654163306,0.0058061846250725,0,0.500245006759871,0.499754993240129,0,0,1,3.43921456949792,static_fit_scored_candidate
3,5,105,124,20,20,243476,243476,0.00464173556817947,-7.59281552051091e-05,0.00471766372338458,14.1985223481452,0.0278090784957834,0.047051865481608,0.00145780781356684,0.00698315023017516,0.00926217836857864,0.00859052494463888,0.000657281034157957,0.500266096268113,0.499733903731887,0,0,1,7.58008578404532,static_fit_scored_candidate
3,5,106,125,20,20,243566,243566,0.00609954338174631,0.00223295340073913,0.00386658998100718,14.2037367465773,0.0276355490713006,0.0462293897392104,0.000944403330388523,0.00652017192663846,0.0096856975979387,0.011929661871008,0.000657713336659458,0.500458161705103,0.499541838294897,0,0,1,4.35752241551405,static_fit_scored_candidate
3,5,107,126,20,20,243619,243619,0.00704394671213483,0.00319793848004117,0.00384600823209366,14.2068219319162,0.0280970003876445,0.0467613496428865,0.000944403330388523,0.0062558419983425,0.0102659527404111,0.0133953902815385,0.000657713336659458,0.500529607172792,0.499470392827208,0,0,1,4.89454871823201,static_fit_scored_candidate
3,5,108,127,20,20,243584,243584,0.00826901942941763,0.00495987993747238,0.00330913949194525,14.2047245158607,0.0282247333446752,0.0462920388859695,0.000915780493834641,0.00563553652929059,0.0101686770866603,0.0157553001381998,0,0.500472542784823,0.499527457215177,0,0,1,4.6893912934299,static_fit_scored_candidate
3,5,109,128,20,20,243645,243645,0.00918479992325228,0.00707383225143405,0.00211096767181822,14.2081777600728,0.0286001372654108,0.0465425531914894,0.000406477019820989,0.00413818475672507,0.00934231192548458,0.0119429058584058,0.000657713336659458,0.500443644088927,0.499556355911073,0,0,1,2.02025366540009,static_fit_scored_candidate
3,5,110,129,20,20,243586,243586,0.00959127694307326,0.00495987993747238,0.00463139700560088,14.204795848257,0.0285929108190952,0.0466197021199731,0.000406477019820989,0.00505956588764994,0.0103178148646488,0.0111220249031414,0,0.500610346434918,0.499389653565082,0,0,1,2.96288176072526,static_fit_scored_candidate
3,5,111,130,20,20,243749,243749,0.0102338881973026,0.00707383225143405,0.00316005594586852,14.214328717447,0.0288056581952551,0.0472775607995011,0.000642611254229309,0.00468603412625992,0.0102471103518012,0.0135872543343943,0,0.500552570874934,0.499447429125067,0,0,1,3.88690905196967,static_fit_scored_candidate
3,5,112,131,20,20,243809,243809,0.0113541928843378,0.00949516593915303,0.00185902694518474,14.2177602504217,0.0291495557237282,0.047495611372697,0.00072845948114853,0.00456307284344058,0.0100044493634984,0.0116596132666342,0.0013158594024586,0.500561685785849,0.499438314214151,0,0,1,4.36500654724688,static_fit_scored_candidate
3,5,113,132,20,20,243756,243756,0.0120826523654863,0.0111948651891645,0.000887787176321759,14.2148345655194,0.0290600039755656,0.0472931948341784,0.000691222306330952,0.00491480818509648,0.00864443485121368,0.00929063456085016,0.000658146208198661,0.500611159797396,0.499388840202604,0,0,1,4.05726832717913,static_fit_scored_candidate
3,5,114,133,20,20,243782,243782,0.0127738746718173,0.0112797616805198,0.0014941129912974,14.2162993659818,0.0288954505202117,0.0474026187116464,0.000691222306330952,0.00392266723130054,0.00740223734402588,0.0101805933765806,0.000657713336659458,0.500518800899586,0.499481199100414,0,0,1,3.8663268970419,static_fit_scored_candidate
3,5,115,134,20,20,243647,243647,0.0135403901775518,0.0126291609879793,0.000911229189572448,14.2084879721082,0.0284130514494389,0.0468873128447597,0.000473599874854319,0.00463973958516745,0.00611404386880675,0.00649069950150202,0.000657713336659458,0.500285459127787,0.499714540872213,0,0,1,2.15390094676707,static_fit_scored_candidate
3,5,116,135,20,20,243551,243551,0.0140139900524061,0.0126291609879793,0.00138482906442677,14.2028444906378,0.0282810613376221,0.0461831559584811,0.000473599874854319,0.00458268781662093,0.00484807173659089,0.00448024588037956,0,0.500308454160718,0.499691545839282,0,0,1,1.99858879102174,static_fit_scored_candidate
3,5,117,136,20,20,243812,243812,0.0149554361491134,0.0139984892001349,0.000956946948978524,14.2179339549883,0.0278886374115999,0.0447557954489525,0.000660141967150868,0.00429756127795757,0.00577500926707166,0.00498942018745384,0.000657713336659458,0.500209817538608,0.499790182461392,0,0,1,2.51382144400536,static_fit_scored_candidate
3,5,118,137,20,20,243821,243821,0.0156155781162643,0.0159981883735257,0.000382610257261402,14.2183088030108,0.0276399232582176,0.044507513616379,0.00306320589303575,0.00433924840959582,0.00682796338741643,0.00281064188832611,0.00197443862459491,0.50009909341484,0.49990090658516,0,0,1,14.8177784999793,static_fit_scored_candidate
3,6,1,20,20,20,245140,245140,-0.0151601266668997,-0.017491059666769,0.00233093299986928,14.2947265509128,0.0280809804275234,0.0173451905033858,0.0111991884446933,0.00450415311398916,0.00605961509540827,0.0041147396213385,0.0012845881603897,0.500582984242458,0.499417015757542,0,0,1,32.6711263801515,static_fit_scored_candidate
3,6,2,21,20,20,245179,245179,-0.0153723554548096,-0.0188479782829601,0.00347562282815047,14.296982708335,0.027952856582442,0.0174891916143242,0.000212228787909875,0.00367965433319579,0.00566561199778074,0.00203919434700358,0.000642087875573895,0.500474386821191,0.499525613178809,0,0,1,0.353824310838378,static_fit_scored_candidate
3,6,3,22,20,20,245130,245130,-0.0156290785683061,-0.0188479782829601,0.00321889971465399,14.2940467198417,0.0274688029737024,0.0172804856159131,0.000256723113496483,0.00371154768125732,0.00505256395320472,0.00443051654480515,0,0.500619681668185,0.499380318331815,0,0,1,0.27500455537356,static_fit_scored_candidate
3,6,4,23,20,20,245055,245055,-0.0159760342365503,-0.0190495817168982,0.0030735474803479,14.2896680902008,0.0270904344078615,0.0169593888743797,0.000299886635395413,0.00461789845399432,0.00613807951478154,0.00629440579520504,0.000642500417302363,0.500589909679621,0.499410090320379,0,0,1,0.230545624698705,static_fit_scored_candidate
3,6,5,24,20,20,244825,244825,-0.0162759208719458,-0.0194691304778802,0.00319320960593449,14.2763728614981,0.0272100575906806,0.0160602545460487,4.55821217319775e-05,0.00476049932325817,0.00553247822659173,0.00471625651882475,0,0.500694979802179,0.499305020197821,0,0,1,0.267938773193351,static_fit_scored_candidate
3,6,6,25,20,20,244795,244795,-0.0159304521148184,-0.0190495817168982,0.00311912960207988,14.2747288880341,0.0270710930902105,0.0159152927335414,8.5753843499535e-05,0.00499083186722798,0.00476188543611021,0.00443847315163759,0,0.500704941531215,0.499295058468785,0,0,1,0.245493469904947,static_fit_scored_candidate
3,6,7,26,20,20,244756,244756,-0.0160162059583179,-0.0194691304778802,0.00345292451956234,14.2726954720897,0.0268292931988522,0.015819836898789,2.40749019583195e-05,0.0054565102387161,0.00588080770633381,0.00260857949607991,0.000642087875573895,0.500702356831313,0.499297643168687,0,0,1,0.348988808377105,static_fit_scored_candidate
3,6,8,27,20,20,244768,244768,-0.0159545270167767,-0.0194691304778802,0.00351460346110356,14.2730143600688,0.0266896395092086,0.0158190613152046,6.16789415412156e-05,0.00588446340827419,0.00503431700319628,0.000846996037147683,0.000641675863282499,0.500623620163456,0.499376379836544,0,0,1,0.368448637971071,static_fit_scored_candidate
3,6,9,28,20,20,244854,244854,-0.0151449102419697,-0.0190495817168982,0.00390467147492858,14.2780527557967,0.0267136449451754,0.0162054431992681,0.000221469967250336,0.00624421252488933,0.00376460098372314,0.000128748925521831,0.000641675863282499,0.500663104639162,0.499336895360838,0,0,1,0.489326580507458,static_fit_scored_candidate
3,6,10,29,20,20,244802,244802,-0.0149234402747193,-0.0190495817168982,0.00412614144217891,14.2752924923244,0.0265379031988635,0.0159801310436104,4.720379090019e-05,0.00583855459716018,0.00552415495088937,0.00101826530302625,0.0012837636066248,0.500616652989347,0.499383347010653,0,0,1,0.558131468994376,static_fit_scored_candidate
3,6,11,30,20,20,244239,244239,-0.0149706440656195,-0.019009456003487,0.00403881193786748,14.242188549223,0.0263989614632388,0.0436619718309859,4.720379090019e-05,0.00628228066427714,0.00601999938470598,0.00719645667360522,0.000641675863282499,0.500609233407756,0.499390766592244,0,0,1,0.534981396977276,static_fit_scored_candidate
3,6,12,31,20,20,244239,244239,-0.0144830526131885,-0.0169100675738462,0.00242701496065773,14.2424048907664,0.0263329618256803,0.0433835571568949,1.57520135906e-05,0.00603046030334829,0.00684815057068181,0.00748832601105427,0.000641675863282499,0.500775773486802,0.499224226513198,0,0,1,0.0343593909160533,static_fit_scored_candidate
3,6,13,32,20,20,244283,244283,-0.0144988046267791,-0.0169100675738462,0.00241126294706713,14.2448693898341,0.0260196193166138,0.0438506001211704,1.57520135906e-05,0.00681075897254954,0.00613358000567486,0.00845397662851132,0.0012837636066248,0.500645693344334,0.499354306655666,0,0,1,0.0422906421706453,static_fit_scored_candidate
3,6,14,33,20,20,244326,244326,-0.0137631464550354,-0.0169100675738462,0.00314692111881081,14.247534112946,0.0261052243085529,0.043728103205527,0.000735658171743677,0.00801042360392928,0.00876075663598589,0.013209305370121,0.00192502758984656,0.500780317940179,0.499219682059821,0,0,1,1.312119067342,static_fit_scored_candidate
3,6,15,34,20,20,244379,244379,-0.0130265424103362,-0.0139644053420539,0.000937862931717671,14.2508263000525,0.0262591800502723,0.0442589409935347,0.0006227493081753,0.00718270901960441,0.00951313572555052,0.014633705790647,0,0.500583182587198,0.499416817412802,0,0,1,0.744781663302862,static_fit_scored_candidate
3,6,16,35,20,20,244513,244513,-0.0124037931021609,-0.0139644053420539,0.00156061223989297,14.2582421555237,0.0265236950473487,0.0444797068494495,0.0006227493081753,0.00734922594580682,0.0101795313972617,0.0120220133121088,0,0.50086833089511,0.49913166910489,0,0,1,0.755787336306405,static_fit_scored_candidate
3,6,17,36,20,20,244350,244350,-0.0116427667812387,-0.0112288428021785,0.000413923979060191,14.2489617229975,0.0266052112876213,0.05004256155055,0.000761026320922202,0.00828289470344524,0.0100914581595558,0.015090726476556,0.000641675863282499,0.500260600822475,0.499739399177525,0,0,1,1.4394221191449,static_fit_scored_candidate
3,6,18,37,20,20,244358,244358,-0.0102290549136754,-0.00903244264446066,0.00119661226921477,14.2496673194658,0.0268565544910207,0.0500736618104436,0.000861006300816144,0.00821791345195902,0.0107211114367822,0.0148120454807149,0.000641675863282499,0.500328697175623,0.499671302824377,0,0,1,1.74350443964566,static_fit_scored_candidate
3,6,19,38,20,20,244331,244331,-0.00936804861285929,-0.00903244264446066,0.000335605968398628,14.2478399246345,0.0272038634502721,0.0499648019907339,0.000861006300816144,0.00745526636866438,0.0102677454502372,0.0132307273298755,0.0012837636066248,0.50020386660619,0.49979613339381,0,0,1,1.73871813497601,static_fit_scored_candidate
3,6,20,39,20,20,244374,244374,-0.00792942521674677,-0.00781270753022142,0.000116717686525354,14.2504419074287,0.027495155548285,0.049906701149049,0.00143862339611252,0.00630390285520571,0.00943835416140339,0.0130976913892459,0.000641675863282499,0.500279672096341,0.499720327903659,0,0,1,3.48206459286747,static_fit_scored_candidate
3,6,21,40,20,20,244394,244394,-0.0064739649264933,-0.00699417674629245,0.000520211819799145,14.2514046860006,0.0271808967828469,0.0499844514640174,0.00122514589269949,0.00581723291351598,0.0098776240126264,0.00868730542416911,0.000641675863282499,0.500322162102015,0.499677837897985,0,0,1,2.84103479388226,static_fit_scored_candidate
3,6,22,41,20,20,244394,244394,-0.00524881903379381,-0.0051542134848223,9.46055489715134e-05,14.2515239206805,0.0276299839886674,0.0500008183439991,0.00111528272183214,0.00560467275996877,0.010274913161721,0.00993090653766668,0.0012837636066248,0.500199339046108,0.499800660953892,0,0,1,2.51019400855851,static_fit_scored_candidate
3,6,23,42,20,20,244527,244527,-0.00413353631196168,-0.00315135327211568,0.000982183039845991,14.2592878007154,0.0279551895775682,0.0485506772230583,0.00111528272183214,0.00552026361026631,0.0101641510361907,0.0108586687942305,0.0012837636066248,0.50029687077422,0.49970312922578,0,0,1,2.44145099484117,static_fit_scored_candidate
3,6,24,43,20,20,244609,244609,-0.00281139673914516,-0.0026064752835514,0.000204921455593754,14.2639246192416,0.0281774692199191,0.0488610534233807,0.00132213957281652,0.00549392828977921,0.0103035341451892,0.00991323686618398,0.00192502758984656,0.500434491137386,0.499565508862614,0,0,1,3.08187276962251,static_fit_scored_candidate
3,6,25,44,20,20,244639,244639,-0.000950430473717759,-0.000505709007889057,0.000444721465828701,14.2659038005753,0.0283793478202993,0.0489699149771092,0.00168417789418404,0.00548496324825505,0.00915524776491821,0.011691589650303,0.000642087875573895,0.50030154778641,0.49969845221359,0,0,1,4.18162769563223,static_fit_scored_candidate
3,6,26,45,20,20,244681,244681,0.000733747420466279,0.00136100568436904,0.000627258263902763,14.2682209511852,0.0288579351462371,0.0491409327949519,0.0010250562277956,0.00583534775421842,0.0103711924317549,0.0158058812234519,0,0.500275290239102,0.499724709760898,0,0,1,2.46234006207373,static_fit_scored_candidate
3,6,27,46,20,20,244790,244790,0.00175880364826188,0.00160278207894863,0.000156021569313248,14.274777359296,0.0289310987498976,0.0495767835550181,0.0010250562277956,0.0063690404944986,0.0106599925549115,0.0148136955006971,0.000641675863282499,0.500376199127734,0.499623800872266,0,0,1,2.52607339699081,static_fit_scored_candidate
3,6,28,47,20,20,244807,244807,0.00302310443039302,0.00181198099621056,0.00121112343418247,14.2758178050884,0.0294277958157817,0.0496389006895199,0.000537976836186999,0.00581943420760375,0.0109319161079491,0.01466776694398,0.000642087875573895,0.500281046924259,0.499718953075741,0,0,1,1.34588955030266,static_fit_scored_candidate
3,6,29,48,20,20,244721,244721,0.00356108126658002,0.00181198099621056,0.00174910027036947,14.2707954960659,0.0293818582582988,0.0540036939572743,0.000537976836186999,0.0061735305020941,0.0105305756995387,0.0155900960447177,0.000642087875573895,0.500307264573299,0.499692735426701,0,0,1,1.52788276350406,static_fit_scored_candidate
3,6,30,49,20,20,244774,244774,0.00441211348936661,0.00364146520516854,0.000770648284198072,14.2736005311227,0.0293382084181511,0.0541719776448671,0.000851032222786587,0.00722140463139798,0.0103062132873742,0.0149895094238686,0,0.500294794256152,0.499705205743848,0,0,1,2.45710231638189,static_fit_scored_candidate
3,6,31,50,20,20,244679,244679,0.00580376438343436,0.0060802753366419,0.000276510953207539,14.268492465405,0.0295511752087905,0.0538172306686284,0.000923343989334233,0.00702916753590765,0.00930381525741418,0.0163539408819661,0.000642087875573895,0.500269209005533,0.499730790994467,0,0,1,2.7828389540434,static_fit_scored_candidate
3,6,32,51,20,20,244662,244662,0.0067271083727686,0.0075987369103184,0.000871628537549809,14.2669496561756,0.029444586289563,0.0537390053297584,0.000923343989334233,0.00705733674284454,0.00847781836926766,0.0143988406051643,0.000642087875573895,0.500314785401716,0.499685214598284,0,0,1,2.71763163816514,static_fit_scored_candidate
3,6,33,52,20,20,244652,244652,0.0076880418990574,0.0075987369103184,8.93049887389918e-05,14.2668462570874,0.0295380036616109,0.0537089416804277,0.0009609335262888,0.00768651362330673,0.00875234899812195,0.0137902320250619,0.000642087875573895,0.500272515969633,0.499727484030367,0,0,1,2.88448072728643,static_fit_scored_candidate
3,6,34,53,20,20,244576,244576,0.00885182854467871,0.00888410763417517,3.22790894964585e-05,14.2623452799692,0.0297249222161218,0.0533985346068298,0.000989961886894611,0.00598707809141201,0.00843210377601967,0.0127029962619554,0.000642087875573895,0.500261646434581,0.499738353565419,0,0,1,3.06639416790018,static_fit_scored_candidate
3,6,35,54,20,20,244533,244533,0.00984179043157332,0.00944877531345611,0.00039301511811721,14.2596882140659,0.0297950158296084,0.053243694179998,0.00091381967657464,0.00452555441260786,0.00813661576305722,0.0077525833875078,0.000642087875573895,0.500230855898733,0.499769144101267,0,0,1,2.87002393420109,static_fit_scored_candidate
3,6,36,55,20,20,244501,244501,0.010755610108148,0.00944877531345611,0.00130683479469185,14.2577361694864,0.0293744639436637,0.0531197853613847,0.00091381967657464,0.00701465329312267,0.00698255825937198,0.00468472251754948,0.000642087875573895,0.500172663239537,0.499827336760463,0,0,1,2.62026194426882,static_fit_scored_candidate
3,6,37,56,20,20,244408,244408,0.0118181776618581,0.0102589204607998,0.00155925720105829,14.2523883248014,0.0293968055755915,0.0527642303034271,0.000694746152072389,0.00474799075400709,0.00687363589249398,0.00397928901818609,0.000642087875573895,0.500178118724868,0.499821881275132,0,0,1,1.95461760807901,static_fit_scored_candidate
3,6,38,57,20,20,244398,244398,0.0125129238139305,0.0112407583231112,0.00127216549081935,14.2521954040063,0.0291881445766636,0.0527168576104746,0.000449400354707684,0.00532732560861449,0.00616202140777406,0.00293118806495854,0,0.50018245440337,0.49981754559663,0,0,1,1.09010332187174,static_fit_scored_candidate
3,6,39,58,20,20,244732,244732,0.0129623241686382,0.0112407583231112,0.00172156584552703,14.2715352097281,0.0290644754544469,0.0406648905741791,0.000449400354707684,0.00557585798766686,0.00531356831571456,0.00369160008193688,0,0.500482009070676,0.499517990929324,0,0,1,0.583351981207445,static_fit_scored_candidate
3,6,40,59,20,20,244688,244688,0.0136884697756479,0.0113254073031301,0.00236306247251776,14.26875583988,0.0286510496337483,0.0404923821356176,0.000291254044131779,0.00557585798766686,0.00529100529100532,0.00378418777288397,0,0.50043464465466,0.49956535534534,0,0,1,0.170491308667977,static_fit_scored_candidate
3,6,41,60,20,20,244780,244780,0.0139797238197796,0.0116939008566668,0.00228582296311281,14.2744350194115,0.0288331104712418,0.0408530108669009,0.000291254044131779,0.00431276090239334,0.00545373795746623,0.00137628038644999,0,0.500534765197104,0.499465234802896,0,0,1,0.266893417697537,static_fit_scored_candidate
3,6,42,61,20,20,244822,244822,0.0143379516792784,0.0116939008566668,0.00264405082261155,14.2768427144433,0.0284595335891144,0.0410417279351698,0.00035822785949874,0.00431276090239334,0.00511771431660818,0.000554806045751107,0,0.500558592426489,0.499441407573511,0,0,1,0.146890851708323,static_fit_scored_candidate
3,6,43,62,20,20,244744,244744,0.0151925259777445,0.0122075537469096,0.00298497223083485,14.2723127029548,0.0284070755483399,0.0407282711731442,5.01940772205493e-05,0.00446852004974462,0.00546890364149947,0.00135585226420112,0,0.500433368074671,0.499566631925329,0,0,1,0.222097963383103,static_fit_scored_candidate
3,6,44,63,20,20,244637,244637,0.015242720054965,0.0116939008566668,0.00354881919829821,14.266017331363,0.0286088456068433,0.0403204708960105,5.01940772205493e-05,0.00454777038011581,0.00494020932194623,0.000147564364373928,0.000642087875573895,0.500578919775738,0.499421080224261,0,0,1,0.513845653376426,static_fit_scored_candidate
3,6,45,64,20,20,244713,244713,0.015952173966109,0.0122075537469096,0.0037446202191994,14.2704026652096,0.0284337518063162,0.0406185128884094,0.000440344963427541,0.00492747595544294,0.00438772530967195,0.00236361143976924,0.000641675863282499,0.500457295679634,0.499542704320366,0,0,1,0.628584255887797,static_fit_scored_candidate
3,6,46,65,20,20,244852,244852,0.0163925189295366,0.0136930926765931,0.00269942625294343,14.278500941939,0.0283549568531549,0.0408573342263898,0.000327658844132047,0.00493953101146081,0.00511771431660836,0.00461662422396414,0.000642087875573895,0.500154262919265,0.499845737080735,0,0,1,0.132904375397715,static_fit_scored_candidate
3,6,47,66,20,20,244750,244750,0.0167201777736686,0.0122075537469096,0.00451262402675899,14.2724157139864,0.0282503323496262,0.0404654507419756,0.000327658844132047,0.00548531784050826,0.00394834682155886,0.00244081573628452,0,0.500070758590325,0.499929241409674,0,0,1,0.693193265971362,static_fit_scored_candidate
3,6,48,67,20,20,244766,244766,0.0170775313047346,0.0122075537469096,0.00486997755782496,14.2735649036534,0.0279208902609143,0.0405281736174663,7.01750996370161e-05,0.00706508822163903,0.00452606900491445,0.00229267523250109,0.000642087875573895,0.500108766746505,0.499891233253496,0,0,1,0.803969472032716,static_fit_scored_candidate
3,6,49,68,20,20,244741,244741,0.0171477064043716,0.0128427455037107,0.00430496090066089,14.2721272401453,0.0278380001210447,0.0401235576765927,7.01750996370161e-05,0.00688792297758159,0.00377436650203329,0.00352008795617355,0,0.500169006815339,0.499830993184661,0,0,1,0.62994195982749,static_fit_scored_candidate
3,6,50,69,20,20,244620,244620,0.0168539284973409,0.0122075537469096,0.00464637475043128,14.2653396312573,0.0278415452173576,0.0399640258359905,2.73904823220282e-05,0.00671923741911728,0.00439401295365669,0.002802620360996,0.000642087875573895,0.500212721633154,0.499787278366846,0,0,1,0.735797262033442,static_fit_scored_candidate
3,6,51,70,20,20,244753,244753,0.0168265380150189,0.0114262659681169,0.00540027204690204,14.2726894615847,0.0276817870691701,0.0401706189020902,2.73904823220282e-05,0.00594242784121504,0.00501600367584764,0.00385027976693093,0.0012837636066248,0.500154216950597,0.499845783049403,0,0,1,0.969001867821357,static_fit_scored_candidate
3,6,52,71,20,20,245009,245009,0.0175390166412372,0.0122075537469096,0.0053314628943276,14.2879025661642,0.0280517869551226,0.0412061450051426,0.000421907456303588,0.00514168751898204,0.00542497599325251,0.00751008791898624,0.000641675863282499,0.500087389636848,0.499912610363152,0,0,1,1.04802096050453,static_fit_scored_candidate
3,6,53,72,20,20,245041,245041,0.0179609240975408,0.0128427455037107,0.00511817859383009,14.2894824905447,0.0279233564127242,0.0413150291376243,0.000165625857792801,0.00507696826822191,0.00525260091781466,0.0042450988727641,0.000642087875573895,0.50001747499514,0.49998252500486,0,0,1,0.882730543715743,static_fit_scored_candidate
3,6,54,73,20,20,245138,245138,0.01770464249903,0.0122075537469096,0.0054970887521204,14.2952726716127,0.028021113173614,0.0417067797992984,0.000103767194717056,0.00413324697814272,0.00565911100654303,0.00378869690496166,0.000642087875573895,0.50007886996314,0.49992113003686,0,0,1,1.0001666958075,static_fit_scored_candidate
3,6,55,74,20,20,245128,245128,0.0178571569028238,0.0128427455037107,0.00501441139911304,14.2947005216011,0.0279186275476619,0.0416598674977971,5.92044289217941e-05,0.00432694807410324,0.00452606900491448,0.00176817609975298,0.000641675863282499,0.500087833716451,0.499912166283549,0,0,1,0.851555514109195,static_fit_scored_candidate
3,6,56,75,20,20,245145,245145,0.0176454380701082,0.0137657786809336,0.00387965938917459,14.2956013334123,0.0282469400055354,0.0417380521154568,0.000211718832715525,0.00413324697814272,0.00465635661422617,0.00256886863961697,0,0.500056375727978,0.499943624272022,0,0,1,0.501591801551248,static_fit_scored_candidate
3,6,57,76,20,20,245215,245215,0.0172977252764967,0.0128427455037107,0.00445497977278598,14.2996394128116,0.028144779720935,0.0422974031058332,0.000223634522214626,0.00426682035932103,0.00538410930212577,0.00198557474563882,0.0012837636066248,0.500122590618824,0.499877409381176,0,0,1,0.679675807577731,static_fit_scored_candidate
3,6,58,77,20,20,245206,245206,0.0178690725923229,0.0128427455037107,0.00502632708861214,14.2992421226023,0.0282088450976367,0.0419888421258686,0.000571347315826164,0.00351581509255532,0.00502699967810313,0.00111614317718162,0.000641675863282499,0.500162067779714,0.499837932220286,0,0,1,1.40801622918454,static_fit_scored_candidate
3,6,59,78,20,20,244955,244955,0.0186734200471882,0.0137657786809336,0.00490764136625457,14.2845088487503,0.0282531769946729,0.042587240157416,0.000105920644397565,0.00409350129353995,0.00397158626191955,0.000156127819824294,0,0.499889127670891,0.500110872329109,0,0,1,0.82030040491274,static_fit_scored_candidate
3,6,60,79,20,20,244999,244999,0.0185674994027906,0.0137657786809336,0.004801720721857,14.2870535536898,0.0284569272001597,0.0427591836734694,3.42584588277212e-05,0.00409350129353995,0.00481569375913689,0.000323849348423395,0.0012837636066248,0.49986758185935,0.50013241814065,0,0,1,0.819241292850855,static_fit_scored_candidate
3,6,61,80,20,20,244860,244860,0.0186017578616184,0.0159424097061944,0.00265934815542402,14.2790532168684,0.0283992908915843,0.0419014947316834,3.42584588277212e-05,0.00425956466788633,0.00587297810932397,0.00147750527318655,0.000641675863282499,0.49995236215942,0.50004763784058,0,0,1,0.126922352060097,static_fit_scored_candidate
3,6,62,81,20,20,244759,244759,0.0182314947618153,0.0159424097061944,0.00228908505562099,14.2729665659431,0.028968439402618,0.0418042163752247,0.000370263099803026,0.00416669498493088,0.00552748576515083,0.00539435117875017,0.0012837636066248,0.49988166041275,0.500118339587251,0,0,1,0.354403997705398,static_fit_scored_candidate
3,6,63,82,20,20,244881,244881,0.0172961969060868,0.0137657786809336,0.0035304182251531,14.2804362161835,0.0291405879818706,0.0423057447607847,0.000559207790692687,0.00535569196001762,0.00500865959624877,0.00572031041019739,0.000642087875573895,0.499906761847537,0.500093238152463,0,0,1,1.33985603807094,static_fit_scored_candidate
3,6,64,83,20,20,244946,244946,0.0167369891153941,0.0137657786809336,0.00297121043446042,14.2837802461864,0.0290745498526665,0.0425396410666754,0.000559207790692687,0.00537249910827085,0.00591980036067603,0.00436611593996087,0.000642087875573895,0.500029264030668,0.499970735969332,0,0,1,1.12924549698468,static_fit_scored_candidate
3,6,65,84,20,20,244824,244824,0.0154066279904696,0.0119670093205321,0.00343961866993756,14.276897364458,0.0296666650329485,0.042071038787047,0.00133036112492445,0.00628631340505686,0.00650776554346037,0.00751520697625206,0.000642087875573895,0.499920212971415,0.500079787028585,0,0,1,3.94881777465056,static_fit_scored_candidate
3,6,66,85,20,20,244731,244731,0.0139247331322492,0.0105053085843128,0.00341942454793642,14.2717413077134,0.0303021973261452,0.0439828056813167,0.000579310553463538,0.00596906788285827,0.00659067035761291,0.00469706946785802,0,0.500252719166751,0.499747280833249,0,0,1,2.06103743192087,static_fit_scored_candidate
3,6,67,86,20,20,244746,244746,0.0133454225787857,0.0105053085843128,0.00284011399447288,14.2723977089618,0.0303932675150131,0.044028960400085,0.000579310553463538,0.00676624878471286,0.00678469664905705,0.00451366688185314,0.000641675863282499,0.500345252100069,0.499654747899931,0,0,1,1.9376996112903,static_fit_scored_candidate
3,6,68,87,20,20,244622,244622,0.0126340095783532,0.010384733497823,0.00224927608053028,14.2653688727726,0.0306710353537138,0.0435280266858526,5.49960686983247e-05,0.00481396963646431,0.00762635697873024,0.00873141609482728,0.0012837636066248,0.500233090007566,0.499766909992434,0,0,1,1.34590206998635,static_fit_scored_candidate
3,6,69,88,20,20,244748,244748,0.0125790135096549,0.0100062482936053,0.00257276521604958,14.2725989045317,0.0308248880611726,0.0440126170591792,5.49960686983247e-05,0.00424222584485921,0.00924626737831431,0.0115913658892836,0,0.500215496886433,0.499784503113567,0,0,1,1.53034579641396,static_fit_scored_candidate
3,6,70,89,20,20,244789,244789,0.0132390080214054,0.010384733497823,0.00285427452358246,14.2745267670056,0.0312075629811768,0.0441681100689565,6.62264519638474e-05,0.00495621935738948,0.00861777911445243,0.00998886175167869,0.000641675863282499,0.500336105020831,0.499663894979169,0,0,1,1.84740311785741,static_fit_scored_candidate
3,6,71,90,20,20,244649,244649,0.0125127870576911,0.0100062482936053,0.00250653876408573,14.2670790537887,0.0314337346239381,0.0436538430096627,0.000726220963714356,0.00602372404543191,0.0103951229165598,0.0136774451432226,0.000642087875573895,0.500161966547709,0.499838033452291,0,0,1,2.86680870022625,static_fit_scored_candidate
3,6,72,91,20,20,244409,244409,0.0114125828908043,0.00824899182967756,0.00316359106112677,14.2527353347442,0.0312644772210637,0.0507994697478029,0.000182072866458478,0.00602372404543191,0.00861457488340117,0.00910991302570722,0.000642087875573895,0.500355800354611,0.499644199645389,0,0,1,2.29320935124751,static_fit_scored_candidate
3,6,73,92,20,20,244396,244396,0.0112305100243458,0.00824899182967756,0.00298151819466829,14.2520355613113,0.0316091476077634,0.0507373279431742,0.000182072866458478,0.00658655412541383,0.00645380539534188,0.00678233047434451,0.000642087875573895,0.50031366016873,0.49968633983127,0,0,1,2.43463941149258,static_fit_scored_candidate
3,6,74,93,20,20,244402,244402,0.0101258178144313,0.00824899182967756,0.00187682598475372,14.2524067967936,0.0318440425186052,0.0491317654375542,0.00110469220991457,0.00558522745400571,0.00632707845142374,0.00742201274287984,0,0.500467876989151,0.499532123010849,0,0,1,4.45753795793084,static_fit_scored_candidate
3,6,75,94,20,20,244379,244379,0.00889050309303779,0.00643035395090745,0.00246014914213034,14.2508649864326,0.0319703006440405,0.0490220148948359,0.000789418930336874,0.00748826727523075,0.00527009214477137,0.00350964785208994,0.000642500417302363,0.500468942338889,0.499531057661111,0,0,1,3.6130076746314,static_fit_scored_candidate
3,6,76,95,20,20,244372,244372,0.00810108416270091,0.00568383631398969,0.00241724784871122,14.2506725903356,0.0321007921999974,0.0490072512399129,0.000789418930336874,0.00772114704130959,0.00576384365384565,0.00493179842914488,0.0012845881603897,0.500445695958422,0.499554304041578,0,0,1,3.67527314033629,static_fit_scored_candidate
3,6,77,96,20,20,244304,244304,0.00711723153610675,0.00245179022413043,0.00466544131197632,14.246786309137,0.0321382455402898,0.0487425502652433,0.000983852626594164,0.00745798169544372,0.00633870377762791,0.00584816527375236,0.0012845881603897,0.500399579359022,0.499600420640978,0,0,1,4.96662912285214,static_fit_scored_candidate
3,6,78,97,20,20,244372,244372,0.00559497705419829,-0.000317501351726479,0.00591247840592477,14.2505473652805,0.0320179942377687,0.0490072512399129,0.00136825432236061,0.0064143593475927,0.00613807951478145,0.00782747283377852,0,0.50041633357952,0.49958366642048,0,0,1,6.45664165101343,static_fit_scored_candidate
3,6,79,98,20,20,244651,244651,0.00422672273183768,-0.000317501351726479,0.00454422408356416,14.2665806514081,0.0315847160108046,0.0385854192894397,0.00102134995539981,0.00600764402356731,0.00597550279352732,0.00711452067900478,0.000642087875573895,0.500256050875287,0.499743949124713,0,0,1,4.4760682630986,static_fit_scored_candidate
3,6,80,99,20,20,244571,244571,0.00320537277643787,-0.000670770500727942,0.00387614327716581,14.261953638273,0.0315571208741206,0.0382709386193023,0.00102134995539981,0.00572210181920775,0.00791648051059302,0.0107192525312418,0.0012845881603897,0.500273894925358,0.499726105074642,0,0,1,4.25418203295729,static_fit_scored_candidate
3,6,81,100,20,20,244598,244598,0.00193162966899174,-0.00215737782313478,0.00408900749212652,14.2637867311896,0.0315778373145706,0.0383810302534751,0.000943443033582071,0.00716142435564779,0.00763238810421124,0.0108640805321673,0.000642500417302363,0.500232171420072,0.499767828579928,0,0,1,4.09691218940035,static_fit_scored_candidate
3,6,82,101,20,20,244677,244677,0.000988186635409666,-0.00215737782313478,0.00314556445854444,14.2686389297684,0.0314457520309522,0.0387117868236063,0.000388868974511426,0.0073131605104011,0.00932653764335758,0.0113274498498803,0.000642087875573895,0.500284493987951,0.499715506012049,0,0,1,2.05327685301418,static_fit_scored_candidate
3,6,83,102,20,20,244522,244522,0.00059931766089824,-0.00376654907725243,0.00436586673815067,14.2592295721798,0.0313911519176317,0.0380821514452569,0.000388868974511426,0.00774727280627062,0.0119579339299527,0.015008455982601,0.000642500417302363,0.500238409821381,0.499761590178619,0,0,1,2.39878558739319,static_fit_scored_candidate
3,6,84,103,20,20,244547,244547,-0.000121654605986264,-0.00451078348463232,0.00438912887864606,14.2610247922907,0.031248941481532,0.0381929110031568,0.000720972266884504,0.0081343251103501,0.0114282673659761,0.0148471382576096,0,0.500281650078892,0.499718349921108,0,0,1,3.32748806405851,static_fit_scored_candidate
3,6,85,104,20,20,244615,244615,-0.00113353729158027,-0.00376654907725243,0.00263301178567216,14.264604616434,0.0309244445829897,0.0384602806030677,0.000783660331003836,0.00888675717539519,0.011807689041873,0.0142267448114026,0.0012845881603897,0.50028124575474,0.49971875424526,0,0,1,2.78664512540453,static_fit_scored_candidate
3,6,86,105,20,20,244530,244530,-0.0019171976225841,-0.00451078348463232,0.00259358586204822,14.2596628948081,0.0302856857948324,0.0381136211211621,0.000783660331003836,0.00956884248455625,0.0123016204982029,0.0151015898988882,0.000642500417302363,0.500256177337111,0.499743822662889,0,0,1,2.40388555420053,static_fit_scored_candidate
3,6,87,106,20,20,244524,244524,-0.00307010534980578,-0.00493283018086086,0.00186272483105508,14.2595427099352,0.0300373520660644,0.0380821514452569,0.000954226845668051,0.00988305788605005,0.0119240237628863,0.0164308001352397,0.000642500417302363,0.500281759552132,0.499718240447868,0,0,1,2.69459747591949,static_fit_scored_candidate
3,6,88,107,20,20,244642,244642,-0.00402433219547383,-0.00532109003066678,0.00129675783519295,14.2665961161677,0.0294914451738858,0.0385539804777554,0.000954226845668051,0.00813338087126916,0.0112652471457977,0.0124781756901235,0.000642087875573895,0.500288873089079,0.499711126910921,0,0,1,2.37794788926931,static_fit_scored_candidate
3,6,89,108,20,20,244505,244505,-0.00544655218140195,-0.00670688282082519,0.00126033063942324,14.2582570319887,0.0289966453481858,0.0380192059155529,0.00124964897421627,0.00809061698335727,0.0104092779841097,0.0136543961896577,0.000642500417302363,0.500251290776613,0.499748709223387,0,0,1,2.98380266890658,static_fit_scored_candidate
3,6,90,109,20,20,244512,244512,-0.00669620115561822,-0.00777505596076637,0.00107885480514815,14.2590928717803,0.0279820329199391,0.0380513021855778,0.000528432434135804,0.00707587172923621,0.00927806207305455,0.0125792533322511,0.000642500417302363,0.50034662758803,0.49965337241197,0,0,1,0.459879441237333,static_fit_scored_candidate
3,6,91,110,20,20,244614,244614,-0.00722463358975403,-0.00777505596076637,0.000550422371012343,14.2646509733553,0.0274835700734545,0.038427576282827,0.000528432434135804,0.007264450744824,0.00811396367076682,0.00801617706413878,0.0012845881603897,0.500335210029564,0.499664789970436,0,0,1,0.460304964855329,static_fit_scored_candidate
3,6,92,111,20,20,244638,244638,-0.00793375769374589,-0.00777505596076637,0.000158701732979518,14.2658532513156,0.0270466874383455,0.0385055591890124,0.000709124103991861,0.00612940738952737,0.0058494264380166,0.00703359437621594,0,0.500383984627494,0.499616015372506,0,0,1,1.00682791463714,static_fit_scored_candidate
3,6,93,112,20,20,244714,244714,-0.00887369270490474,-0.00850548048454011,0.000368212220364636,14.2705878222462,0.0260602412393759,0.0388041648278004,0.000239918091098194,0.00444795137334322,0.00544191320584224,0.00698802683350261,0.000642500417302363,0.500383539148779,0.499616460851221,0,0,1,0.039377605580044,static_fit_scored_candidate
3,6,94,113,20,20,244656,244656,-0.00911361079600293,-0.00850548048454011,0.00060813031146283,14.2668620903241,0.0257919666300372,0.0385357399777647,1.30130317022199e-05,0.00444795137334322,0.00515355309000741,0.00392274620550643,0.000642087875573895,0.500237119900626,0.499762880099374,0,0,1,0.0397815289276899,static_fit_scored_candidate
3,6,95,114,20,20,244683,244683,-0.00910059776430071,-0.00777505596076637,0.00132554180353434,14.2685596595808,0.025469378470473,0.038629415899691,1.30130317022199e-05,0.00294432308680748,0.00557060511942686,0.00360574884564286,0.0012845881603897,0.500329676793487,0.499670323206513,0,0,1,0.0402236884578981,static_fit_scored_candidate
3,6,96,115,20,20,244672,244672,-0.0093147411317976,-0.00882379908906599,0.000490942042731609,14.2681972208543,0.0254255107926695,0.0385822652367251,0.000125320815301798,0.00397296500632792,0.0049884076274183,0.00162323058268056,0,0.500362918353536,0.499637081646464,0,0,1,0.0406563575348563,static_fit_scored_candidate
3,6,97,116,20,20,244809,244809,-0.0094400619470994,-0.0115120265711407,0.00207196462404126,14.2759902015782,0.0254841218752823,0.0391320686894433,0.000125320815301798,0.00336994857771315,0.00483095748603037,0.00161506196112435,0,0.5001970969808,0.4998029030192,0,0,1,0.041057176542569,static_fit_scored_candidate
3,6,98,117,20,20,244745,244745,-0.00970018258264695,-0.00882379908906599,0.000876383493580961,14.272337130264,0.0255961364812842,0.0388971513556801,0.000260120635547553,0.00362632582272389,0.0052770724023271,0.000127186063057779,0.000642087875573895,0.500319516291403,0.499680483708597,0,0,1,0.0415041140596159,static_fit_scored_candidate
3,6,99,118,20,20,244387,244387,-0.0102839887507272,-0.0101973825564267,8.66061943004537e-05,14.2516926395144,0.0256592388602782,0.0520156472494558,5.37994946490181e-05,0.00397296500632792,0.00516959947992343,0.00382145435105556,0.000642500417302363,0.500578654818022,0.499421345181978,0,0,1,0.443914423588488,static_fit_scored_candidate
3,6,100,119,20,20,244463,244463,-0.0103377882453762,-0.0118407501790907,0.00150296193371447,14.2558842907281,0.0258300766723997,0.0522776359709405,5.37994946490181e-05,0.00362632582272389,0.00516781900820545,0.00484112136560761,0.000642087875573895,0.500481331212208,0.499518668787793,0,0,1,0.456825636507196,static_fit_scored_candidate
3,6,101,120,20,20,244478,244478,-0.0104572798102119,-0.0101973825564267,0.000259897253785179,14.2569419093256,0.0259687047476698,0.0526832460732984,0.000119491564835707,0.00405529458039463,0.00596471250494657,0.00233945300299613,0.0012845881603897,0.500475802114175,0.499524197885825,0,0,1,0.476603686515939,static_fit_scored_candidate
3,6,102,121,20,20,244425,244425,-0.0107076891680965,-0.0101973825564267,0.000510306611669786,14.2536899695253,0.026352321468609,0.0524817124061073,4.98848339868033e-05,0.00426604079224136,0.005231534251705,1.84763929945014e-05,0.000642500417302363,0.500481912166552,0.499518087833448,0,0,1,0.467416879932033,static_fit_scored_candidate
3,6,103,122,20,20,244462,244462,-0.0107575740020833,-0.0107772781583636,1.97041562802966e-05,14.256000767614,0.0266325532462132,0.0526212448458669,4.98848339868033e-05,0.00299977250021992,0.00448111370639358,0.00246855846316062,0.000642087875573895,0.500419877400165,0.499580122599835,0,0,1,0.474491372128456,static_fit_scored_candidate
3,6,104,123,20,20,244414,244414,-0.0105830402741629,-0.0104634972983427,0.000119542975820213,14.2529205865531,0.0270624503797781,0.0520915161036921,0.000174533727920392,0.00370590014722942,0.00427942213962486,0.000583677530359384,0.000642087875573895,0.500296968749545,0.499703031250455,0,0,1,0.449625795195723,static_fit_scored_candidate
3,6,105,124,20,20,244329,244329,-0.0102588350721406,-0.0104634972983427,0.000204662226202055,14.2482107973386,0.0273859670817669,0.0520930537137993,0.000324205202022268,0.00430229629714568,0.00450160358785426,0.000153126217446686,0.000642500417302363,0.500477109945106,0.499522890054894,0,0,1,0.450155327313016,static_fit_scored_candidate
3,6,106,125,20,20,244401,244401,-0.00977900333343028,-0.0104323665144984,0.000653363181068102,14.2522499412865,0.0275890271356772,0.0523723015989918,0.00018267975285874,0.00297571035625814,0.00471917708070173,0.00024265373556805,0.000642087875573895,0.500384180427245,0.499615819572755,0,0,1,0.463890674848304,static_fit_scored_candidate
3,6,107,126,20,20,244365,244365,-0.00959632358057154,-0.0101347736903927,0.000538450109821171,14.2504018680576,0.0279330343162273,0.0522163294703071,6.82578563610502e-05,0.00430229629714568,0.00536527470717275,0.00103309418296696,0,0.500375647106936,0.499624352893064,0,0,1,0.456875258043089,static_fit_scored_candidate
3,6,108,127,20,20,244286,244286,-0.00984726118979133,-0.0104323665144984,0.000585105324707052,14.2458030239345,0.0282573164848401,0.0515784647629028,0.000250937609219791,0.00435045119916181,0.00468394424138702,0.00127234945489412,0,0.500372161204061,0.499627838795939,0,0,1,0.426869641509749,static_fit_scored_candidate
3,6,109,128,20,20,244338,244338,-0.0102056435766503,-0.0104949753805324,0.000289331803882067,14.2487853906922,0.0286726590793023,0.0517803061308013,6.49224874840499e-05,0.00375861417290204,0.00468394424138713,0.0040367592050565,0.000642087875573895,0.50037153659397,0.49962846340603,0,0,1,0.593445864403348,static_fit_scored_candidate
3,6,110,129,20,20,244316,244316,-0.0102705660641344,-0.0104323665144984,0.000161800450364007,14.2473999916409,0.0288607619762839,0.0520146040373942,6.49224874840499e-05,0.00569684675373895,0.0052297748656618,0.00342612511249117,0.000642087875573895,0.500275925128272,0.499724074871728,0,0,1,0.714291680011066,static_fit_scored_candidate
3,6,111,130,20,20,244208,244208,-0.0105368161943642,-0.0104949753805324,4.18408138318557e-05,14.2411182939774,0.0291162755401301,0.0512841512153574,0.000266250130229873,0.0036663341433463,0.004683944241387,0.00292890771448183,0.000642500417302363,0.500328291895039,0.499671708104961,0,0,1,0.828287101351629,static_fit_scored_candidate
3,6,112,131,20,20,244228,244228,-0.0110834543740708,-0.0107772781583636,0.00030617621570716,14.2424540580195,0.0293241110893607,0.0513618422130141,6.55243366505156e-05,0.00447836847418755,0.00459468029354928,0.000718870264527648,0.0012845881603897,0.500371732467886,0.499628267532114,0,0,1,0.95314475749152,static_fit_scored_candidate
3,6,113,132,20,20,244067,244067,-0.0110179300374202,-0.0104949753805324,0.000522954656887859,14.2327314233026,0.0290939460988475,0.0514119016011931,6.55243366505156e-05,0.00543650752297906,0.00485755359923161,0.000266166912715454,0.000642087875573895,0.500302063648093,0.499697936351907,0,0,1,0.82226298591133,static_fit_scored_candidate
3,6,114,133,20,20,244230,244230,-0.0118608653426963,-0.0107772781583636,0.00108358718433268,14.242112623452,0.0290405233106316,0.0451865439418258,0.000842935305276031,0.00544810930550128,0.00496807310367676,0.00185479933808613,0,0.500731957202687,0.499268042797313,0,0,1,1.86700183976344,static_fit_scored_candidate
3,6,115,134,20,20,244209,244209,-0.0127344663948799,-0.0120919221730775,0.000642544221802363,14.2409241108435,0.0293027763744967,0.0451411069071135,0.000655660126480584,0.00509431466277509,0.00634885847608057,0.00499556155987194,0,0.500764142557927,0.499235857442073,0,0,1,1.45160597362114,static_fit_scored_candidate
3,6,116,135,20,20,244243,244243,-0.0133901265213605,-0.010845134846338,0.00254499167502251,14.2433967069967,0.0289505752247233,0.045249832135078,0.000655660126480584,0.00573782146842856,0.00662270804366239,0.00585687286460955,0.000642087875573895,0.50067308900157,0.49932691099843,0,0,1,1.31860066580485,static_fit_scored_candidate
3,6,117,136,20,20,244116,244116,-0.014300940246015,-0.010845134846338,0.00345580539967703,14.2354063991209,0.0287647716345532,0.0463713972046076,0.000748382058186276,0.0045459384132055,0.00757307596632895,0.00610522659392907,0,0.500715540107823,0.499284459892176,0,0,1,1.82608837773683,static_fit_scored_candidate
3,6,118,137,20,20,244174,244174,-0.0150493223042013,-0.012717524299132,0.00233179800506932,14.2388793913031,0.0288330076705002,0.0469333595439355,0.0111991884446933,0.00529094671013038,0.00902974429102909,0.00639456587101312,0.000642087875573895,0.500734289888842,0.499265710111158,0,0,1,33.1304047393387,static_fit_scored_candidate
